PLAYER_NAME,GAME_DATE,ACTION_TYPE,SHOT_TYPE,SHOT_ZONE_BASIC,SHOT_ZONE_AREA,SHOT_DISTANCE,LOC_X,LOC_Y,SHOT_MADE_FLAG
Gary Payton II,20211019,Floating Jump shot,2PT Field Goal,In The Paint (Non-RA),Center(C),6,-29,55,0
Gary Payton II,20211024,Alley Oop Dunk Shot,2PT Field Goal,Restricted Area,Center(C),1,-10,8,1
Gary Payton II,20211024,Cutting Layup Shot,2PT Field Goal,Restricted Area,Center(C),2,-28,10,0
Gary Payton II,20211024,Jump Shot,2PT Field Goal,Restricted Area,Center(C),2,-28,6,0
Gary Payton II,20211024,Running Layup Shot,2PT Field Goal,Restricted Area,Center(C),1,-18,8,1
Gary Payton II,20211024,Step Back Jump shot,3PT Field Goal,Right Corner 3,Right Side(R),23,230,26,1
Gary Payton II,20211024,Jump Shot,3PT Field Goal,Above the Break 3,Left Side Center(LC),24,-158,189,1
Gary Payton II,20211026,Jump Shot,3PT Field Goal,Above the Break 3,Left Side Center(LC),26,-168,204,1
Gary Payton II,20211030,Jump Shot,3PT Field Goal,Right Corner 3,Right Side(R),22,229,20,1
Gary Payton II,20211103,Jump Shot,3PT Field Goal,Above the Break 3,Right Side Center(RC),25,143,212,0
Gary Payton II,20211103,Dunk Shot,2PT Field Goal,Restricted Area,Center(C),1,-13,15,1
Gary Payton II,20211103,Layup Shot,2PT Field Goal,Restricted Area,Center(C),3,-1,32,1
Gary Payton II,20211103,Cutting Layup Shot,2PT Field Goal,In The Paint (Non-RA),Center(C),5,-32,40,1
Gary Payton II,20211103,Jump Shot,3PT Field Goal,Above the Break 3,Center(C),25,-17,250,0
Gary Payton II,20211103,Putback Layup Shot,2PT Field Goal,Restricted Area,Center(C),0,0,0,1
Gary Payton II,20211103,Tip Layup Shot,2PT Field Goal,Restricted Area,Center(C),0,0,0,0
Gary Payton II,20211103,Running Alley Oop Dunk Shot,2PT Field Goal,Restricted Area,Center(C),2,-16,14,1
Gary Payton II,20211103,Layup Shot,2PT Field Goal,Restricted Area,Center(C),1,10,16,1
Gary Payton II,20211105,Jump Shot,3PT Field Goal,Right Corner 3,Right Side(R),22,227,19,0
Gary Payton II,20211105,Jump Shot,3PT Field Goal,Above the Break 3,Right Side Center(RC),26,174,197,0
Gary Payton II,20211105,Jump Shot,3PT Field Goal,Left Corner 3,Left Side(L),24,-234,55,1
Gary Payton II,20211105,Running Layup Shot,2PT Field Goal,Restricted Area,Center(C),3,6,32,1
Gary Payton II,20211105,Running Dunk Shot,2PT Field Goal,In The Paint (Non-RA),Center(C),4,5,42,1
Gary Payton II,20211105,Putback Layup Shot,2PT Field Goal,Restricted Area,Center(C),1,15,8,0
Gary Payton II,20211105,Alley Oop Dunk Shot,2PT Field Goal,In The Paint (Non-RA),Center(C),5,36,37,1
Gary Payton II,20211105,Cutting Layup Shot,2PT Field Goal,Restricted Area,Center(C),2,-25,10,1
Gary Payton II,20211105,Tip Layup Shot,2PT Field Goal,Restricted Area,Center(C),0,0,0,1
Gary Payton II,20211105,Dunk Shot,2PT Field Goal,Restricted Area,Center(C),2,-2,21,1
Gary Payton II,20211107,Cutting Layup Shot,2PT Field Goal,Restricted Area,Center(C),1,-1,17,0
Gary Payton II,20211107,Dunk Shot,2PT Field Goal,Restricted Area,Center(C),2,11,21,1
Gary Payton II,20211107,Floating Jump shot,2PT Field Goal,In The Paint (Non-RA),Center(C),7,38,65,1
Gary Payton II,20211107,Reverse Dunk Shot,2PT Field Goal,Restricted Area,Center(C),1,-10,1,1
Gary Payton II,20211107,Cutting Layup Shot,2PT Field Goal,Restricted Area,Center(C),1,-10,11,1
Gary Payton II,20211107,Alley Oop Dunk Shot,2PT Field Goal,Restricted Area,Center(C),1,13,14,1
Gary Payton II,20211108,Running Finger Roll Layup Shot,2PT Field Goal,In The Paint (Non-RA),Center(C),4,34,27,1
Gary Payton II,20211108,Driving Floating Jump Shot,2PT Field Goal,In The Paint (Non-RA),Right Side(R),9,49,83,0
Gary Payton II,20211110,Running Alley Oop Dunk Shot,2PT Field Goal,In The Paint (Non-RA),Center(C),5,16,49,1
Gary Payton II,20211110,Alley Oop Dunk Shot,2PT Field Goal,In The Paint (Non-RA),Center(C),4,1,42,1
Gary Payton II,20211110,Jump Shot,3PT Field Goal,Right Corner 3,Right Side(R),24,239,31,0
Gary Payton II,20211112,Jump Shot,3PT Field Goal,Right Corner 3,Right Side(R),23,230,6,0
Gary Payton II,20211112,Running Dunk Shot,2PT Field Goal,Restricted Area,Center(C),2,-4,27,1
Gary Payton II,20211112,Step Back Jump shot,2PT Field Goal,Mid-Range,Center(C),17,-11,170,1
Gary Payton II,20211112,Cutting Layup Shot,2PT Field Goal,In The Paint (Non-RA),Center(C),4,-1,49,1
Gary Payton II,20211112,Jump Shot,3PT Field Goal,Left Corner 3,Left Side(L),23,-230,39,0
Gary Payton II,20211112,Jump Shot,3PT Field Goal,Above the Break 3,Left Side Center(LC),26,-152,217,0
Gary Payton II,20211114,Jump Shot,3PT Field Goal,Right Corner 3,Right Side(R),23,230,5,0
Gary Payton II,20211114,Cutting Layup Shot,2PT Field Goal,Restricted Area,Center(C),1,-10,13,1
Gary Payton II,20211114,Layup Shot,2PT Field Goal,Restricted Area,Center(C),2,-10,18,1
Gary Payton II,20211116,Cutting Layup Shot,2PT Field Goal,Restricted Area,Center(C),1,12,3,1
Gary Payton II,20211116,Running Alley Oop Dunk Shot,2PT Field Goal,Restricted Area,Center(C),0,5,-1,1
Gary Payton II,20211118,Jump Shot,3PT Field Goal,Left Corner 3,Left Side(L),24,-239,34,1
Gary Payton II,20211119,Jump Shot,3PT Field Goal,Above the Break 3,Right Side Center(RC),25,186,179,1
Gary Payton II,20211119,Jump Shot,3PT Field Goal,Right Corner 3,Right Side(R),24,233,64,0
Gary Payton II,20211119,Jump Shot,3PT Field Goal,Left Corner 3,Left Side(L),22,-229,-4,1
Gary Payton II,20211119,Putback Layup Shot,2PT Field Goal,Restricted Area,Center(C),1,11,16,1
Gary Payton II,20211119,Jump Shot,3PT Field Goal,Right Corner 3,Right Side(R),23,229,28,1
Gary Payton II,20211124,Cutting Layup Shot,2PT Field Goal,Restricted Area,Center(C),2,-21,21,1
Gary Payton II,20211124,Driving Dunk Shot,2PT Field Goal,Restricted Area,Center(C),3,1,39,1
Gary Payton II,20211124,Jump Shot,3PT Field Goal,Right Corner 3,Right Side(R),23,232,22,0
Gary Payton II,20211124,Jump Shot,3PT Field Goal,Right Corner 3,Right Side(R),23,224,53,0
Gary Payton II,20211124,Dunk Shot,2PT Field Goal,Restricted Area,Center(C),3,15,27,1
Gary Payton II,20211126,Driving Layup Shot,2PT Field Goal,Restricted Area,Center(C),2,-27,13,1
Gary Payton II,20211126,Layup Shot,2PT Field Goal,Restricted Area,Center(C),3,-31,15,1
Gary Payton II,20211126,Layup Shot,2PT Field Goal,Restricted Area,Center(C),2,-21,4,1
Gary Payton II,20211128,Jump Shot,3PT Field Goal,Right Corner 3,Right Side(R),22,228,11,0
Gary Payton II,20211128,Reverse Dunk Shot,2PT Field Goal,Restricted Area,Center(C),1,-6,11,1
Gary Payton II,20211128,Driving Floating Bank Jump Shot,2PT Field Goal,Restricted Area,Center(C),3,-29,15,1
Gary Payton II,20211128,Jump Shot,3PT Field Goal,Left Corner 3,Left Side(L),23,-234,26,0
Gary Payton II,20211128,Running Layup Shot,2PT Field Goal,Restricted Area,Center(C),1,-16,5,0
Gary Payton II,20211128,Putback Layup Shot,2PT Field Goal,Restricted Area,Center(C),0,0,0,0
Gary Payton II,20211130,Cutting Dunk Shot,2PT Field Goal,Restricted Area,Center(C),0,-6,4,1
Gary Payton II,20211130,Putback Layup Shot,2PT Field Goal,Restricted Area,Center(C),3,21,33,1
Gary Payton II,20211130,Running Dunk Shot,2PT Field Goal,In The Paint (Non-RA),Center(C),4,-29,34,1
Gary Payton II,20211130,Jump Shot,3PT Field Goal,Above the Break 3,Center(C),26,-31,264,0
Gary Payton II,20211130,Jump Shot,3PT Field Goal,Above the Break 3,Left Side Center(LC),26,-181,190,0
Gary Payton II,20211130,Cutting Layup Shot,2PT Field Goal,In The Paint (Non-RA),Center(C),5,-40,37,1
Gary Payton II,20211203,Putback Layup Shot,2PT Field Goal,Restricted Area,Center(C),0,0,0,1
Gary Payton II,20211203,Jump Shot,3PT Field Goal,Right Corner 3,Right Side(R),23,239,14,0
Gary Payton II,20211203,Jump Shot,3PT Field Goal,Left Corner 3,Left Side(L),22,-229,7,1
Gary Payton II,20211203,Reverse Layup Shot,2PT Field Goal,In The Paint (Non-RA),Center(C),4,-47,10,1
Gary Payton II,20211203,Jump Shot,3PT Field Goal,Right Corner 3,Right Side(R),22,229,2,1
Gary Payton II,20211203,Jump Shot,3PT Field Goal,Right Corner 3,Right Side(R),23,229,63,0
Gary Payton II,20211203,Running Dunk Shot,2PT Field Goal,Restricted Area,Center(C),2,20,21,1
Gary Payton II,20211203,Turnaround Hook Shot,2PT Field Goal,In The Paint (Non-RA),Center(C),6,0,67,1
Gary Payton II,20211203,Jump Shot,3PT Field Goal,Right Corner 3,Right Side(R),24,234,63,1
Gary Payton II,20211204,Layup Shot,2PT Field Goal,Restricted Area,Center(C),2,-17,21,1
Gary Payton II,20211204,Layup Shot,2PT Field Goal,Restricted Area,Center(C),3,18,28,0
Gary Payton II,20211204,Layup Shot,2PT Field Goal,Restricted Area,Center(C),0,-1,8,1
Gary Payton II,20211206,Jump Shot,3PT Field Goal,Above the Break 3,Left Side Center(LC),26,-194,174,1
Gary Payton II,20211206,Layup Shot,2PT Field Goal,Restricted Area,Center(C),3,-31,19,1
Gary Payton II,20211206,Cutting Layup Shot,2PT Field Goal,Restricted Area,Center(C),2,-4,24,1
Gary Payton II,20211206,Jump Shot,3PT Field Goal,Above the Break 3,Left Side Center(LC),26,-175,193,0
Gary Payton II,20211206,Hook Shot,2PT Field Goal,In The Paint (Non-RA),Center(C),5,-45,38,0
Gary Payton II,20211208,Running Alley Oop Dunk Shot,2PT Field Goal,Restricted Area,Center(C),3,-28,21,0
Gary Payton II,20211208,Jump Shot,3PT Field Goal,Above the Break 3,Left Side Center(LC),26,-179,191,0
Gary Payton II,20211208,Alley Oop Dunk Shot,2PT Field Goal,Restricted Area,Center(C),2,-23,11,1
Gary Payton II,20211211,Jump Shot,3PT Field Goal,Above the Break 3,Left Side Center(LC),25,-172,185,0
Gary Payton II,20211211,Cutting Layup Shot,2PT Field Goal,Restricted Area,Center(C),2,-25,1,1
Gary Payton II,20211211,Running Layup Shot,2PT Field Goal,Restricted Area,Center(C),2,-23,3,0
Gary Payton II,20211211,Tip Dunk Shot,2PT Field Goal,Restricted Area,Center(C),0,0,0,1
Gary Payton II,20211213,Jump Shot,3PT Field Goal,Right Corner 3,Right Side(R),22,229,4,1
Gary Payton II,20211214,Jump Shot,3PT Field Goal,Right Corner 3,Right Side(R),22,229,6,1
Gary Payton II,20211214,Layup Shot,2PT Field Goal,Restricted Area,Center(C),1,0,14,1
Gary Payton II,20211217,Jump Shot,3PT Field Goal,Above the Break 3,Center(C),27,28,271,1
Gary Payton II,20211217,Alley Oop Dunk Shot,2PT Field Goal,Restricted Area,Center(C),2,9,19,1
Gary Payton II,20211217,Jump Shot,3PT Field Goal,Above the Break 3,Left Side Center(LC),26,-172,201,0
Gary Payton II,20211218,Jump Shot,3PT Field Goal,Left Corner 3,Left Side(L),23,-233,11,0
Gary Payton II,20211218,Cutting Dunk Shot,2PT Field Goal,Restricted Area,Center(C),1,0,14,1
Gary Payton II,20211218,Jump Shot,3PT Field Goal,Right Corner 3,Right Side(R),25,238,80,0
Gary Payton II,20211218,Jump Shot,3PT Field Goal,Left Corner 3,Left Side(L),23,-230,6,0
Gary Payton II,20211218,Layup Shot,2PT Field Goal,Restricted Area,Center(C),1,-11,5,1
Gary Payton II,20211218,Running Dunk Shot,2PT Field Goal,Restricted Area,Center(C),0,-4,1,1
Gary Payton II,20211218,Driving Bank Hook Shot,2PT Field Goal,In The Paint (Non-RA),Center(C),5,37,43,1
Gary Payton II,20211218,Jump Shot,3PT Field Goal,Above the Break 3,Center(C),26,29,260,1
Gary Payton II,20211218,Jump Shot,3PT Field Goal,Above the Break 3,Right Side Center(RC),25,186,179,0
Gary Payton II,20211218,Driving Dunk Shot,2PT Field Goal,Restricted Area,Center(C),2,6,20,0
Gary Payton II,20211218,Cutting Dunk Shot,2PT Field Goal,Restricted Area,Center(C),1,-1,10,1
Gary Payton II,20211220,Running Layup Shot,2PT Field Goal,Restricted Area,Center(C),3,17,32,1
Gary Payton II,20211220,Dunk Shot,2PT Field Goal,Restricted Area,Center(C),3,25,28,1
Gary Payton II,20211220,Running Layup Shot,2PT Field Goal,Restricted Area,Center(C),2,-29,6,1
Gary Payton II,20211220,Alley Oop Layup shot,2PT Field Goal,In The Paint (Non-RA),Center(C),4,-27,32,0
Gary Payton II,20211220,Tip Layup Shot,2PT Field Goal,Restricted Area,Center(C),0,0,0,1
Gary Payton II,20211220,Jump Shot,3PT Field Goal,Above the Break 3,Right Side Center(RC),27,159,219,0
Gary Payton II,20211220,Putback Layup Shot,2PT Field Goal,Restricted Area,Center(C),0,0,0,0
Gary Payton II,20211220,Cutting Dunk Shot,2PT Field Goal,Restricted Area,Center(C),1,-16,6,1
Gary Payton II,20211220,Cutting Layup Shot,2PT Field Goal,Restricted Area,Center(C),2,-21,15,0
Gary Payton II,20211223,Running Layup Shot,2PT Field Goal,In The Paint (Non-RA),Center(C),4,38,29,0
Gary Payton II,20211223,Cutting Layup Shot,2PT Field Goal,Restricted Area,Center(C),0,5,3,1
Gary Payton II,20211223,Layup Shot,2PT Field Goal,In The Paint (Non-RA),Center(C),4,39,26,0
Gary Payton II,20211223,Layup Shot,2PT Field Goal,Restricted Area,Center(C),2,-25,9,1
Gary Payton II,20211223,Jump Shot,3PT Field Goal,Above the Break 3,Right Side Center(RC),25,201,164,0
Gary Payton II,20211223,Cutting Dunk Shot,2PT Field Goal,Restricted Area,Center(C),1,-5,16,1
Gary Payton II,20211223,Alley Oop Layup shot,2PT Field Goal,In The Paint (Non-RA),Center(C),4,16,38,0
Gary Payton II,20211223,Jump Shot,3PT Field Goal,Left Corner 3,Left Side(L),23,-234,4,1
Gary Payton II,20211223,Jump Shot,3PT Field Goal,Right Corner 3,Right Side(R),25,238,83,0
Gary Payton II,20211223,Alley Oop Layup shot,2PT Field Goal,Restricted Area,Center(C),2,22,16,1
Gary Payton II,20211223,Running Jump Shot,3PT Field Goal,Above the Break 3,Right Side Center(RC),25,208,147,1
Gary Payton II,20211223,Jump Shot,3PT Field Goal,Above the Break 3,Left Side Center(LC),26,-216,154,0
Gary Payton II,20211223,Layup Shot,2PT Field Goal,Restricted Area,Center(C),3,22,26,1
Gary Payton II,20211223,Driving Floating Jump Shot,2PT Field Goal,Mid-Range,Center(C),17,-1,170,0
Gary Payton II,20211223,Jump Shot,3PT Field Goal,Above the Break 3,Left Side Center(LC),26,-202,170,1
Gary Payton II,20211223,Jump Shot,3PT Field Goal,Left Corner 3,Left Side(L),23,-230,4,1
Gary Payton II,20211225,Cutting Layup Shot,2PT Field Goal,Restricted Area,Center(C),1,10,1,1
Gary Payton II,20211225,Tip Dunk Shot,2PT Field Goal,Restricted Area,Center(C),0,0,0,1
Gary Payton II,20211225,Cutting Layup Shot,2PT Field Goal,Restricted Area,Center(C),0,1,1,1
Gary Payton II,20211225,Jump Shot,3PT Field Goal,Above the Break 3,Left Side Center(LC),26,-113,245,0
Gary Payton II,20211225,Jump Shot,3PT Field Goal,Left Corner 3,Left Side(L),24,-243,0,1
Gary Payton II,20211225,Jump Shot,3PT Field Goal,Above the Break 3,Left Side Center(LC),26,-188,184,1
Gary Payton II,20211225,Cutting Layup Shot,2PT Field Goal,Restricted Area,Center(C),2,-22,10,1
Gary Payton II,20211225,Jump Shot,3PT Field Goal,Above the Break 3,Right Side Center(RC),25,165,197,0
Gary Payton II,20211225,Running Layup Shot,2PT Field Goal,Restricted Area,Center(C),3,-39,8,0
Gary Payton II,20211228,Jump Shot,3PT Field Goal,Above the Break 3,Left Side Center(LC),24,-211,131,1
Gary Payton II,20211228,Jump Shot,3PT Field Goal,Above the Break 3,Left Side Center(LC),26,-222,137,0
Gary Payton II,20211228,Tip Layup Shot,2PT Field Goal,Restricted Area,Center(C),0,0,0,0
Gary Payton II,20211228,Driving Layup Shot,2PT Field Goal,In The Paint (Non-RA),Center(C),4,-38,13,1
Gary Payton II,20211228,Running Dunk Shot,2PT Field Goal,Restricted Area,Center(C),1,-9,10,1
Gary Payton II,20211228,Running Dunk Shot,2PT Field Goal,Restricted Area,Center(C),2,-18,10,1
Gary Payton II,20220101,Running Layup Shot,2PT Field Goal,Restricted Area,Center(C),1,9,17,1
Gary Payton II,20220101,Driving Layup Shot,2PT Field Goal,Restricted Area,Center(C),1,-17,1,0
Gary Payton II,20220101,Fadeaway Jump Shot,2PT Field Goal,In The Paint (Non-RA),Center(C),13,-61,121,0
Gary Payton II,20220101,Jump Shot,3PT Field Goal,Left Corner 3,Left Side(L),23,-233,-5,0
Gary Payton II,20220101,Jump Shot,3PT Field Goal,Left Corner 3,Left Side(L),23,-232,8,1
Gary Payton II,20220101,Running Jump Shot,3PT Field Goal,Above the Break 3,Right Side Center(RC),25,191,176,0
Gary Payton II,20220101,Alley Oop Dunk Shot,2PT Field Goal,Restricted Area,Center(C),1,-2,17,1
Gary Payton II,20220101,Jump Shot,3PT Field Goal,Right Corner 3,Right Side(R),23,232,-3,1
Gary Payton II,20220101,Jump Shot,3PT Field Goal,Right Corner 3,Right Side(R),22,225,-8,0
Gary Payton II,20220101,Driving Layup Shot,2PT Field Goal,Restricted Area,Center(C),2,0,23,1
Gary Payton II,20220103,Reverse Layup Shot,2PT Field Goal,Restricted Area,Center(C),3,26,17,1
Gary Payton II,20220103,Jump Shot,3PT Field Goal,Above the Break 3,Right Side Center(RC),26,150,220,0
Gary Payton II,20220103,Layup Shot,2PT Field Goal,In The Paint (Non-RA),Center(C),4,-10,41,0
Gary Payton II,20220103,Driving Reverse Layup Shot,2PT Field Goal,Restricted Area,Center(C),3,-32,21,1
Gary Payton II,20220103,Cutting Dunk Shot,2PT Field Goal,Restricted Area,Center(C),2,-6,29,1
Gary Payton II,20220103,Dunk Shot,2PT Field Goal,In The Paint (Non-RA),Center(C),4,-39,21,0
Gary Payton II,20220103,Finger Roll Layup Shot,2PT Field Goal,Restricted Area,Center(C),1,-9,17,1
Gary Payton II,20220103,Layup Shot,2PT Field Goal,Restricted Area,Center(C),3,-31,21,0
Gary Payton II,20220103,Layup Shot,2PT Field Goal,In The Paint (Non-RA),Center(C),4,36,31,1
Gary Payton II,20220103,Layup Shot,2PT Field Goal,Restricted Area,Center(C),2,-17,11,1
Gary Payton II,20220103,Jump Shot,3PT Field Goal,Above the Break 3,Right Side Center(RC),27,199,183,0
Gary Payton II,20220103,Reverse Layup Shot,2PT Field Goal,Restricted Area,Center(C),3,-29,14,1
Gary Payton II,20220105,Layup Shot,2PT Field Goal,Restricted Area,Center(C),1,-10,11,1
Gary Payton II,20220105,Jump Shot,3PT Field Goal,Left Corner 3,Left Side(L),23,-229,39,1
Gary Payton II,20220105,Cutting Layup Shot,2PT Field Goal,Restricted Area,Center(C),2,-12,18,1
Gary Payton II,20220105,Running Dunk Shot,2PT Field Goal,Restricted Area,Center(C),0,-2,2,1
Gary Payton II,20220105,Running Layup Shot,2PT Field Goal,Restricted Area,Center(C),1,13,7,1
Gary Payton II,20220106,Cutting Dunk Shot,2PT Field Goal,Restricted Area,Center(C),0,1,-4,1
Gary Payton II,20220106,Jump Shot,3PT Field Goal,Above the Break 3,Left Side Center(LC),25,-105,231,0
Gary Payton II,20220106,Hook Shot,2PT Field Goal,In The Paint (Non-RA),Center(C),7,-22,73,1
Gary Payton II,20220109,Alley Oop Layup shot,2PT Field Goal,Restricted Area,Center(C),3,34,11,0
Gary Payton II,20220109,Jump Shot,3PT Field Goal,Above the Break 3,Center(C),27,-26,278,1
Gary Payton II,20220109,Running Dunk Shot,2PT Field Goal,Restricted Area,Center(C),2,9,26,1
Gary Payton II,20220109,Cutting Layup Shot,2PT Field Goal,Restricted Area,Center(C),3,-23,29,1
Gary Payton II,20220109,Running Layup Shot,2PT Field Goal,Restricted Area,Center(C),3,-28,15,1
Gary Payton II,20220111,Running Dunk Shot,2PT Field Goal,Restricted Area,Center(C),2,-6,27,1
Gary Payton II,20220111,Running Alley Oop Layup Shot,2PT Field Goal,Restricted Area,Center(C),0,6,3,1
Gary Payton II,20220111,Cutting Layup Shot,2PT Field Goal,In The Paint (Non-RA),Center(C),5,-45,37,0
Gary Payton II,20220111,Running Alley Oop Dunk Shot,2PT Field Goal,Restricted Area,Center(C),0,-4,4,1
Gary Payton II,20220111,Jump Shot,3PT Field Goal,Left Corner 3,Left Side(L),23,-229,47,0
Gary Payton II,20220111,Jump Shot,3PT Field Goal,Above the Break 3,Left Side Center(LC),25,-115,226,1
Gary Payton II,20220111,Putback Layup Shot,2PT Field Goal,Restricted Area,Center(C),0,0,0,1
Gary Payton II,20220111,Reverse Dunk Shot,2PT Field Goal,Restricted Area,Center(C),0,6,-1,1
Gary Payton II,20220113,Jump Shot,3PT Field Goal,Above the Break 3,Center(C),25,75,243,0
Gary Payton II,20220118,Driving Floating Jump Shot,2PT Field Goal,In The Paint (Non-RA),Center(C),8,26,79,0
Gary Payton II,20220118,Tip Layup Shot,2PT Field Goal,Restricted Area,Center(C),0,0,0,0
Gary Payton II,20220118,Driving Layup Shot,2PT Field Goal,Restricted Area,Center(C),3,-27,18,1
Gary Payton II,20220118,Cutting Dunk Shot,2PT Field Goal,Restricted Area,Center(C),3,23,29,1
Gary Payton II,20220118,Layup Shot,2PT Field Goal,In The Paint (Non-RA),Center(C),7,-64,39,0
Gary Payton II,20220118,Jump Shot,3PT Field Goal,Left Corner 3,Left Side(L),22,-229,-5,0
Gary Payton II,20220118,Jump Shot,3PT Field Goal,Right Corner 3,Right Side(R),23,237,17,0
Gary Payton II,20220120,Running Dunk Shot,2PT Field Goal,Restricted Area,Center(C),2,2,29,1
Gary Payton II,20220120,Jump Shot,3PT Field Goal,Left Corner 3,Left Side(L),23,-234,20,0
Gary Payton II,20220120,Running Reverse Dunk Shot,2PT Field Goal,In The Paint (Non-RA),Center(C),4,-9,47,1
Gary Payton II,20220120,Jump Shot,3PT Field Goal,Right Corner 3,Right Side(R),23,237,3,0
Gary Payton II,20220120,Cutting Dunk Shot,2PT Field Goal,Restricted Area,Center(C),3,27,16,1
Gary Payton II,20220121,Cutting Layup Shot,2PT Field Goal,Restricted Area,Center(C),2,21,8,1
Gary Payton II,20220121,Cutting Layup Shot,2PT Field Goal,Restricted Area,Center(C),3,26,15,1
Gary Payton II,20220121,Driving Layup Shot,2PT Field Goal,Restricted Area,Center(C),3,-26,15,1
Gary Payton II,20220121,Cutting Layup Shot,2PT Field Goal,In The Paint (Non-RA),Center(C),5,17,50,0
Gary Payton II,20220121,Putback Layup Shot,2PT Field Goal,Restricted Area,Center(C),0,0,0,1
Gary Payton II,20220123,Cutting Dunk Shot,2PT Field Goal,Restricted Area,Center(C),3,-6,34,0
Gary Payton II,20220123,Putback Layup Shot,2PT Field Goal,Restricted Area,Center(C),0,0,0,1
Gary Payton II,20220123,Jump Shot,3PT Field Goal,Above the Break 3,Left Side Center(LC),26,-216,155,0
Gary Payton II,20220123,Jump Shot,3PT Field Goal,Left Corner 3,Left Side(L),23,-230,-8,0
Gary Payton II,20220123,Jump Shot,3PT Field Goal,Left Corner 3,Left Side(L),23,-234,20,0
Gary Payton II,20220123,Layup Shot,2PT Field Goal,Restricted Area,Center(C),3,-1,37,1
Gary Payton II,20220123,Running Finger Roll Layup Shot,2PT Field Goal,Restricted Area,Center(C),2,0,23,1
Gary Payton II,20220125,Cutting Dunk Shot,2PT Field Goal,Restricted Area,Center(C),3,34,15,1
Gary Payton II,20220125,Reverse Dunk Shot,2PT Field Goal,Restricted Area,Center(C),1,-2,15,1
Gary Payton II,20220125,Jump Shot,3PT Field Goal,Right Corner 3,Right Side(R),23,233,9,1
Gary Payton II,20220125,Jump Shot,3PT Field Goal,Left Corner 3,Left Side(L),23,-229,68,0
Gary Payton II,20220127,Reverse Layup Shot,2PT Field Goal,Restricted Area,Center(C),2,-20,5,1
Gary Payton II,20220127,Reverse Layup Shot,2PT Field Goal,Restricted Area,Center(C),0,0,8,1
Gary Payton II,20220129,Cutting Layup Shot,2PT Field Goal,Restricted Area,Center(C),2,-25,4,1
Gary Payton II,20220129,Jump Shot,3PT Field Goal,Above the Break 3,Right Side Center(RC),26,135,230,0
Gary Payton II,20220129,Jump Shot,3PT Field Goal,Right Corner 3,Right Side(R),23,229,22,0
Gary Payton II,20220129,Cutting Dunk Shot,2PT Field Goal,Restricted Area,Center(C),1,10,3,1
Gary Payton II,20220131,Cutting Dunk Shot,2PT Field Goal,Restricted Area,Center(C),2,-20,10,1
Gary Payton II,20220131,Jump Shot,3PT Field Goal,Left Corner 3,Left Side(L),23,-232,22,1
Gary Payton II,20220131,Jump Shot,3PT Field Goal,Right Corner 3,Right Side(R),23,234,6,0
Gary Payton II,20220201,Cutting Layup Shot,2PT Field Goal,Restricted Area,Center(C),1,11,7,0
Gary Payton II,20220203,Cutting Dunk Shot,2PT Field Goal,Restricted Area,Center(C),3,-15,29,0
Gary Payton II,20220203,Jump Shot,3PT Field Goal,Above the Break 3,Right Side Center(RC),26,176,197,0
Gary Payton II,20220203,Putback Layup Shot,2PT Field Goal,Restricted Area,Center(C),0,0,0,0
Gary Payton II,20220203,Jump Shot,3PT Field Goal,Left Corner 3,Left Side(L),22,-224,5,1
Gary Payton II,20220203,Jump Shot,3PT Field Goal,Backcourt,Back Court(BC),48,-7,482,0
Gary Payton II,20220207,Jump Shot,3PT Field Goal,Above the Break 3,Left Side Center(LC),26,-233,118,1
Gary Payton II,20220207,Jump Shot,3PT Field Goal,Above the Break 3,Left Side Center(LC),27,-163,217,0
Gary Payton II,20220207,Putback Layup Shot,2PT Field Goal,In The Paint (Non-RA),Center(C),5,28,52,1
Gary Payton II,20220210,Jump Shot,3PT Field Goal,Above the Break 3,Center(C),27,-25,274,0
Gary Payton II,20220212,Jump Shot,3PT Field Goal,Left Corner 3,Left Side(L),24,-240,49,0
Gary Payton II,20220216,Layup Shot,2PT Field Goal,Restricted Area,Center(C),3,-31,18,1
Gary Payton II,20220216,Driving Layup Shot,2PT Field Goal,In The Paint (Non-RA),Center(C),4,36,18,1
Gary Payton II,20220216,Jump Shot,3PT Field Goal,Right Corner 3,Right Side(R),22,227,21,0
Gary Payton II,20220216,Cutting Dunk Shot,2PT Field Goal,In The Paint (Non-RA),Center(C),4,7,42,1
Gary Payton II,20220216,Jump Shot,3PT Field Goal,Right Corner 3,Right Side(R),22,229,10,0
Gary Payton II,20220216,Layup Shot,2PT Field Goal,Restricted Area,Center(C),3,-31,17,1
Gary Payton II,20220216,Jump Shot,3PT Field Goal,Right Corner 3,Right Side(R),23,230,22,1
Gary Payton II,20220216,Jump Shot,3PT Field Goal,Right Corner 3,Right Side(R),22,229,16,0
Gary Payton II,20220224,Driving Hook Shot,2PT Field Goal,Restricted Area,Center(C),3,-15,26,0
Gary Payton II,20220224,Jump Shot,3PT Field Goal,Right Corner 3,Right Side(R),22,227,11,1
Gary Payton II,20220224,Jump Shot,2PT Field Goal,Restricted Area,Center(C),1,-11,15,0
Gary Payton II,20220224,Cutting Dunk Shot,2PT Field Goal,Restricted Area,Center(C),1,-11,9,1
Gary Payton II,20220224,Cutting Layup Shot,2PT Field Goal,Restricted Area,Center(C),1,-13,13,1
Gary Payton II,20220224,Cutting Layup Shot,2PT Field Goal,Restricted Area,Center(C),3,26,20,0
Gary Payton II,20220224,Jump Shot,3PT Field Goal,Right Corner 3,Right Side(R),23,232,10,1
Gary Payton II,20220227,Cutting Layup Shot,2PT Field Goal,In The Paint (Non-RA),Center(C),5,-22,54,1
Gary Payton II,20220227,Running Layup Shot,2PT Field Goal,Restricted Area,Center(C),1,-1,11,1
Gary Payton II,20220227,Driving Dunk Shot,2PT Field Goal,Restricted Area,Center(C),1,-7,10,0
Gary Payton II,20220227,Jump Shot,3PT Field Goal,Right Corner 3,Right Side(R),23,224,64,1
Gary Payton II,20220227,Jump Shot,3PT Field Goal,Above the Break 3,Right Side Center(RC),25,82,241,0
Gary Payton II,20220227,Running Layup Shot,2PT Field Goal,Restricted Area,Center(C),0,2,6,1
Gary Payton II,20220227,Running Jump Shot,3PT Field Goal,Right Corner 3,Right Side(R),22,223,2,0
Gary Payton II,20220227,Jump Shot,3PT Field Goal,Left Corner 3,Left Side(L),22,-224,31,0
Gary Payton II,20220227,Running Layup Shot,2PT Field Goal,Restricted Area,Center(C),2,13,21,1
Gary Payton II,20220227,Layup Shot,2PT Field Goal,Restricted Area,Center(C),2,18,15,1
Gary Payton II,20220227,Jump Shot,3PT Field Goal,Right Corner 3,Right Side(R),22,224,35,0
Gary Payton II,20220301,Reverse Layup Shot,2PT Field Goal,Restricted Area,Center(C),2,-19,12,1
Gary Payton II,20220301,Cutting Dunk Shot,2PT Field Goal,Restricted Area,Center(C),0,4,4,0
Gary Payton II,20220301,Jump Shot,3PT Field Goal,Above the Break 3,Left Side Center(LC),25,-188,174,1
Gary Payton II,20220301,Floating Jump shot,2PT Field Goal,In The Paint (Non-RA),Center(C),5,-2,52,0
Gary Payton II,20220301,Jump Shot,3PT Field Goal,Above the Break 3,Right Side Center(RC),25,210,136,0
Gary Payton II,20220301,Jump Shot,3PT Field Goal,Left Corner 3,Left Side(L),22,-229,-4,1
Gary Payton II,20220301,Tip Dunk Shot,2PT Field Goal,Restricted Area,Center(C),0,0,0,1
Gary Payton II,20220301,Cutting Layup Shot,2PT Field Goal,Restricted Area,Center(C),0,5,6,1
Gary Payton II,20220301,Jump Shot,3PT Field Goal,Left Corner 3,Left Side(L),23,-229,48,0
Gary Payton II,20220301,Jump Shot,3PT Field Goal,Above the Break 3,Left Side Center(LC),24,-123,216,0
Gary Payton II,20220303,Putback Layup Shot,2PT Field Goal,Restricted Area,Center(C),2,-28,6,1
Gary Payton II,20220303,Layup Shot,2PT Field Goal,Restricted Area,Center(C),1,-12,10,1
Gary Payton II,20220303,Cutting Dunk Shot,2PT Field Goal,Restricted Area,Center(C),1,7,12,1
Gary Payton II,20220303,Jump Shot,3PT Field Goal,Left Corner 3,Left Side(L),23,-229,32,0
Gary Payton II,20220322,Tip Layup Shot,2PT Field Goal,Restricted Area,Center(C),0,0,0,0
Gary Payton II,20220322,Tip Layup Shot,2PT Field Goal,Restricted Area,Center(C),0,0,0,0
Gary Payton II,20220323,Driving Hook Shot,2PT Field Goal,In The Paint (Non-RA),Center(C),5,5,57,1
Gary Payton II,20220323,Running Layup Shot,2PT Field Goal,Restricted Area,Center(C),1,-11,0,1
Gary Payton II,20220323,Jump Shot,3PT Field Goal,Left Corner 3,Left Side(L),24,-240,26,0
Gary Payton II,20220323,Cutting Layup Shot,2PT Field Goal,Restricted Area,Center(C),1,-13,3,1
Gary Payton II,20220323,Reverse Layup Shot,2PT Field Goal,Restricted Area,Center(C),1,-9,11,1
Gary Payton II,20220323,Jump Shot,3PT Field Goal,Right Corner 3,Right Side(R),23,232,5,1
Gary Payton II,20220325,Tip Layup Shot,2PT Field Goal,Restricted Area,Center(C),0,0,0,1
Gary Payton II,20220325,Cutting Layup Shot,2PT Field Goal,Restricted Area,Center(C),1,-10,16,1
Gary Payton II,20220325,Jump Shot,3PT Field Goal,Right Corner 3,Right Side(R),22,227,22,0
Gary Payton II,20220325,Cutting Layup Shot,2PT Field Goal,Restricted Area,Center(C),1,-4,11,1
Gary Payton II,20220325,Cutting Layup Shot,2PT Field Goal,Restricted Area,Center(C),1,0,10,1
Gary Payton II,20220325,Tip Layup Shot,2PT Field Goal,Restricted Area,Center(C),0,0,0,1
Gary Payton II,20220325,Putback Layup Shot,2PT Field Goal,Restricted Area,Center(C),0,-5,5,1
Gary Payton II,20220327,Jump Shot,3PT Field Goal,Right Corner 3,Right Side(R),22,227,-21,1
Gary Payton II,20220327,Floating Jump shot,2PT Field Goal,In The Paint (Non-RA),Center(C),4,21,41,0
Gary Payton II,20220327,Layup Shot,2PT Field Goal,Restricted Area,Center(C),3,-29,13,1
Gary Payton II,20220328,Cutting Finger Roll Layup Shot,2PT Field Goal,Restricted Area,Center(C),0,-5,2,1
Gary Payton II,20220330,Layup Shot,2PT Field Goal,In The Paint (Non-RA),Center(C),4,16,45,0
Gary Payton II,20220330,Putback Layup Shot,2PT Field Goal,Restricted Area,Center(C),0,0,0,1
Gary Payton II,20220330,Reverse Layup Shot,2PT Field Goal,In The Paint (Non-RA),Center(C),4,-42,14,1
Gary Payton II,20220330,Jump Shot,3PT Field Goal,Above the Break 3,Left Side Center(LC),26,-99,244,0
Gary Payton II,20220330,Layup Shot,2PT Field Goal,In The Paint (Non-RA),Center(C),4,43,15,1
Gary Payton II,20220330,Reverse Layup Shot,2PT Field Goal,In The Paint (Non-RA),Center(C),4,-39,17,0
Gary Payton II,20220330,Layup Shot,2PT Field Goal,Restricted Area,Center(C),2,-13,23,1
Gary Payton II,20220330,Layup Shot,2PT Field Goal,In The Paint (Non-RA),Center(C),4,-26,31,1
Gary Payton II,20220402,Jump Shot,3PT Field Goal,Left Corner 3,Left Side(L),23,-229,68,0
Gary Payton II,20220402,Jump Shot,3PT Field Goal,Left Corner 3,Left Side(L),23,-230,1,1
Gary Payton II,20220402,Cutting Dunk Shot,2PT Field Goal,Restricted Area,Center(C),2,-7,20,1
Gary Payton II,20220402,Cutting Layup Shot,2PT Field Goal,In The Paint (Non-RA),Center(C),5,-47,20,0
Gary Payton II,20220402,Running Finger Roll Layup Shot,2PT Field Goal,In The Paint (Non-RA),Center(C),5,48,25,1
Gary Payton II,20220402,Jump Shot,3PT Field Goal,Left Corner 3,Left Side(L),23,-235,23,1
Gary Payton II,20220402,Jump Shot,3PT Field Goal,Left Corner 3,Left Side(L),23,-234,22,0
Gary Payton II,20220402,Jump Shot,3PT Field Goal,Left Corner 3,Left Side(L),23,-233,41,0
Gary Payton II,20220403,Running Layup Shot,2PT Field Goal,Restricted Area,Center(C),2,-21,21,0
Gary Payton II,20220403,Layup Shot,2PT Field Goal,Restricted Area,Center(C),2,-23,11,0
Gary Payton II,20220403,Jump Shot,3PT Field Goal,Left Corner 3,Left Side(L),22,-225,-1,0
Gary Payton II,20220403,Cutting Layup Shot,2PT Field Goal,Restricted Area,Center(C),1,-17,-6,1
Gary Payton II,20220407,Cutting Dunk Shot,2PT Field Goal,In The Paint (Non-RA),Center(C),4,1,48,1
Gary Payton II,20220407,Cutting Layup Shot,2PT Field Goal,Restricted Area,Center(C),3,-21,33,1
Gary Payton II,20220407,Layup Shot,2PT Field Goal,Restricted Area,Center(C),3,-34,18,0
Gary Payton II,20220407,Running Reverse Dunk Shot,2PT Field Goal,In The Paint (Non-RA),Center(C),5,5,51,1
Gary Payton II,20220407,Driving Finger Roll Layup Shot,2PT Field Goal,In The Paint (Non-RA),Center(C),5,37,38,0
Gary Payton II,20220407,Layup Shot,2PT Field Goal,Restricted Area,Center(C),3,29,22,1
Gary Payton II,20220407,Tip Layup Shot,2PT Field Goal,Restricted Area,Center(C),0,0,0,0
Gary Payton II,20220409,Reverse Dunk Shot,2PT Field Goal,Restricted Area,Center(C),1,7,9,1
Gary Payton II,20220409,Jump Shot,3PT Field Goal,Left Corner 3,Left Side(L),23,-230,0,0
Gary Payton II,20220409,Running Layup Shot,2PT Field Goal,Restricted Area,Center(C),2,12,17,1
Gary Payton II,20220409,Cutting Layup Shot,2PT Field Goal,Restricted Area,Center(C),1,-16,8,1
Gary Payton II,20220409,Jump Shot,3PT Field Goal,Right Corner 3,Right Side(R),23,234,22,0
Gary Payton II,20220410,Reverse Layup Shot,2PT Field Goal,Restricted Area,Center(C),1,-15,6,1
Gary Payton II,20220410,Cutting Layup Shot,2PT Field Goal,Restricted Area,Center(C),1,-18,-1,1
Gary Payton II,20220410,Tip Layup Shot,2PT Field Goal,Restricted Area,Center(C),0,0,0,1
Gary Payton II,20220410,Cutting Layup Shot,2PT Field Goal,Restricted Area,Center(C),2,4,25,1
Jonathan Kuminga,20211030,Jump Shot,2PT Field Goal,Mid-Range,Right Side(R),9,99,-2,0
Jonathan Kuminga,20211030,Jump Shot,3PT Field Goal,Above the Break 3,Left Side Center(LC),25,-185,172,0
Jonathan Kuminga,20211030,Jump Shot,3PT Field Goal,Above the Break 3,Right Side Center(RC),25,159,200,1
Jonathan Kuminga,20211030,Jump Shot,3PT Field Goal,Above the Break 3,Left Side Center(LC),25,-178,184,0
Jonathan Kuminga,20211103,Jump Shot,3PT Field Goal,Above the Break 3,Right Side Center(RC),29,181,235,0
Jonathan Kuminga,20211105,Driving Layup Shot,2PT Field Goal,Restricted Area,Center(C),3,-33,7,1
Jonathan Kuminga,20211108,Running Layup Shot,2PT Field Goal,In The Paint (Non-RA),Center(C),4,36,22,0
Jonathan Kuminga,20211112,Jump Shot,3PT Field Goal,Right Corner 3,Right Side(R),23,237,27,0
Jonathan Kuminga,20211112,Running Dunk Shot,2PT Field Goal,In The Paint (Non-RA),Center(C),4,31,26,0
Jonathan Kuminga,20211112,Driving Finger Roll Layup Shot,2PT Field Goal,In The Paint (Non-RA),Center(C),5,-1,57,1
Jonathan Kuminga,20211112,Driving Layup Shot,2PT Field Goal,Restricted Area,Center(C),3,28,25,1
Jonathan Kuminga,20211112,Running Dunk Shot,2PT Field Goal,Restricted Area,Center(C),0,-5,2,1
Jonathan Kuminga,20211112,Driving Dunk Shot,2PT Field Goal,Restricted Area,Center(C),1,0,11,1
Jonathan Kuminga,20211114,Driving Layup Shot,2PT Field Goal,Restricted Area,Center(C),3,18,30,0
Jonathan Kuminga,20211114,Layup Shot,2PT Field Goal,Restricted Area,Center(C),1,10,9,1
Jonathan Kuminga,20211114,Running Dunk Shot,2PT Field Goal,Restricted Area,Center(C),0,-5,0,1
Jonathan Kuminga,20211114,Running Layup Shot,2PT Field Goal,Restricted Area,Center(C),1,6,11,1
Jonathan Kuminga,20211114,Driving Layup Shot,2PT Field Goal,Restricted Area,Center(C),1,1,10,1
Jonathan Kuminga,20211114,Layup Shot,2PT Field Goal,Restricted Area,Center(C),2,-17,13,0
Jonathan Kuminga,20211116,Driving Floating Bank Jump Shot,2PT Field Goal,Restricted Area,Center(C),3,6,31,1
Jonathan Kuminga,20211116,Jump Shot,3PT Field Goal,Above the Break 3,Center(C),26,-20,269,0
Jonathan Kuminga,20211116,Tip Layup Shot,2PT Field Goal,Restricted Area,Center(C),0,0,0,0
Jonathan Kuminga,20211116,Driving Dunk Shot,2PT Field Goal,Restricted Area,Center(C),0,0,4,1
Jonathan Kuminga,20211116,Jump Shot,3PT Field Goal,Right Corner 3,Right Side(R),22,225,27,0
Jonathan Kuminga,20211116,Driving Finger Roll Layup Shot,2PT Field Goal,Restricted Area,Center(C),1,-7,8,1
Jonathan Kuminga,20211118,Jump Shot,3PT Field Goal,Above the Break 3,Left Side Center(LC),24,-212,120,0
Jonathan Kuminga,20211118,Running Layup Shot,2PT Field Goal,Restricted Area,Center(C),0,-9,4,0
Jonathan Kuminga,20211118,Jump Shot,3PT Field Goal,Above the Break 3,Right Side Center(RC),25,222,126,0
Jonathan Kuminga,20211118,Jump Shot,3PT Field Goal,Right Corner 3,Right Side(R),23,227,50,0
Jonathan Kuminga,20211119,Alley Oop Layup shot,2PT Field Goal,Restricted Area,Center(C),3,6,31,0
Jonathan Kuminga,20211119,Driving Layup Shot,2PT Field Goal,Restricted Area,Center(C),1,-17,0,1
Jonathan Kuminga,20211119,Jump Shot,3PT Field Goal,Above the Break 3,Left Side Center(LC),25,-224,121,0
Jonathan Kuminga,20211119,Driving Floating Jump Shot,2PT Field Goal,In The Paint (Non-RA),Center(C),5,0,51,0
Jonathan Kuminga,20211119,Jump Shot,3PT Field Goal,Left Corner 3,Left Side(L),23,-237,8,0
Jonathan Kuminga,20211119,Driving Layup Shot,2PT Field Goal,In The Paint (Non-RA),Center(C),5,40,31,0
Jonathan Kuminga,20211121,Jump Shot,3PT Field Goal,Right Corner 3,Right Side(R),23,230,3,0
Jonathan Kuminga,20211124,Turnaround Jump Shot,2PT Field Goal,In The Paint (Non-RA),Center(C),9,-4,95,0
Jonathan Kuminga,20211128,Pullup Jump shot,2PT Field Goal,In The Paint (Non-RA),Center(C),11,6,116,1
Jonathan Kuminga,20211128,Jump Shot,3PT Field Goal,Left Corner 3,Left Side(L),22,-228,-5,1
Jonathan Kuminga,20211206,Driving Layup Shot,2PT Field Goal,In The Paint (Non-RA),Center(C),5,48,22,0
Jonathan Kuminga,20211206,Jump Shot,3PT Field Goal,Above the Break 3,Center(C),28,-27,284,0
Jonathan Kuminga,20211206,Driving Floating Jump Shot,2PT Field Goal,In The Paint (Non-RA),Center(C),9,5,91,1
Jonathan Kuminga,20211206,Driving Layup Shot,2PT Field Goal,In The Paint (Non-RA),Center(C),6,-26,57,0
Jonathan Kuminga,20211206,Tip Dunk Shot,2PT Field Goal,Restricted Area,Center(C),0,0,0,1
Jonathan Kuminga,20211206,Dunk Shot,2PT Field Goal,In The Paint (Non-RA),Center(C),4,26,39,1
Jonathan Kuminga,20211206,Driving Reverse Layup Shot,2PT Field Goal,Restricted Area,Center(C),3,-31,13,1
Jonathan Kuminga,20211211,Running Layup Shot,2PT Field Goal,Restricted Area,Center(C),1,16,-2,1
Jonathan Kuminga,20211213,Driving Finger Roll Layup Shot,2PT Field Goal,In The Paint (Non-RA),Center(C),5,43,35,1
Jonathan Kuminga,20211213,Jump Shot,3PT Field Goal,Right Corner 3,Right Side(R),23,234,42,0
Jonathan Kuminga,20211213,Jump Shot,2PT Field Goal,Mid-Range,Left Side(L),20,-203,30,0
Jonathan Kuminga,20211214,Driving Finger Roll Layup Shot,2PT Field Goal,Restricted Area,Center(C),0,-5,6,1
Jonathan Kuminga,20211214,Driving Layup Shot,2PT Field Goal,Restricted Area,Center(C),0,6,5,1
Jonathan Kuminga,20211217,Layup Shot,2PT Field Goal,Restricted Area,Center(C),1,-11,16,1
Jonathan Kuminga,20211217,Jump Shot,3PT Field Goal,Right Corner 3,Right Side(R),23,237,34,0
Jonathan Kuminga,20211218,Pullup Jump shot,2PT Field Goal,Mid-Range,Left Side(L),16,-162,14,0
Jonathan Kuminga,20211218,Turnaround Hook Shot,2PT Field Goal,In The Paint (Non-RA),Center(C),6,13,61,1
Jonathan Kuminga,20211218,Driving Dunk Shot,2PT Field Goal,Restricted Area,Center(C),1,4,11,1
Jonathan Kuminga,20211218,Cutting Dunk Shot,2PT Field Goal,Restricted Area,Center(C),1,-6,13,0
Jonathan Kuminga,20211218,Jump Shot,3PT Field Goal,Above the Break 3,Left Side Center(LC),25,-184,178,1
Jonathan Kuminga,20211218,Jump Shot,3PT Field Goal,Above the Break 3,Center(C),24,27,248,1
Jonathan Kuminga,20211218,Driving Floating Jump Shot,2PT Field Goal,In The Paint (Non-RA),Center(C),10,-28,100,0
Jonathan Kuminga,20211218,Running Dunk Shot,2PT Field Goal,Restricted Area,Center(C),0,0,0,1
Jonathan Kuminga,20211218,Dunk Shot,2PT Field Goal,Restricted Area,Center(C),1,-2,11,1
Jonathan Kuminga,20211218,Jump Shot,3PT Field Goal,Left Corner 3,Left Side(L),23,-228,44,0
Jonathan Kuminga,20211218,Driving Dunk Shot,2PT Field Goal,Restricted Area,Center(C),0,9,0,1
Jonathan Kuminga,20211218,Running Reverse Layup Shot,2PT Field Goal,Restricted Area,Center(C),1,13,11,0
Jonathan Kuminga,20211218,Jump Shot,3PT Field Goal,Above the Break 3,Right Side Center(RC),24,143,199,1
Jonathan Kuminga,20211218,Floating Jump shot,3PT Field Goal,Backcourt,Back Court(BC),81,116,803,0
Jonathan Kuminga,20211218,Jump Shot,3PT Field Goal,Above the Break 3,Left Side Center(LC),26,-192,181,1
Jonathan Kuminga,20211220,Driving Layup Shot,2PT Field Goal,In The Paint (Non-RA),Center(C),4,-38,15,0
Jonathan Kuminga,20211220,Jump Shot,3PT Field Goal,Right Corner 3,Right Side(R),22,227,-4,0
Jonathan Kuminga,20211220,Jump Shot,3PT Field Goal,Left Corner 3,Left Side(L),23,-233,-6,0
Jonathan Kuminga,20211220,Layup Shot,2PT Field Goal,Restricted Area,Center(C),3,-33,17,1
Jonathan Kuminga,20211223,Jump Shot,3PT Field Goal,Above the Break 3,Center(C),26,2,261,1
Jonathan Kuminga,20211223,Jump Shot,3PT Field Goal,Right Corner 3,Right Side(R),23,238,30,0
Jonathan Kuminga,20211223,Jump Shot,3PT Field Goal,Above the Break 3,Left Side Center(LC),25,-188,176,1
Jonathan Kuminga,20211223,Driving Floating Bank Jump Shot,2PT Field Goal,Mid-Range,Right Side(R),9,87,29,0
Jonathan Kuminga,20211225,Jump Shot,2PT Field Goal,In The Paint (Non-RA),Center(C),10,11,105,0
Jonathan Kuminga,20211225,Running Dunk Shot,2PT Field Goal,Restricted Area,Center(C),0,6,6,1
Jonathan Kuminga,20211225,Jump Shot,3PT Field Goal,Right Corner 3,Right Side(R),23,229,64,1
Jonathan Kuminga,20211225,Reverse Layup Shot,2PT Field Goal,Restricted Area,Center(C),0,2,-3,1
Jonathan Kuminga,20211228,Jump Shot,3PT Field Goal,Above the Break 3,Right Side Center(RC),25,114,230,0
Jonathan Kuminga,20211228,Jump Shot,3PT Field Goal,Left Corner 3,Left Side(L),22,-228,-6,0
Jonathan Kuminga,20211228,Driving Layup Shot,2PT Field Goal,Restricted Area,Center(C),2,2,24,1
Jonathan Kuminga,20211228,Cutting Layup Shot,2PT Field Goal,In The Paint (Non-RA),Center(C),4,2,41,1
Jonathan Kuminga,20211228,Cutting Dunk Shot,2PT Field Goal,Restricted Area,Center(C),1,-12,9,1
Jonathan Kuminga,20211228,Layup Shot,2PT Field Goal,Restricted Area,Center(C),3,-31,0,0
Jonathan Kuminga,20220307,Jump Shot,3PT Field Goal,Above the Break 3,Left Side Center(LC),25,-157,205,0
Jonathan Kuminga,20220307,Driving Layup Shot,2PT Field Goal,Restricted Area,Center(C),3,33,6,1
Jonathan Kuminga,20220307,Dunk Shot,2PT Field Goal,Restricted Area,Center(C),1,4,11,1
Jonathan Kuminga,20220307,Jump Shot,3PT Field Goal,Above the Break 3,Center(C),25,42,250,1
Jonathan Kuminga,20220307,Jump Shot,3PT Field Goal,Left Corner 3,Left Side(L),23,-237,-8,0
Jonathan Kuminga,20220307,Running Dunk Shot,2PT Field Goal,Restricted Area,Center(C),0,-1,4,1
Jonathan Kuminga,20220307,Jump Shot,3PT Field Goal,Left Corner 3,Left Side(L),23,-232,16,0
Jonathan Kuminga,20220307,Driving Finger Roll Layup Shot,2PT Field Goal,Restricted Area,Center(C),2,26,13,1
Jonathan Kuminga,20220307,Running Dunk Shot,2PT Field Goal,Restricted Area,Center(C),0,-7,7,1
Jonathan Kuminga,20220101,Driving Layup Shot,2PT Field Goal,Restricted Area,Center(C),2,-16,17,0
Jonathan Kuminga,20220101,Dunk Shot,2PT Field Goal,Restricted Area,Center(C),2,-7,27,1
Jonathan Kuminga,20220103,Cutting Layup Shot,2PT Field Goal,Restricted Area,Center(C),2,-7,25,1
Jonathan Kuminga,20220103,Pullup Jump shot,2PT Field Goal,In The Paint (Non-RA),Left Side(L),9,-49,81,0
Jonathan Kuminga,20220105,Turnaround Jump Shot,2PT Field Goal,In The Paint (Non-RA),Center(C),5,0,59,0
Jonathan Kuminga,20220105,Jump Shot,3PT Field Goal,Above the Break 3,Left Side Center(LC),25,-206,143,0
Jonathan Kuminga,20220105,Jump Bank Shot,2PT Field Goal,Mid-Range,Left Side(L),12,-100,70,0
Jonathan Kuminga,20220106,Fadeaway Jump Shot,2PT Field Goal,In The Paint (Non-RA),Center(C),11,55,100,0
Jonathan Kuminga,20220106,Layup Shot,2PT Field Goal,In The Paint (Non-RA),Center(C),6,64,15,0
Jonathan Kuminga,20220106,Layup Shot,2PT Field Goal,In The Paint (Non-RA),Center(C),4,6,41,0
Jonathan Kuminga,20220106,Putback Layup Shot,2PT Field Goal,Restricted Area,Center(C),1,-17,0,0
Jonathan Kuminga,20220106,Tip Layup Shot,2PT Field Goal,Restricted Area,Center(C),0,0,0,0
Jonathan Kuminga,20220106,Putback Layup Shot,2PT Field Goal,Restricted Area,Center(C),0,0,0,1
Jonathan Kuminga,20220106,Running Alley Oop Dunk Shot,2PT Field Goal,Restricted Area,Center(C),0,0,-1,1
Jonathan Kuminga,20220106,Driving Layup Shot,2PT Field Goal,Restricted Area,Center(C),1,18,0,1
Jonathan Kuminga,20220106,Jump Shot,3PT Field Goal,Above the Break 3,Left Side Center(LC),26,-173,196,0
Jonathan Kuminga,20220106,Cutting Layup Shot,2PT Field Goal,Restricted Area,Center(C),1,-16,8,0
Jonathan Kuminga,20220106,Driving Layup Shot,2PT Field Goal,Restricted Area,Center(C),1,12,6,1
Jonathan Kuminga,20220106,Jump Shot,3PT Field Goal,Above the Break 3,Center(C),25,-36,256,0
Jonathan Kuminga,20220106,Layup Shot,2PT Field Goal,Restricted Area,Center(C),2,26,8,1
Jonathan Kuminga,20220106,Layup Shot,2PT Field Goal,Restricted Area,Center(C),1,15,10,1
Jonathan Kuminga,20220113,Turnaround Jump Shot,2PT Field Goal,In The Paint (Non-RA),Center(C),11,-39,110,0
Jonathan Kuminga,20220113,Fadeaway Jump Shot,2PT Field Goal,In The Paint (Non-RA),Center(C),9,2,90,0
Jonathan Kuminga,20220113,Cutting Dunk Shot,2PT Field Goal,Restricted Area,Center(C),2,-11,25,1
Jonathan Kuminga,20220113,Jump Shot,3PT Field Goal,Above the Break 3,Right Side Center(RC),27,138,243,0
Jonathan Kuminga,20220113,Driving Layup Shot,2PT Field Goal,Restricted Area,Center(C),3,26,17,0
Jonathan Kuminga,20220113,Running Layup Shot,2PT Field Goal,Restricted Area,Center(C),2,2,22,0
Jonathan Kuminga,20220113,Jump Shot,3PT Field Goal,Above the Break 3,Right Side Center(RC),27,218,171,1
Jonathan Kuminga,20220113,Driving Dunk Shot,2PT Field Goal,Restricted Area,Center(C),1,6,13,1
Jonathan Kuminga,20220113,Jump Shot,3PT Field Goal,Right Corner 3,Right Side(R),24,240,35,0
Jonathan Kuminga,20220113,Finger Roll Layup Shot,2PT Field Goal,In The Paint (Non-RA),Center(C),8,40,71,0
Jonathan Kuminga,20220113,Driving Floating Jump Shot,2PT Field Goal,In The Paint (Non-RA),Center(C),5,33,48,1
Jonathan Kuminga,20220113,Tip Layup Shot,2PT Field Goal,Restricted Area,Center(C),0,0,0,0
Jonathan Kuminga,20220113,Layup Shot,2PT Field Goal,In The Paint (Non-RA),Center(C),4,29,37,0
Jonathan Kuminga,20220113,Layup Shot,2PT Field Goal,Restricted Area,Center(C),1,16,5,0
Jonathan Kuminga,20220113,Running Layup Shot,2PT Field Goal,Restricted Area,Center(C),1,5,17,0
Jonathan Kuminga,20220113,Tip Layup Shot,2PT Field Goal,Restricted Area,Center(C),0,0,0,1
Jonathan Kuminga,20220114,Driving Dunk Shot,2PT Field Goal,Restricted Area,Center(C),0,1,0,1
Jonathan Kuminga,20220114,Driving Layup Shot,2PT Field Goal,Restricted Area,Center(C),1,13,-4,1
Jonathan Kuminga,20220114,Jump Shot,3PT Field Goal,Above the Break 3,Right Side Center(RC),24,217,116,1
Jonathan Kuminga,20220114,Running Dunk Shot,2PT Field Goal,Restricted Area,Center(C),0,-4,7,1
Jonathan Kuminga,20220114,Layup Shot,2PT Field Goal,Restricted Area,Center(C),0,4,-5,1
Jonathan Kuminga,20220114,Jump Shot,3PT Field Goal,Left Corner 3,Left Side(L),23,-232,-24,0
Jonathan Kuminga,20220114,Driving Floating Bank Jump Shot,2PT Field Goal,In The Paint (Non-RA),Center(C),4,-9,48,1
Jonathan Kuminga,20220114,Driving Floating Jump Shot,2PT Field Goal,In The Paint (Non-RA),Center(C),4,2,47,1
Jonathan Kuminga,20220114,Driving Dunk Shot,2PT Field Goal,Restricted Area,Center(C),0,1,1,1
Jonathan Kuminga,20220114,Dunk Shot,2PT Field Goal,Restricted Area,Center(C),0,1,0,1
Jonathan Kuminga,20220114,Jump Shot,3PT Field Goal,Right Corner 3,Right Side(R),23,232,56,1
Jonathan Kuminga,20220114,Jump Shot,3PT Field Goal,Left Corner 3,Left Side(L),23,-234,13,0
Jonathan Kuminga,20220116,Driving Floating Jump Shot,2PT Field Goal,In The Paint (Non-RA),Right Side(R),8,67,54,0
Jonathan Kuminga,20220116,Driving Layup Shot,2PT Field Goal,Restricted Area,Center(C),1,-5,11,1
Jonathan Kuminga,20220116,Jump Shot,3PT Field Goal,Above the Break 3,Center(C),39,-4,394,0
Jonathan Kuminga,20220116,Jump Shot,3PT Field Goal,Left Corner 3,Left Side(L),22,-229,15,0
Jonathan Kuminga,20220116,Driving Finger Roll Layup Shot,2PT Field Goal,Restricted Area,Center(C),1,-5,13,1
Jonathan Kuminga,20220116,Driving Layup Shot,2PT Field Goal,Restricted Area,Center(C),0,-1,5,1
Jonathan Kuminga,20220116,Cutting Dunk Shot,2PT Field Goal,Restricted Area,Center(C),1,-2,11,1
Jonathan Kuminga,20220116,Driving Finger Roll Layup Shot,2PT Field Goal,Restricted Area,Center(C),0,7,4,1
Jonathan Kuminga,20220116,Layup Shot,2PT Field Goal,Restricted Area,Center(C),2,-10,24,0
Jonathan Kuminga,20220116,Jump Shot,3PT Field Goal,Left Corner 3,Left Side(L),22,-221,3,0
Jonathan Kuminga,20220116,Jump Shot,3PT Field Goal,Above the Break 3,Right Side Center(RC),26,141,222,0
Jonathan Kuminga,20220116,Jump Shot,3PT Field Goal,Mid-Range,Left Side(L),23,-214,103,1
Jonathan Kuminga,20220118,Jump Shot,3PT Field Goal,Above the Break 3,Right Side Center(RC),25,191,170,1
Jonathan Kuminga,20220118,Cutting Layup Shot,2PT Field Goal,In The Paint (Non-RA),Center(C),5,-5,57,0
Jonathan Kuminga,20220118,Layup Shot,2PT Field Goal,In The Paint (Non-RA),Center(C),4,9,48,0
Jonathan Kuminga,20220118,Driving Layup Shot,2PT Field Goal,In The Paint (Non-RA),Center(C),4,-39,22,0
Jonathan Kuminga,20220118,Driving Floating Jump Shot,2PT Field Goal,In The Paint (Non-RA),Center(C),8,20,79,0
Jonathan Kuminga,20220118,Jump Shot,3PT Field Goal,Above the Break 3,Right Side Center(RC),26,152,216,0
Jonathan Kuminga,20220118,Cutting Layup Shot,2PT Field Goal,Restricted Area,Center(C),3,-9,32,1
Jonathan Kuminga,20220118,Driving Layup Shot,2PT Field Goal,Restricted Area,Center(C),3,-29,10,1
Jonathan Kuminga,20220118,Jump Shot,3PT Field Goal,Left Corner 3,Left Side(L),24,-229,79,0
Jonathan Kuminga,20220118,Step Back Jump shot,3PT Field Goal,Above the Break 3,Right Side Center(RC),25,190,174,1
Jonathan Kuminga,20220121,Pullup Jump shot,2PT Field Goal,Mid-Range,Center(C),14,23,143,0
Jonathan Kuminga,20220121,Jump Shot,3PT Field Goal,Above the Break 3,Right Side Center(RC),27,167,216,0
Jonathan Kuminga,20220121,Running Dunk Shot,2PT Field Goal,Restricted Area,Center(C),2,21,17,1
Jonathan Kuminga,20220121,Jump Shot,2PT Field Goal,In The Paint (Non-RA),Center(C),9,-6,96,0
Jonathan Kuminga,20220121,Jump Shot,3PT Field Goal,Left Corner 3,Left Side(L),24,-235,62,1
Jonathan Kuminga,20220121,Jump Shot,3PT Field Goal,Above the Break 3,Left Side Center(LC),26,-196,182,0
Jonathan Kuminga,20220123,Jump Shot,3PT Field Goal,Above the Break 3,Right Side Center(RC),27,188,195,0
Jonathan Kuminga,20220123,Layup Shot,2PT Field Goal,In The Paint (Non-RA),Center(C),8,13,79,0
Jonathan Kuminga,20220125,Jump Shot,3PT Field Goal,Above the Break 3,Right Side Center(RC),25,156,199,1
Jonathan Kuminga,20220125,Cutting Dunk Shot,2PT Field Goal,Restricted Area,Center(C),2,-4,21,1
Jonathan Kuminga,20220125,Dunk Shot,2PT Field Goal,Restricted Area,Center(C),3,6,36,0
Jonathan Kuminga,20220125,Jump Shot,3PT Field Goal,Right Corner 3,Right Side(R),23,238,10,1
Jonathan Kuminga,20220125,Driving Layup Shot,2PT Field Goal,Restricted Area,Center(C),3,-11,34,1
Jonathan Kuminga,20220125,Running Dunk Shot,2PT Field Goal,Restricted Area,Center(C),0,-6,6,1
Jonathan Kuminga,20220125,Cutting Dunk Shot,2PT Field Goal,Restricted Area,Center(C),2,-23,13,1
Jonathan Kuminga,20220125,Jump Shot,3PT Field Goal,Above the Break 3,Left Side Center(LC),25,-181,176,1
Jonathan Kuminga,20220125,Jump Shot,3PT Field Goal,Right Corner 3,Right Side(R),23,233,25,1
Jonathan Kuminga,20220127,Putback Layup Shot,2PT Field Goal,Restricted Area,Center(C),0,0,0,0
Jonathan Kuminga,20220127,Cutting Layup Shot,2PT Field Goal,Restricted Area,Center(C),1,-13,10,1
Jonathan Kuminga,20220127,Cutting Dunk Shot,2PT Field Goal,Restricted Area,Center(C),1,-2,12,1
Jonathan Kuminga,20220127,Layup Shot,2PT Field Goal,Restricted Area,Center(C),2,16,17,0
Jonathan Kuminga,20220127,Pullup Jump shot,3PT Field Goal,Left Corner 3,Left Side(L),23,-225,56,0
Jonathan Kuminga,20220129,Driving Layup Shot,2PT Field Goal,Restricted Area,Center(C),3,-31,4,0
Jonathan Kuminga,20220129,Putback Layup Shot,2PT Field Goal,Restricted Area,Center(C),3,-31,15,0
Jonathan Kuminga,20220129,Jump Shot,3PT Field Goal,Above the Break 3,Right Side Center(RC),25,196,163,0
Jonathan Kuminga,20220129,Driving Layup Shot,2PT Field Goal,Restricted Area,Center(C),2,-21,21,0
Jonathan Kuminga,20220129,Cutting Dunk Shot,2PT Field Goal,Restricted Area,Center(C),2,-20,22,1
Jonathan Kuminga,20220129,Driving Floating Bank Jump Shot,2PT Field Goal,In The Paint (Non-RA),Center(C),6,53,31,0
Jonathan Kuminga,20220129,Jump Shot,3PT Field Goal,Above the Break 3,Right Side Center(RC),28,174,222,0
Jonathan Kuminga,20220131,Turnaround Fadeaway shot,2PT Field Goal,In The Paint (Non-RA),Center(C),10,-17,103,1
Jonathan Kuminga,20220131,Jump Shot,3PT Field Goal,Above the Break 3,Left Side Center(LC),25,-217,138,0
Jonathan Kuminga,20220131,Running Layup Shot,2PT Field Goal,Restricted Area,Center(C),3,11,36,0
Jonathan Kuminga,20220201,Jump Shot,3PT Field Goal,Above the Break 3,Left Side Center(LC),24,-205,142,0
Jonathan Kuminga,20220201,Dunk Shot,2PT Field Goal,Restricted Area,Center(C),0,0,4,1
Jonathan Kuminga,20220201,Jump Shot,3PT Field Goal,Above the Break 3,Right Side Center(RC),26,157,218,1
Jonathan Kuminga,20220201,Jump Shot,3PT Field Goal,Left Corner 3,Left Side(L),22,-229,1,0
Jonathan Kuminga,20220201,Driving Layup Shot,2PT Field Goal,Restricted Area,Center(C),1,7,16,0
Jonathan Kuminga,20220201,Pullup Jump shot,3PT Field Goal,Above the Break 3,Left Side Center(LC),25,-196,163,0
Jonathan Kuminga,20220201,Jump Shot,3PT Field Goal,Above the Break 3,Left Side Center(LC),26,-159,214,0
Jonathan Kuminga,20220201,Running Layup Shot,2PT Field Goal,Restricted Area,Center(C),1,-17,4,1
Jonathan Kuminga,20220201,Driving Layup Shot,2PT Field Goal,Restricted Area,Center(C),3,29,20,0
Jonathan Kuminga,20220201,Driving Layup Shot,2PT Field Goal,Restricted Area,Center(C),2,-17,-11,1
Jonathan Kuminga,20220201,Driving Layup Shot,2PT Field Goal,Restricted Area,Center(C),1,10,2,1
Jonathan Kuminga,20220201,Running Dunk Shot,2PT Field Goal,Restricted Area,Center(C),0,-2,-5,1
Jonathan Kuminga,20220201,Tip Layup Shot,2PT Field Goal,Restricted Area,Center(C),0,0,0,0
Jonathan Kuminga,20220201,Jump Shot,3PT Field Goal,Above the Break 3,Center(C),25,-7,256,1
Jonathan Kuminga,20220201,Driving Layup Shot,2PT Field Goal,Restricted Area,Center(C),2,-26,2,1
Jonathan Kuminga,20220203,Jump Shot,3PT Field Goal,Above the Break 3,Right Side Center(RC),27,158,223,0
Jonathan Kuminga,20220203,Turnaround Hook Shot,2PT Field Goal,In The Paint (Non-RA),Center(C),4,-1,42,1
Jonathan Kuminga,20220203,Driving Layup Shot,2PT Field Goal,In The Paint (Non-RA),Center(C),4,-28,31,1
Jonathan Kuminga,20220203,Jump Shot,3PT Field Goal,Left Corner 3,Left Side(L),23,-230,53,0
Jonathan Kuminga,20220203,Cutting Layup Shot,2PT Field Goal,Restricted Area,Center(C),3,-6,34,1
Jonathan Kuminga,20220203,Alley Oop Dunk Shot,2PT Field Goal,In The Paint (Non-RA),Center(C),4,6,41,1
Jonathan Kuminga,20220203,Driving Dunk Shot,2PT Field Goal,Restricted Area,Center(C),2,-20,17,1
Jonathan Kuminga,20220203,Cutting Dunk Shot,2PT Field Goal,Restricted Area,Center(C),2,5,26,1
Jonathan Kuminga,20220203,Running Dunk Shot,2PT Field Goal,In The Paint (Non-RA),Center(C),4,-20,37,1
Jonathan Kuminga,20220203,Layup Shot,2PT Field Goal,Restricted Area,Center(C),3,-26,26,1
Jonathan Kuminga,20220207,Cutting Layup Shot,2PT Field Goal,In The Paint (Non-RA),Center(C),6,43,46,1
Jonathan Kuminga,20220207,Running Jump Shot,3PT Field Goal,Above the Break 3,Left Side Center(LC),26,-201,176,0
Jonathan Kuminga,20220207,Cutting Dunk Shot,2PT Field Goal,In The Paint (Non-RA),Center(C),4,23,38,1
Jonathan Kuminga,20220207,Alley Oop Dunk Shot,2PT Field Goal,Restricted Area,Center(C),3,-25,20,1
Jonathan Kuminga,20220207,Running Alley Oop Layup Shot,2PT Field Goal,In The Paint (Non-RA),Center(C),6,-32,60,1
Jonathan Kuminga,20220207,Jump Shot,3PT Field Goal,Left Corner 3,Left Side(L),24,-237,49,0
Jonathan Kuminga,20220207,Cutting Layup Shot,2PT Field Goal,Restricted Area,Center(C),3,-33,7,0
Jonathan Kuminga,20220207,Jump Shot,3PT Field Goal,Above the Break 3,Left Side Center(LC),26,-227,130,0
Jonathan Kuminga,20220207,Layup Shot,2PT Field Goal,In The Paint (Non-RA),Center(C),5,-36,40,0
Jonathan Kuminga,20220207,Tip Layup Shot,2PT Field Goal,Restricted Area,Center(C),0,0,0,1
Jonathan Kuminga,20220207,Tip Dunk Shot,2PT Field Goal,Restricted Area,Center(C),0,0,0,1
Jonathan Kuminga,20220209,Jump Shot,3PT Field Goal,Above the Break 3,Right Side Center(RC),25,232,115,0
Jonathan Kuminga,20220209,Turnaround Jump Shot,2PT Field Goal,Restricted Area,Center(C),3,-26,15,0
Jonathan Kuminga,20220209,Jump Shot,3PT Field Goal,Left Corner 3,Left Side(L),22,-229,1,1
Jonathan Kuminga,20220209,Jump Shot,3PT Field Goal,Above the Break 3,Left Side Center(LC),25,-179,177,1
Jonathan Kuminga,20220209,Driving Layup Shot,2PT Field Goal,Restricted Area,Center(C),1,-18,8,0
Jonathan Kuminga,20220209,Jump Shot,3PT Field Goal,Above the Break 3,Left Side Center(LC),25,-153,209,0
Jonathan Kuminga,20220209,Jump Shot,3PT Field Goal,Above the Break 3,Center(C),26,-44,262,0
Jonathan Kuminga,20220209,Cutting Dunk Shot,2PT Field Goal,Restricted Area,Center(C),2,5,22,1
Jonathan Kuminga,20220209,Jump Shot,3PT Field Goal,Right Corner 3,Right Side(R),23,227,65,0
Jonathan Kuminga,20220210,Jump Shot,3PT Field Goal,Above the Break 3,Right Side Center(RC),27,145,232,1
Jonathan Kuminga,20220210,Turnaround Jump Shot,2PT Field Goal,In The Paint (Non-RA),Center(C),7,44,59,0
Jonathan Kuminga,20220210,Running Dunk Shot,2PT Field Goal,In The Paint (Non-RA),Center(C),4,5,43,1
Jonathan Kuminga,20220210,Layup Shot,2PT Field Goal,Restricted Area,Center(C),3,-25,26,1
Jonathan Kuminga,20220210,Step Back Jump shot,3PT Field Goal,Above the Break 3,Right Side Center(RC),25,225,121,0
Jonathan Kuminga,20220210,Alley Oop Layup shot,2PT Field Goal,In The Paint (Non-RA),Center(C),4,32,37,0
Jonathan Kuminga,20220210,Driving Finger Roll Layup Shot,2PT Field Goal,In The Paint (Non-RA),Center(C),4,40,11,1
Jonathan Kuminga,20220210,Jump Shot,3PT Field Goal,Right Corner 3,Right Side(R),24,230,83,1
Jonathan Kuminga,20220212,Cutting Dunk Shot,2PT Field Goal,Restricted Area,Center(C),2,9,28,1
Jonathan Kuminga,20220212,Driving Dunk Shot,2PT Field Goal,Restricted Area,Center(C),3,15,33,1
Jonathan Kuminga,20220212,Layup Shot,2PT Field Goal,Restricted Area,Center(C),3,-29,23,1
Jonathan Kuminga,20220212,Floating Jump shot,2PT Field Goal,In The Paint (Non-RA),Center(C),4,42,21,0
Jonathan Kuminga,20220212,Layup Shot,2PT Field Goal,Restricted Area,Center(C),3,38,11,1
Jonathan Kuminga,20220212,Cutting Dunk Shot,2PT Field Goal,Restricted Area,Center(C),3,-13,28,1
Jonathan Kuminga,20220212,Cutting Layup Shot,2PT Field Goal,Restricted Area,Center(C),3,-29,23,1
Jonathan Kuminga,20220212,Tip Layup Shot,2PT Field Goal,Restricted Area,Center(C),0,0,0,1
Jonathan Kuminga,20220212,Jump Shot,3PT Field Goal,Above the Break 3,Right Side Center(RC),25,172,184,0
Jonathan Kuminga,20220212,Tip Layup Shot,2PT Field Goal,Restricted Area,Center(C),0,0,0,1
Jonathan Kuminga,20220212,Driving Layup Shot,2PT Field Goal,In The Paint (Non-RA),Center(C),5,58,-11,0
Jonathan Kuminga,20220214,Pullup Jump shot,2PT Field Goal,In The Paint (Non-RA),Center(C),8,12,86,1
Jonathan Kuminga,20220214,Driving Layup Shot,2PT Field Goal,Restricted Area,Center(C),2,18,13,0
Jonathan Kuminga,20220214,Running Layup Shot,2PT Field Goal,Restricted Area,Center(C),3,-10,33,0
Jonathan Kuminga,20220214,Jump Shot,3PT Field Goal,Above the Break 3,Left Side Center(LC),26,-157,216,0
Jonathan Kuminga,20220214,Dunk Shot,2PT Field Goal,Restricted Area,Center(C),0,-5,1,1
Jonathan Kuminga,20220214,Jump Shot,3PT Field Goal,Above the Break 3,Right Side Center(RC),25,189,172,0
Jonathan Kuminga,20220214,Running Dunk Shot,2PT Field Goal,Restricted Area,Center(C),1,11,10,1
Jonathan Kuminga,20220214,Cutting Dunk Shot,2PT Field Goal,Restricted Area,Center(C),0,-5,3,1
Jonathan Kuminga,20220216,Driving Layup Shot,2PT Field Goal,Restricted Area,Center(C),2,26,12,0
Jonathan Kuminga,20220216,Driving Layup Shot,2PT Field Goal,In The Paint (Non-RA),Center(C),4,7,49,1
Jonathan Kuminga,20220216,Jump Shot,3PT Field Goal,Above the Break 3,Left Side Center(LC),25,-212,144,1
Jonathan Kuminga,20220216,Driving Layup Shot,2PT Field Goal,In The Paint (Non-RA),Center(C),4,0,41,1
Jonathan Kuminga,20220216,Jump Shot,3PT Field Goal,Above the Break 3,Left Side Center(LC),26,-138,232,1
Jonathan Kuminga,20220216,Reverse Dunk Shot,2PT Field Goal,Restricted Area,Center(C),2,-6,21,1
Jonathan Kuminga,20220224,Driving Layup Shot,2PT Field Goal,Restricted Area,Center(C),3,4,31,0
Jonathan Kuminga,20220224,Driving Layup Shot,2PT Field Goal,Mid-Range,Left Side(L),11,-103,61,0
Jonathan Kuminga,20220224,Dunk Shot,2PT Field Goal,Restricted Area,Center(C),0,-1,9,1
Jonathan Kuminga,20220224,Jump Shot,3PT Field Goal,Above the Break 3,Center(C),25,-62,244,0
Jonathan Kuminga,20220224,Driving Layup Shot,2PT Field Goal,In The Paint (Non-RA),Center(C),4,-9,49,0
Jonathan Kuminga,20220224,Jump Shot,3PT Field Goal,Above the Break 3,Right Side Center(RC),25,168,197,1
Jonathan Kuminga,20220224,Tip Layup Shot,2PT Field Goal,Restricted Area,Center(C),0,0,0,1
Jonathan Kuminga,20220227,Driving Dunk Shot,2PT Field Goal,Restricted Area,Center(C),1,-10,0,1
Jonathan Kuminga,20220227,Layup Shot,2PT Field Goal,In The Paint (Non-RA),Center(C),10,-27,101,0
Jonathan Kuminga,20220227,Jump Shot,3PT Field Goal,Left Corner 3,Left Side(L),22,-228,20,0
Jonathan Kuminga,20220227,Running Dunk Shot,2PT Field Goal,Restricted Area,Center(C),1,-4,13,1
Jonathan Kuminga,20220227,Dunk Shot,2PT Field Goal,Restricted Area,Center(C),1,10,-4,0
Jonathan Kuminga,20220227,Jump Shot,3PT Field Goal,Above the Break 3,Left Side Center(LC),24,-121,214,1
Jonathan Kuminga,20220227,Jump Shot,3PT Field Goal,Left Corner 3,Left Side(L),22,-222,19,0
Jonathan Kuminga,20220301,Layup Shot,2PT Field Goal,In The Paint (Non-RA),Center(C),4,-22,38,0
Jonathan Kuminga,20220301,Jump Shot,3PT Field Goal,Above the Break 3,Right Side Center(RC),25,140,209,0
Jonathan Kuminga,20220301,Step Back Jump shot,2PT Field Goal,Mid-Range,Right Side Center(RC),17,61,167,0
Jonathan Kuminga,20220301,Turnaround Jump Shot,2PT Field Goal,In The Paint (Non-RA),Center(C),8,15,79,1
Jonathan Kuminga,20220301,Turnaround Hook Shot,2PT Field Goal,In The Paint (Non-RA),Center(C),9,-4,90,0
Jonathan Kuminga,20220301,Jump Shot,3PT Field Goal,Left Corner 3,Left Side(L),22,-223,14,0
Jonathan Kuminga,20220301,Step Back Jump shot,3PT Field Goal,Above the Break 3,Left Side Center(LC),24,-185,167,0
Jonathan Kuminga,20220301,Turnaround Fadeaway Bank Jump Shot,2PT Field Goal,Mid-Range,Right Side(R),11,99,56,1
Jonathan Kuminga,20220301,Jump Shot,3PT Field Goal,Above the Break 3,Left Side Center(LC),24,-194,150,1
Jonathan Kuminga,20220301,Jump Shot,3PT Field Goal,Above the Break 3,Right Side Center(RC),25,148,205,0
Jonathan Kuminga,20220301,Running Layup Shot,2PT Field Goal,Restricted Area,Center(C),1,18,6,1
Jonathan Kuminga,20220301,Running Finger Roll Layup Shot,2PT Field Goal,Restricted Area,Center(C),2,16,23,1
Jonathan Kuminga,20220303,Jump Shot,3PT Field Goal,Right Corner 3,Right Side(R),24,229,80,1
Jonathan Kuminga,20220303,Cutting Layup Shot,2PT Field Goal,Restricted Area,Center(C),1,18,5,1
Jonathan Kuminga,20220303,Putback Layup Shot,2PT Field Goal,Restricted Area,Center(C),1,-7,13,0
Jonathan Kuminga,20220303,Jump Shot,3PT Field Goal,Right Corner 3,Right Side(R),23,223,76,1
Jonathan Kuminga,20220303,Jump Shot,3PT Field Goal,Left Corner 3,Left Side(L),23,-233,39,0
Jonathan Kuminga,20220303,Jump Shot,3PT Field Goal,Left Corner 3,Left Side(L),23,-232,38,0
Jonathan Kuminga,20220305,Jump Shot,3PT Field Goal,Above the Break 3,Center(C),26,-21,264,1
Jonathan Kuminga,20220305,Jump Shot,3PT Field Goal,Left Corner 3,Left Side(L),22,-228,26,0
Jonathan Kuminga,20220305,Tip Layup Shot,2PT Field Goal,Restricted Area,Center(C),0,0,0,1
Jonathan Kuminga,20220305,Running Dunk Shot,2PT Field Goal,Restricted Area,Center(C),0,-2,2,1
Jonathan Kuminga,20220305,Jump Shot,3PT Field Goal,Above the Break 3,Right Side Center(RC),24,225,105,0
Jonathan Kuminga,20220305,Running Layup Shot,2PT Field Goal,Restricted Area,Center(C),1,-15,11,0
Jonathan Kuminga,20220305,Cutting Dunk Shot,2PT Field Goal,Restricted Area,Center(C),1,2,-10,1
Jonathan Kuminga,20220305,Jump Shot,3PT Field Goal,Above the Break 3,Center(C),27,65,272,1
Jonathan Kuminga,20220305,Jump Shot,3PT Field Goal,Above the Break 3,Center(C),27,55,271,1
Jonathan Kuminga,20220305,Tip Dunk Shot,2PT Field Goal,Restricted Area,Center(C),0,0,0,1
Jonathan Kuminga,20220308,Driving Dunk Shot,2PT Field Goal,Restricted Area,Center(C),1,6,8,1
Jonathan Kuminga,20220308,Driving Finger Roll Layup Shot,2PT Field Goal,Restricted Area,Center(C),2,12,19,0
Jonathan Kuminga,20220308,Layup Shot,2PT Field Goal,Restricted Area,Center(C),1,15,8,0
Jonathan Kuminga,20220308,Driving Reverse Dunk Shot,2PT Field Goal,Restricted Area,Center(C),0,-4,3,1
Jonathan Kuminga,20220308,Jump Shot,3PT Field Goal,Left Corner 3,Left Side(L),22,-221,5,0
Jonathan Kuminga,20220308,Running Dunk Shot,2PT Field Goal,Restricted Area,Center(C),1,10,-5,1
Jonathan Kuminga,20220308,Jump Shot,2PT Field Goal,In The Paint (Non-RA),Center(C),7,-32,64,0
Jonathan Kuminga,20220308,Cutting Dunk Shot,2PT Field Goal,Restricted Area,Center(C),0,-1,6,1
Jonathan Kuminga,20220308,Cutting Dunk Shot,2PT Field Goal,Restricted Area,Center(C),1,5,15,1
Jonathan Kuminga,20220308,Layup Shot,2PT Field Goal,Restricted Area,Center(C),3,-20,34,0
Jonathan Kuminga,20220308,Jump Shot,3PT Field Goal,Above the Break 3,Left Side Center(LC),24,-206,136,1
Jonathan Kuminga,20220308,Jump Shot,3PT Field Goal,Above the Break 3,Center(C),26,-4,264,1
Jonathan Kuminga,20220310,Jump Shot,3PT Field Goal,Right Corner 3,Right Side(R),24,239,64,0
Jonathan Kuminga,20220310,Cutting Layup Shot,2PT Field Goal,Restricted Area,Center(C),2,-22,10,1
Jonathan Kuminga,20220310,Tip Layup Shot,2PT Field Goal,Restricted Area,Center(C),0,0,0,1
Jonathan Kuminga,20220310,Cutting Dunk Shot,2PT Field Goal,Restricted Area,Center(C),0,1,6,1
Jonathan Kuminga,20220310,Driving Layup Shot,2PT Field Goal,In The Paint (Non-RA),Center(C),6,5,69,0
Jonathan Kuminga,20220310,Jump Shot,3PT Field Goal,Above the Break 3,Left Side Center(LC),25,-92,236,0
Jonathan Kuminga,20220310,Jump Shot,3PT Field Goal,Right Corner 3,Right Side(R),24,233,65,1
Jonathan Kuminga,20220310,Driving Reverse Layup Shot,2PT Field Goal,In The Paint (Non-RA),Center(C),5,-39,42,0
Jonathan Kuminga,20220310,Jump Bank Shot,2PT Field Goal,In The Paint (Non-RA),Center(C),5,45,22,1
Jonathan Kuminga,20220310,Tip Layup Shot,2PT Field Goal,Restricted Area,Center(C),0,0,0,1
Jonathan Kuminga,20220310,Jump Shot,3PT Field Goal,Left Corner 3,Left Side(L),23,-233,10,1
Jonathan Kuminga,20220310,Jump Shot,3PT Field Goal,Left Corner 3,Left Side(L),23,-235,22,0
Jonathan Kuminga,20220312,Jump Shot,3PT Field Goal,Above the Break 3,Right Side Center(RC),25,130,220,0
Jonathan Kuminga,20220312,Tip Layup Shot,2PT Field Goal,Restricted Area,Center(C),0,0,0,1
Jonathan Kuminga,20220312,Jump Shot,3PT Field Goal,Above the Break 3,Right Side Center(RC),25,189,176,0
Jonathan Kuminga,20220312,Driving Layup Shot,2PT Field Goal,Restricted Area,Center(C),3,-32,21,0
Jonathan Kuminga,20220312,Tip Layup Shot,2PT Field Goal,Restricted Area,Center(C),0,0,0,0
Jonathan Kuminga,20220312,Putback Layup Shot,2PT Field Goal,Restricted Area,Center(C),0,0,0,0
Jonathan Kuminga,20220312,Layup Shot,2PT Field Goal,Restricted Area,Center(C),3,18,24,1
Jonathan Kuminga,20220312,Turnaround Fadeaway Bank Jump Shot,2PT Field Goal,Mid-Range,Right Side(R),9,93,31,0
Jonathan Kuminga,20220312,Driving Layup Shot,2PT Field Goal,In The Paint (Non-RA),Center(C),4,9,42,0
Jonathan Kuminga,20220312,Putback Layup Shot,2PT Field Goal,Restricted Area,Center(C),0,0,0,1
Jonathan Kuminga,20220312,Turnaround Fadeaway shot,2PT Field Goal,In The Paint (Non-RA),Center(C),11,-26,109,0
Jonathan Kuminga,20220312,Jump Shot,2PT Field Goal,Mid-Range,Left Side(L),16,-162,37,1
Jonathan Kuminga,20220312,Jump Shot,3PT Field Goal,Right Corner 3,Right Side(R),23,233,-3,0
Jonathan Kuminga,20220312,Driving Layup Shot,2PT Field Goal,Restricted Area,Center(C),3,-28,27,1
Jonathan Kuminga,20220312,Cutting Dunk Shot,2PT Field Goal,Restricted Area,Center(C),2,18,18,1
Jonathan Kuminga,20220312,Driving Hook Shot,2PT Field Goal,In The Paint (Non-RA),Center(C),5,31,41,0
Jonathan Kuminga,20220314,Running Layup Shot,2PT Field Goal,In The Paint (Non-RA),Center(C),4,7,41,1
Jonathan Kuminga,20220314,Jump Shot,3PT Field Goal,Above the Break 3,Right Side Center(RC),27,104,252,0
Jonathan Kuminga,20220314,Running Dunk Shot,2PT Field Goal,Restricted Area,Center(C),2,7,25,1
Jonathan Kuminga,20220314,Jump Shot,3PT Field Goal,Right Corner 3,Right Side(R),23,230,44,1
Jonathan Kuminga,20220314,Turnaround Jump Shot,2PT Field Goal,In The Paint (Non-RA),Center(C),6,29,61,1
Jonathan Kuminga,20220314,Jump Shot,3PT Field Goal,Above the Break 3,Left Side Center(LC),25,-178,189,1
Jonathan Kuminga,20220314,Jump Shot,3PT Field Goal,Left Corner 3,Left Side(L),22,-228,-13,0
Jonathan Kuminga,20220314,Jump Shot,3PT Field Goal,Above the Break 3,Right Side Center(RC),27,180,211,0
Jonathan Kuminga,20220316,Driving Dunk Shot,2PT Field Goal,Restricted Area,Center(C),2,1,26,1
Jonathan Kuminga,20220316,Jump Shot,3PT Field Goal,Above the Break 3,Right Side Center(RC),26,119,239,0
Jonathan Kuminga,20220316,Turnaround Jump Shot,2PT Field Goal,In The Paint (Non-RA),Center(C),9,12,99,0
Jonathan Kuminga,20220316,Driving Layup Shot,2PT Field Goal,In The Paint (Non-RA),Center(C),5,-2,58,0
Jonathan Kuminga,20220316,Pullup Jump shot,3PT Field Goal,Above the Break 3,Right Side Center(RC),24,184,167,0
Jonathan Kuminga,20220316,Jump Shot,3PT Field Goal,Left Corner 3,Left Side(L),23,-234,-6,0
Jonathan Kuminga,20220320,Layup Shot,2PT Field Goal,In The Paint (Non-RA),Center(C),4,37,17,1
Jonathan Kuminga,20220320,Cutting Dunk Shot,2PT Field Goal,Restricted Area,Center(C),2,-2,27,1
Jonathan Kuminga,20220320,Jump Shot,3PT Field Goal,Backcourt,Back Court(BC),54,175,517,0
Jonathan Kuminga,20220320,Driving Layup Shot,2PT Field Goal,Restricted Area,Center(C),3,-26,16,1
Jonathan Kuminga,20220320,Jump Shot,3PT Field Goal,Right Corner 3,Right Side(R),24,238,58,0
Jonathan Kuminga,20220320,Reverse Layup Shot,2PT Field Goal,Restricted Area,Center(C),3,-32,10,1
Jonathan Kuminga,20220320,Jump Shot,2PT Field Goal,Mid-Range,Left Side(L),19,-194,8,0
Jonathan Kuminga,20220322,Driving Finger Roll Layup Shot,2PT Field Goal,In The Paint (Non-RA),Center(C),6,-22,58,1
Jonathan Kuminga,20220322,Step Back Jump shot,2PT Field Goal,Mid-Range,Center(C),19,47,189,1
Jonathan Kuminga,20220322,Layup Shot,2PT Field Goal,Restricted Area,Center(C),3,-22,26,1
Jonathan Kuminga,20220322,Driving Dunk Shot,2PT Field Goal,Restricted Area,Center(C),1,0,13,1
Jonathan Kuminga,20220322,Cutting Layup Shot,2PT Field Goal,Restricted Area,Center(C),3,-23,21,1
Jonathan Kuminga,20220322,Driving Layup Shot,2PT Field Goal,In The Paint (Non-RA),Center(C),4,-22,36,0
Jonathan Kuminga,20220322,Cutting Dunk Shot,2PT Field Goal,Restricted Area,Center(C),0,6,-1,1
Jonathan Kuminga,20220322,Turnaround Jump Shot,2PT Field Goal,Restricted Area,Center(C),3,13,34,0
Jonathan Kuminga,20220323,Driving Layup Shot,2PT Field Goal,Restricted Area,Center(C),1,-9,11,1
Jonathan Kuminga,20220323,Driving Floating Jump Shot,2PT Field Goal,In The Paint (Non-RA),Center(C),6,-18,59,0
Jonathan Kuminga,20220323,Pullup Jump shot,3PT Field Goal,Above the Break 3,Center(C),25,-14,258,0
Jonathan Kuminga,20220323,Jump Shot,3PT Field Goal,Above the Break 3,Center(C),26,12,263,0
Jonathan Kuminga,20220323,Driving Layup Shot,2PT Field Goal,Restricted Area,Center(C),1,0,18,1
Jonathan Kuminga,20220323,Driving Layup Shot,2PT Field Goal,Restricted Area,Center(C),1,10,-6,1
Jonathan Kuminga,20220323,Cutting Dunk Shot,2PT Field Goal,Restricted Area,Center(C),1,-11,6,1
Jonathan Kuminga,20220323,Driving Layup Shot,2PT Field Goal,Restricted Area,Center(C),1,13,-3,0
Jonathan Kuminga,20220323,Turnaround Fadeaway shot,2PT Field Goal,Mid-Range,Left Side(L),12,-127,-11,1
Jonathan Kuminga,20220323,Jump Shot,3PT Field Goal,Right Corner 3,Right Side(R),24,243,10,0
Jonathan Kuminga,20220323,Pullup Jump shot,2PT Field Goal,In The Paint (Non-RA),Center(C),11,4,116,1
Jonathan Kuminga,20220323,Pullup Jump shot,2PT Field Goal,In The Paint (Non-RA),Center(C),13,-53,125,0
Jonathan Kuminga,20220323,Alley Oop Layup shot,2PT Field Goal,Restricted Area,Center(C),1,9,8,0
Jonathan Kuminga,20220323,Layup Shot,2PT Field Goal,Restricted Area,Center(C),2,-17,11,1
Jonathan Kuminga,20220323,Cutting Layup Shot,2PT Field Goal,Restricted Area,Center(C),0,7,1,1
Jonathan Kuminga,20220323,Pullup Jump shot,2PT Field Goal,Mid-Range,Right Side(R),12,127,13,0
Jonathan Kuminga,20220323,Driving Layup Shot,2PT Field Goal,Restricted Area,Center(C),1,-10,15,1
Jonathan Kuminga,20220325,Jump Shot,3PT Field Goal,Above the Break 3,Right Side Center(RC),25,152,206,0
Jonathan Kuminga,20220325,Driving Floating Bank Jump Shot,2PT Field Goal,In The Paint (Non-RA),Center(C),6,-51,43,1
Jonathan Kuminga,20220325,Cutting Dunk Shot,2PT Field Goal,Restricted Area,Center(C),1,-10,6,0
Jonathan Kuminga,20220325,Pullup Jump shot,2PT Field Goal,In The Paint (Non-RA),Center(C),10,15,103,0
Jonathan Kuminga,20220325,Driving Layup Shot,2PT Field Goal,In The Paint (Non-RA),Center(C),7,-6,76,1
Jonathan Kuminga,20220325,Jump Shot,3PT Field Goal,Above the Break 3,Left Side Center(LC),25,-125,223,0
Jonathan Kuminga,20220327,Driving Layup Shot,2PT Field Goal,In The Paint (Non-RA),Center(C),6,-60,17,0
Jonathan Kuminga,20220327,Driving Layup Shot,2PT Field Goal,In The Paint (Non-RA),Left Side(L),8,-77,36,0
Jonathan Kuminga,20220327,Jump Shot,3PT Field Goal,Above the Break 3,Left Side Center(LC),26,-174,205,0
Jonathan Kuminga,20220327,Driving Layup Shot,2PT Field Goal,In The Paint (Non-RA),Center(C),5,-39,32,0
Jonathan Kuminga,20220327,Jump Shot,3PT Field Goal,Left Corner 3,Left Side(L),23,-239,-7,0
Jonathan Kuminga,20220328,Fadeaway Jump Shot,2PT Field Goal,In The Paint (Non-RA),Center(C),6,-56,31,0
Jonathan Kuminga,20220328,Jump Shot,3PT Field Goal,Above the Break 3,Left Side Center(LC),25,-104,238,0
Jonathan Kuminga,20220328,Driving Dunk Shot,2PT Field Goal,Restricted Area,Center(C),0,-1,7,1
Jonathan Kuminga,20220328,Driving Floating Jump Shot,2PT Field Goal,Restricted Area,Center(C),2,-4,29,0
Jonathan Kuminga,20220328,Pullup Jump shot,2PT Field Goal,In The Paint (Non-RA),Center(C),8,1,85,0
Jonathan Kuminga,20220328,Driving Dunk Shot,2PT Field Goal,Restricted Area,Center(C),0,4,1,1
Jonathan Kuminga,20220328,Driving Finger Roll Layup Shot,2PT Field Goal,Restricted Area,Center(C),1,-10,8,1
Jonathan Kuminga,20220328,Pullup Jump shot,2PT Field Goal,In The Paint (Non-RA),Center(C),7,69,16,0
Jonathan Kuminga,20220328,Cutting Dunk Shot,2PT Field Goal,Restricted Area,Center(C),0,-4,5,1
Jonathan Kuminga,20220328,Step Back Jump shot,3PT Field Goal,Above the Break 3,Right Side Center(RC),26,88,248,0
Jonathan Kuminga,20220328,Driving Floating Jump Shot,2PT Field Goal,In The Paint (Non-RA),Center(C),7,-23,75,0
Jonathan Kuminga,20220403,Jump Shot,3PT Field Goal,Above the Break 3,Left Side Center(LC),25,-196,168,1
Jonathan Kuminga,20220403,Jump Shot,3PT Field Goal,Above the Break 3,Center(C),26,-54,256,1
Jonathan Kuminga,20220403,Fadeaway Jump Shot,2PT Field Goal,In The Paint (Non-RA),Center(C),7,-32,63,0
Jonathan Kuminga,20220403,Dunk Shot,2PT Field Goal,Restricted Area,Center(C),1,0,15,1
Jonathan Kuminga,20220403,Driving Reverse Dunk Shot,2PT Field Goal,Restricted Area,Center(C),1,0,16,1
Jonathan Kuminga,20220403,Running Pull-Up Jump Shot,3PT Field Goal,Above the Break 3,Left Side Center(LC),25,-179,188,0
Jonathan Kuminga,20220403,Pullup Jump shot,2PT Field Goal,Mid-Range,Right Side(R),16,157,52,0
Jonathan Kuminga,20220403,Layup Shot,2PT Field Goal,Restricted Area,Center(C),2,21,19,0
Jonathan Kuminga,20220403,Tip Layup Shot,2PT Field Goal,Restricted Area,Center(C),0,0,0,0
Jonathan Kuminga,20220403,Pullup Jump shot,2PT Field Goal,In The Paint (Non-RA),Center(C),5,-7,57,1
Jonathan Kuminga,20220403,Cutting Dunk Shot,2PT Field Goal,Restricted Area,Center(C),1,-11,5,1
Jonathan Kuminga,20220407,Cutting Layup Shot,2PT Field Goal,Restricted Area,Center(C),3,-32,21,1
Jonathan Kuminga,20220407,Turnaround Jump Shot,2PT Field Goal,In The Paint (Non-RA),Center(C),7,7,79,0
Jonathan Kuminga,20220407,Driving Layup Shot,2PT Field Goal,In The Paint (Non-RA),Center(C),5,-7,57,0
Jonathan Kuminga,20220407,Pullup Jump shot,2PT Field Goal,Mid-Range,Center(C),15,9,153,1
Jonathan Kuminga,20220409,Layup Shot,2PT Field Goal,Restricted Area,Center(C),1,16,11,1
Jonathan Kuminga,20220409,Jump Shot,3PT Field Goal,Left Corner 3,Left Side(L),23,-232,16,1
Jonathan Kuminga,20220409,Tip Layup Shot,2PT Field Goal,Restricted Area,Center(C),0,0,0,1
Jonathan Kuminga,20220409,Pullup Jump shot,2PT Field Goal,Mid-Range,Right Side(R),14,142,46,1
Jonathan Kuminga,20220409,Jump Shot,3PT Field Goal,Left Corner 3,Left Side(L),23,-239,21,1
Jonathan Kuminga,20220409,Layup Shot,2PT Field Goal,In The Paint (Non-RA),Center(C),7,-61,39,0
Jonathan Kuminga,20220409,Layup Shot,2PT Field Goal,Restricted Area,Center(C),3,-31,7,1
Jonathan Kuminga,20220409,Cutting Layup Shot,2PT Field Goal,Restricted Area,Center(C),3,7,36,0
Jonathan Kuminga,20220410,Layup Shot,2PT Field Goal,In The Paint (Non-RA),Center(C),4,-40,-2,0
Jonathan Kuminga,20220410,Turnaround Jump Shot,2PT Field Goal,In The Paint (Non-RA),Center(C),7,-2,78,0
Jonathan Kuminga,20220410,Jump Shot,3PT Field Goal,Above the Break 3,Right Side Center(RC),25,190,168,1
Jonathan Kuminga,20220410,Driving Dunk Shot,2PT Field Goal,Restricted Area,Center(C),0,5,-5,1
Jonathan Kuminga,20220410,Running Reverse Layup Shot,2PT Field Goal,Restricted Area,Center(C),1,11,3,1
Jonathan Kuminga,20220410,Jump Shot,2PT Field Goal,Mid-Range,Left Side(L),15,-136,81,1
Jonathan Kuminga,20220410,Driving Layup Shot,2PT Field Goal,Restricted Area,Center(C),2,-17,16,1
Jonathan Kuminga,20220410,Jump Shot,3PT Field Goal,Above the Break 3,Left Side Center(LC),25,-120,228,0
Jonathan Kuminga,20220410,Jump Shot,3PT Field Goal,Left Corner 3,Left Side(L),23,-238,17,1
Jonathan Kuminga,20220410,Jump Shot,3PT Field Goal,Above the Break 3,Right Side Center(RC),26,184,193,1
Damion Lee,20211019,Jump Shot,3PT Field Goal,Above the Break 3,Left Side Center(LC),25,-179,180,0
Damion Lee,20211019,Jump Shot,2PT Field Goal,Mid-Range,Right Side(R),16,135,95,1
Damion Lee,20211019,Jump Shot,2PT Field Goal,Mid-Range,Left Side Center(LC),18,-85,160,0
Damion Lee,20211019,Cutting Layup Shot,2PT Field Goal,Restricted Area,Center(C),1,-17,8,1
Damion Lee,20211019,Layup Shot,2PT Field Goal,Restricted Area,Center(C),2,-20,14,0
Damion Lee,20211019,Pullup Jump shot,3PT Field Goal,Above the Break 3,Center(C),26,-45,258,0
Damion Lee,20211019,Jump Shot,3PT Field Goal,Right Corner 3,Right Side(R),24,234,55,1
Damion Lee,20211019,Cutting Layup Shot,2PT Field Goal,Restricted Area,Center(C),1,-6,17,1
Damion Lee,20211019,Jump Shot,3PT Field Goal,Left Corner 3,Left Side(L),23,-230,37,0
Damion Lee,20211019,Jump Shot,3PT Field Goal,Right Corner 3,Right Side(R),23,230,30,0
Damion Lee,20211021,Jump Shot,3PT Field Goal,Above the Break 3,Right Side Center(RC),24,218,104,0
Damion Lee,20211021,Driving Floating Jump Shot,2PT Field Goal,In The Paint (Non-RA),Center(C),5,-1,51,0
Damion Lee,20211021,Layup Shot,2PT Field Goal,Restricted Area,Center(C),2,27,2,0
Damion Lee,20211021,Pullup Jump shot,2PT Field Goal,Mid-Range,Right Side(R),11,110,5,0
Damion Lee,20211021,Driving Layup Shot,2PT Field Goal,Restricted Area,Center(C),2,-23,12,1
Damion Lee,20211021,Driving Layup Shot,2PT Field Goal,In The Paint (Non-RA),Center(C),4,-21,41,0
Damion Lee,20211021,Jump Shot,3PT Field Goal,Right Corner 3,Right Side(R),23,234,25,1
Damion Lee,20211021,Jump Shot,3PT Field Goal,Left Corner 3,Left Side(L),23,-228,46,1
Damion Lee,20211024,Layup Shot,2PT Field Goal,Restricted Area,Center(C),2,20,21,0
Damion Lee,20211024,Jump Shot,3PT Field Goal,Right Corner 3,Right Side(R),23,234,25,0
Damion Lee,20211024,Fadeaway Jump Shot,2PT Field Goal,Mid-Range,Left Side Center(LC),22,-157,162,1
Damion Lee,20211024,Jump Shot,3PT Field Goal,Left Corner 3,Left Side(L),23,-230,42,1
Damion Lee,20211024,Pullup Jump shot,2PT Field Goal,Mid-Range,Right Side(R),14,134,59,1
Damion Lee,20211024,Jump Shot,2PT Field Goal,Mid-Range,Left Side(L),15,-109,115,0
Damion Lee,20211024,Driving Layup Shot,2PT Field Goal,Restricted Area,Center(C),3,33,8,0
Damion Lee,20211024,Cutting Layup Shot,2PT Field Goal,Restricted Area,Center(C),1,5,9,1
Damion Lee,20211026,Jump Shot,2PT Field Goal,Mid-Range,Right Side(R),20,197,67,0
Damion Lee,20211026,Cutting Layup Shot,2PT Field Goal,Restricted Area,Center(C),1,-4,10,1
Damion Lee,20211026,Jump Shot,2PT Field Goal,Mid-Range,Center(C),14,-27,144,0
Damion Lee,20211026,Running Layup Shot,2PT Field Goal,Restricted Area,Center(C),1,10,12,1
Damion Lee,20211026,Jump Shot,3PT Field Goal,Above the Break 3,Left Side Center(LC),26,-99,249,1
Damion Lee,20211026,Jump Shot,3PT Field Goal,Above the Break 3,Left Side Center(LC),25,-210,142,0
Damion Lee,20211026,Floating Jump shot,2PT Field Goal,Restricted Area,Center(C),2,7,20,1
Damion Lee,20211026,Jump Shot,3PT Field Goal,Above the Break 3,Right Side Center(RC),26,136,226,1
Damion Lee,20211026,Jump Shot,3PT Field Goal,Above the Break 3,Center(C),26,65,255,0
Damion Lee,20211026,Jump Shot,3PT Field Goal,Above the Break 3,Left Side Center(LC),25,-154,204,0
Damion Lee,20211026,Jump Shot,3PT Field Goal,Right Corner 3,Right Side(R),22,229,6,1
Damion Lee,20211026,Jump Shot,3PT Field Goal,Above the Break 3,Center(C),25,29,258,1
Damion Lee,20211026,Pullup Jump shot,2PT Field Goal,Mid-Range,Left Side Center(LC),19,-96,168,0
Damion Lee,20211026,Layup Shot,2PT Field Goal,Restricted Area,Center(C),1,-9,-5,1
Damion Lee,20211028,Fadeaway Jump Shot,2PT Field Goal,Mid-Range,Left Side(L),8,-85,-11,0
Damion Lee,20211028,Jump Shot,3PT Field Goal,Right Corner 3,Right Side(R),23,238,6,0
Damion Lee,20211028,Jump Shot,3PT Field Goal,Above the Break 3,Right Side Center(RC),26,114,240,1
Damion Lee,20211028,Jump Shot,3PT Field Goal,Above the Break 3,Right Side Center(RC),27,163,219,0
Damion Lee,20211028,Jump Shot,3PT Field Goal,Above the Break 3,Center(C),27,-23,272,0
Damion Lee,20211028,Driving Floating Jump Shot,2PT Field Goal,Mid-Range,Left Side(L),13,-86,107,0
Damion Lee,20211028,Jump Shot,3PT Field Goal,Above the Break 3,Left Side Center(LC),26,-178,197,1
Damion Lee,20211028,Cutting Layup Shot,2PT Field Goal,Restricted Area,Center(C),2,-26,5,1
Damion Lee,20211028,Jump Shot,3PT Field Goal,Left Corner 3,Left Side(L),22,-229,4,1
Damion Lee,20211028,Jump Shot,3PT Field Goal,Above the Break 3,Left Side Center(LC),25,-212,141,1
Damion Lee,20211028,Jump Shot,3PT Field Goal,Above the Break 3,Left Side Center(LC),25,-229,105,0
Damion Lee,20211028,Jump Shot,3PT Field Goal,Above the Break 3,Left Side Center(LC),27,-206,176,0
Damion Lee,20211103,Driving Floating Jump Shot,2PT Field Goal,In The Paint (Non-RA),Center(C),9,1,94,0
Damion Lee,20211103,Step Back Jump shot,3PT Field Goal,Left Corner 3,Left Side(L),22,-224,-5,1
Damion Lee,20211103,Jump Shot,3PT Field Goal,Above the Break 3,Center(C),26,-29,264,1
Damion Lee,20211103,Cutting Layup Shot,2PT Field Goal,Restricted Area,Center(C),0,-4,1,1
Damion Lee,20211103,Driving Floating Jump Shot,2PT Field Goal,Mid-Range,Right Side(R),12,94,85,0
Damion Lee,20211103,Jump Shot,3PT Field Goal,Above the Break 3,Right Side Center(RC),29,127,262,0
Damion Lee,20211103,Jump Shot,3PT Field Goal,Above the Break 3,Right Side Center(RC),28,138,245,1
Damion Lee,20211103,Driving Layup Shot,2PT Field Goal,Restricted Area,Center(C),1,-13,10,1
Damion Lee,20211105,Jump Shot,3PT Field Goal,Above the Break 3,Right Side Center(RC),28,184,215,1
Damion Lee,20211105,Jump Shot,3PT Field Goal,Left Corner 3,Left Side(L),22,-227,-29,0
Damion Lee,20211105,Cutting Layup Shot,2PT Field Goal,Restricted Area,Center(C),2,13,20,1
Damion Lee,20211105,Step Back Jump shot,2PT Field Goal,In The Paint (Non-RA),Center(C),9,9,96,0
Damion Lee,20211105,Driving Layup Shot,2PT Field Goal,In The Paint (Non-RA),Center(C),7,-67,43,0
Damion Lee,20211105,Jump Shot,3PT Field Goal,Above the Break 3,Right Side Center(RC),26,229,127,0
Damion Lee,20211107,Jump Shot,3PT Field Goal,Above the Break 3,Left Side Center(LC),25,-208,139,0
Damion Lee,20211107,Driving Floating Bank Jump Shot,2PT Field Goal,Mid-Range,Left Side(L),12,-97,73,1
Damion Lee,20211107,Pullup Jump shot,2PT Field Goal,Mid-Range,Right Side(R),13,125,47,1
Damion Lee,20211107,Jump Shot,3PT Field Goal,Above the Break 3,Left Side Center(LC),25,-154,205,0
Damion Lee,20211107,Jump Shot,3PT Field Goal,Above the Break 3,Center(C),24,4,240,0
Damion Lee,20211108,Driving Layup Shot,2PT Field Goal,Restricted Area,Center(C),2,-27,10,1
Damion Lee,20211108,Pullup Jump shot,2PT Field Goal,Mid-Range,Center(C),17,-11,170,1
Damion Lee,20211108,Pullup Jump shot,2PT Field Goal,Mid-Range,Right Side(R),14,140,1,0
Damion Lee,20211108,Jump Shot,3PT Field Goal,Above the Break 3,Right Side Center(RC),27,208,177,0
Damion Lee,20211108,Running Alley Oop Layup Shot,2PT Field Goal,Restricted Area,Center(C),3,-31,4,1
Damion Lee,20211108,Jump Shot,3PT Field Goal,Above the Break 3,Center(C),26,-25,263,1
Damion Lee,20211108,Jump Shot,3PT Field Goal,Left Corner 3,Left Side(L),23,-239,14,0
Damion Lee,20211108,Cutting Layup Shot,2PT Field Goal,Restricted Area,Center(C),3,26,21,1
Damion Lee,20211114,Pullup Jump shot,2PT Field Goal,Mid-Range,Center(C),16,11,167,0
Damion Lee,20211114,Jump Shot,3PT Field Goal,Above the Break 3,Left Side Center(LC),24,-229,96,0
Damion Lee,20211114,Floating Jump shot,2PT Field Goal,In The Paint (Non-RA),Center(C),5,4,57,0
Damion Lee,20211114,Jump Shot,3PT Field Goal,Right Corner 3,Right Side(R),23,234,35,0
Damion Lee,20211114,Jump Shot,3PT Field Goal,Above the Break 3,Right Side Center(RC),25,157,206,0
Damion Lee,20211114,Jump Shot,3PT Field Goal,Left Corner 3,Left Side(L),23,-234,16,0
Damion Lee,20211114,Cutting Layup Shot,2PT Field Goal,Restricted Area,Center(C),2,18,15,1
Damion Lee,20211114,Cutting Layup Shot,2PT Field Goal,Restricted Area,Center(C),1,12,2,1
Damion Lee,20211114,Driving Layup Shot,2PT Field Goal,Restricted Area,Center(C),3,31,6,0
Damion Lee,20211114,Tip Layup Shot,2PT Field Goal,Restricted Area,Center(C),2,18,-11,0
Damion Lee,20211116,Driving Floating Bank Jump Shot,2PT Field Goal,In The Paint (Non-RA),Right Side(R),10,80,73,0
Damion Lee,20211116,Jump Shot,3PT Field Goal,Left Corner 3,Left Side(L),22,-225,-17,0
Damion Lee,20211116,Jump Shot,3PT Field Goal,Above the Break 3,Left Side Center(LC),26,-162,213,0
Damion Lee,20211116,Running Finger Roll Layup Shot,2PT Field Goal,Restricted Area,Center(C),1,11,2,1
Damion Lee,20211118,Driving Floating Jump Shot,2PT Field Goal,In The Paint (Non-RA),Center(C),6,-61,5,1
Damion Lee,20211118,Jump Shot,3PT Field Goal,Right Corner 3,Right Side(R),23,229,-38,0
Damion Lee,20211118,Cutting Layup Shot,2PT Field Goal,Restricted Area,Center(C),1,5,16,1
Damion Lee,20211118,Cutting Layup Shot,2PT Field Goal,Restricted Area,Center(C),0,5,5,1
Damion Lee,20211118,Jump Shot,3PT Field Goal,Left Corner 3,Left Side(L),23,-229,41,0
Damion Lee,20211118,Jump Shot,3PT Field Goal,Above the Break 3,Right Side Center(RC),24,219,99,1
Damion Lee,20211118,Driving Layup Shot,2PT Field Goal,Restricted Area,Center(C),0,-2,4,1
Damion Lee,20211118,Driving Floating Jump Shot,2PT Field Goal,Restricted Area,Center(C),3,-23,28,0
Damion Lee,20211119,Jump Shot,3PT Field Goal,Right Corner 3,Right Side(R),23,235,31,0
Damion Lee,20211119,Turnaround Jump Shot,2PT Field Goal,Mid-Range,Left Side Center(LC),19,-113,157,0
Damion Lee,20211121,Driving Floating Jump Shot,2PT Field Goal,Mid-Range,Left Side(L),10,-99,27,1
Damion Lee,20211124,Jump Shot,2PT Field Goal,Mid-Range,Right Side(R),14,121,74,0
Damion Lee,20211124,Jump Shot,3PT Field Goal,Right Corner 3,Right Side(R),22,227,25,0
Damion Lee,20211124,Jump Shot,3PT Field Goal,Above the Break 3,Right Side Center(RC),26,124,235,0
Damion Lee,20211124,Jump Shot,3PT Field Goal,Left Corner 3,Left Side(L),22,-229,-9,0
Damion Lee,20211124,Driving Floating Jump Shot,2PT Field Goal,In The Paint (Non-RA),Center(C),8,-7,85,1
Damion Lee,20211124,Driving Floating Jump Shot,2PT Field Goal,Mid-Range,Left Side(L),10,-107,-18,0
Damion Lee,20211124,Jump Shot,3PT Field Goal,Above the Break 3,Left Side Center(LC),25,-199,164,0
Damion Lee,20211124,Jump Shot,3PT Field Goal,Left Corner 3,Left Side(L),23,-230,-8,1
Damion Lee,20211203,Pullup Jump shot,2PT Field Goal,Mid-Range,Center(C),19,59,182,1
Damion Lee,20211203,Jump Shot,3PT Field Goal,Above the Break 3,Right Side Center(RC),27,140,231,0
Damion Lee,20211203,Jump Shot,2PT Field Goal,In The Paint (Non-RA),Right Side(R),8,77,34,0
Damion Lee,20211203,Floating Jump shot,2PT Field Goal,In The Paint (Non-RA),Center(C),9,-5,95,0
Damion Lee,20211204,Jump Shot,3PT Field Goal,Right Corner 3,Right Side(R),22,222,52,0
Damion Lee,20211204,Driving Layup Shot,2PT Field Goal,Restricted Area,Center(C),1,-17,8,1
Damion Lee,20211204,Driving Floating Jump Shot,2PT Field Goal,In The Paint (Non-RA),Left Side(L),11,-70,85,0
Damion Lee,20211204,Jump Shot,3PT Field Goal,Above the Break 3,Right Side Center(RC),24,178,169,0
Damion Lee,20211204,Driving Layup Shot,2PT Field Goal,Restricted Area,Center(C),2,-16,12,1
Damion Lee,20211204,Jump Shot,3PT Field Goal,Above the Break 3,Left Side Center(LC),25,-175,189,1
Damion Lee,20211204,Jump Shot,3PT Field Goal,Above the Break 3,Left Side Center(LC),25,-104,233,0
Damion Lee,20211204,Running Layup Shot,2PT Field Goal,Restricted Area,Center(C),2,-20,2,1
Damion Lee,20211204,Driving Floating Jump Shot,2PT Field Goal,In The Paint (Non-RA),Center(C),8,-4,87,0
Damion Lee,20211204,Jump Shot,3PT Field Goal,Left Corner 3,Left Side(L),22,-229,9,1
Damion Lee,20211204,Layup Shot,2PT Field Goal,Restricted Area,Center(C),2,22,3,1
Damion Lee,20211204,Jump Shot,3PT Field Goal,Right Corner 3,Right Side(R),23,233,8,0
Damion Lee,20211206,Driving Layup Shot,2PT Field Goal,In The Paint (Non-RA),Center(C),5,-38,42,0
Damion Lee,20211206,Layup Shot,2PT Field Goal,In The Paint (Non-RA),Center(C),5,-50,29,0
Damion Lee,20211206,Jump Shot,3PT Field Goal,Above the Break 3,Right Side Center(RC),25,219,132,0
Damion Lee,20211206,Cutting Layup Shot,2PT Field Goal,In The Paint (Non-RA),Center(C),4,-43,15,1
Damion Lee,20211206,Jump Shot,3PT Field Goal,Above the Break 3,Left Side Center(LC),25,-175,183,0
Damion Lee,20211206,Driving Floating Jump Shot,2PT Field Goal,In The Paint (Non-RA),Center(C),12,42,116,1
Damion Lee,20211208,Driving Finger Roll Layup Shot,2PT Field Goal,Restricted Area,Center(C),3,4,38,1
Damion Lee,20211208,Jump Shot,3PT Field Goal,Above the Break 3,Right Side Center(RC),25,206,144,0
Damion Lee,20211208,Driving Layup Shot,2PT Field Goal,In The Paint (Non-RA),Center(C),5,-51,26,0
Damion Lee,20211208,Step Back Jump shot,2PT Field Goal,Mid-Range,Center(C),20,5,200,0
Damion Lee,20211211,Pullup Jump shot,2PT Field Goal,Mid-Range,Center(C),21,36,214,0
Damion Lee,20211211,Cutting Layup Shot,2PT Field Goal,Restricted Area,Center(C),2,-4,20,0
Damion Lee,20211211,Running Layup Shot,2PT Field Goal,Restricted Area,Center(C),1,-13,7,0
Damion Lee,20211213,Running Dunk Shot,2PT Field Goal,Restricted Area,Center(C),1,0,10,1
Damion Lee,20211213,Jump Shot,3PT Field Goal,Above the Break 3,Center(C),25,-13,259,0
Damion Lee,20211213,Jump Shot,3PT Field Goal,Above the Break 3,Left Side Center(LC),27,-121,249,0
Damion Lee,20211214,Jump Shot,3PT Field Goal,Above the Break 3,Right Side Center(RC),25,116,225,0
Damion Lee,20211214,Step Back Jump shot,2PT Field Goal,Mid-Range,Left Side Center(LC),16,-100,131,0
Damion Lee,20211214,Cutting Layup Shot,2PT Field Goal,Restricted Area,Center(C),1,10,0,1
Damion Lee,20211214,Jump Shot,3PT Field Goal,Left Corner 3,Left Side(L),22,-229,10,0
Damion Lee,20211214,Cutting Finger Roll Layup Shot,2PT Field Goal,Restricted Area,Center(C),2,-21,5,1
Damion Lee,20211214,Running Jump Shot,3PT Field Goal,Above the Break 3,Right Side Center(RC),24,190,155,0
Damion Lee,20211214,Jump Shot,3PT Field Goal,Above the Break 3,Right Side Center(RC),24,162,189,1
Damion Lee,20211217,Jump Shot,3PT Field Goal,Above the Break 3,Center(C),27,71,269,0
Damion Lee,20211217,Step Back Jump shot,2PT Field Goal,Mid-Range,Right Side(R),21,179,111,0
Damion Lee,20211217,Jump Shot,3PT Field Goal,Left Corner 3,Left Side(L),23,-225,57,1
Damion Lee,20211217,Jump Shot,3PT Field Goal,Above the Break 3,Left Side Center(LC),26,-143,222,0
Damion Lee,20211217,Jump Shot,3PT Field Goal,Left Corner 3,Left Side(L),23,-234,22,0
Damion Lee,20211217,Jump Shot,3PT Field Goal,Above the Break 3,Left Side Center(LC),27,-94,257,1
Damion Lee,20211218,Running Jump Shot,3PT Field Goal,Above the Break 3,Right Side Center(RC),27,136,241,1
Damion Lee,20211218,Jump Shot,3PT Field Goal,Above the Break 3,Left Side Center(LC),26,-100,247,0
Damion Lee,20211218,Jump Shot,3PT Field Goal,Above the Break 3,Right Side Center(RC),27,102,251,0
Damion Lee,20211218,Driving Floating Jump Shot,2PT Field Goal,In The Paint (Non-RA),Center(C),7,51,59,0
Damion Lee,20211218,Jump Shot,3PT Field Goal,Right Corner 3,Right Side(R),24,240,20,0
Damion Lee,20211218,Jump Shot,3PT Field Goal,Right Corner 3,Right Side(R),24,241,30,0
Damion Lee,20211218,Cutting Layup Shot,2PT Field Goal,Restricted Area,Center(C),0,-4,5,1
Damion Lee,20211218,Step Back Jump shot,3PT Field Goal,Right Corner 3,Right Side(R),24,235,50,0
Damion Lee,20211218,Driving Floating Jump Shot,2PT Field Goal,In The Paint (Non-RA),Center(C),9,9,97,1
Damion Lee,20211218,Jump Shot,3PT Field Goal,Above the Break 3,Center(C),27,-33,268,1
Damion Lee,20211218,Jump Shot,2PT Field Goal,Mid-Range,Left Side(L),20,-203,13,1
Damion Lee,20211220,Jump Shot,3PT Field Goal,Above the Break 3,Center(C),27,-40,273,1
Damion Lee,20211220,Jump Shot,3PT Field Goal,Left Corner 3,Left Side(L),23,-237,17,1
Damion Lee,20211220,Step Back Jump shot,2PT Field Goal,Mid-Range,Left Side Center(LC),18,-132,132,1
Damion Lee,20211220,Running Dunk Shot,2PT Field Goal,Restricted Area,Center(C),3,-6,34,1
Damion Lee,20211220,Jump Shot,3PT Field Goal,Above the Break 3,Right Side Center(RC),26,173,204,1
Damion Lee,20211220,Driving Floating Jump Shot,2PT Field Goal,In The Paint (Non-RA),Right Side(R),12,72,101,1
Damion Lee,20211220,Pullup Jump shot,2PT Field Goal,Mid-Range,Center(C),17,-44,168,0
Damion Lee,20211220,Jump Shot,3PT Field Goal,Above the Break 3,Right Side Center(RC),26,173,206,1
Damion Lee,20220307,Driving Layup Shot,2PT Field Goal,Restricted Area,Center(C),2,-22,6,1
Damion Lee,20220307,Jump Shot,3PT Field Goal,Above the Break 3,Center(C),25,70,248,0
Damion Lee,20220307,Driving Floating Jump Shot,2PT Field Goal,In The Paint (Non-RA),Center(C),5,-7,58,1
Damion Lee,20220307,Jump Shot,3PT Field Goal,Right Corner 3,Right Side(R),23,230,50,0
Damion Lee,20220307,Finger Roll Layup Shot,2PT Field Goal,Restricted Area,Center(C),2,21,4,1
Damion Lee,20220307,Step Back Jump shot,3PT Field Goal,Above the Break 3,Left Side Center(LC),26,-183,188,0
Damion Lee,20220307,Jump Shot,2PT Field Goal,Mid-Range,Left Side(L),19,-198,2,0
Damion Lee,20220103,Jump Shot,3PT Field Goal,Above the Break 3,Right Side Center(RC),25,227,110,1
Damion Lee,20220103,Jump Shot,3PT Field Goal,Above the Break 3,Right Side Center(RC),26,156,215,0
Damion Lee,20220105,Driving Finger Roll Layup Shot,2PT Field Goal,Restricted Area,Center(C),1,-1,14,1
Damion Lee,20220105,Jump Shot,3PT Field Goal,Right Corner 3,Right Side(R),22,225,16,1
Damion Lee,20220105,Driving Layup Shot,2PT Field Goal,Restricted Area,Center(C),0,-4,8,0
Damion Lee,20220105,Jump Shot,3PT Field Goal,Left Corner 3,Left Side(L),22,-227,36,0
Damion Lee,20220105,Jump Shot,3PT Field Goal,Left Corner 3,Left Side(L),23,-230,-3,0
Damion Lee,20220106,Jump Shot,2PT Field Goal,Mid-Range,Center(C),20,10,201,1
Damion Lee,20220106,Floating Jump shot,2PT Field Goal,In The Paint (Non-RA),Center(C),7,67,24,0
Damion Lee,20220106,Putback Layup Shot,2PT Field Goal,Restricted Area,Center(C),0,0,0,1
Damion Lee,20220106,Jump Shot,3PT Field Goal,Above the Break 3,Right Side Center(RC),26,194,174,0
Damion Lee,20220106,Jump Shot,3PT Field Goal,Above the Break 3,Right Side Center(RC),26,98,243,1
Damion Lee,20220106,Step Back Jump shot,3PT Field Goal,Above the Break 3,Right Side Center(RC),25,153,199,0
Damion Lee,20220106,Running Layup Shot,2PT Field Goal,Restricted Area,Center(C),1,-15,5,1
Damion Lee,20220106,Driving Layup Shot,2PT Field Goal,Restricted Area,Center(C),2,-20,15,0
Damion Lee,20220106,Step Back Jump shot,2PT Field Goal,Mid-Range,Right Side Center(RC),22,167,151,1
Damion Lee,20220106,Jump Shot,3PT Field Goal,Left Corner 3,Left Side(L),23,-235,-8,0
Damion Lee,20220111,Jump Shot,2PT Field Goal,Mid-Range,Left Side(L),20,-200,0,0
Damion Lee,20220111,Jump Shot,3PT Field Goal,Above the Break 3,Right Side Center(RC),27,103,252,1
Damion Lee,20220113,Driving Floating Bank Jump Shot,2PT Field Goal,In The Paint (Non-RA),Center(C),6,-50,41,0
Damion Lee,20220113,Jump Shot,3PT Field Goal,Above the Break 3,Right Side Center(RC),25,93,236,1
Damion Lee,20220113,Fadeaway Jump Shot,2PT Field Goal,Mid-Range,Right Side(R),13,129,21,0
Damion Lee,20220113,Driving Reverse Layup Shot,2PT Field Goal,Restricted Area,Center(C),1,0,13,1
Damion Lee,20220113,Jump Shot,3PT Field Goal,Above the Break 3,Left Side Center(LC),24,-229,95,0
Damion Lee,20220113,Jump Shot,3PT Field Goal,Above the Break 3,Left Side Center(LC),25,-154,206,0
Damion Lee,20220113,Driving Layup Shot,2PT Field Goal,Restricted Area,Center(C),2,-2,22,1
Damion Lee,20220114,Jump Shot,3PT Field Goal,Above the Break 3,Right Side Center(RC),25,195,165,0
Damion Lee,20220114,Jump Shot,3PT Field Goal,Left Corner 3,Left Side(L),23,-234,-24,0
Damion Lee,20220114,Putback Layup Shot,2PT Field Goal,Restricted Area,Center(C),0,0,0,1
Damion Lee,20220114,Running Layup Shot,2PT Field Goal,Restricted Area,Center(C),0,1,2,1
Damion Lee,20220114,Jump Shot,2PT Field Goal,Mid-Range,Left Side(L),20,-203,5,0
Damion Lee,20220114,Floating Jump shot,2PT Field Goal,In The Paint (Non-RA),Center(C),5,17,57,1
Damion Lee,20220114,Jump Shot,3PT Field Goal,Above the Break 3,Center(C),25,71,242,0
Damion Lee,20220114,Jump Shot,3PT Field Goal,Right Corner 3,Right Side(R),23,237,31,1
Damion Lee,20220116,Driving Floating Bank Jump Shot,2PT Field Goal,In The Paint (Non-RA),Center(C),4,42,26,1
Damion Lee,20220116,Jump Shot,3PT Field Goal,Above the Break 3,Left Side Center(LC),24,-82,235,0
Damion Lee,20220116,Cutting Finger Roll Layup Shot,2PT Field Goal,Restricted Area,Center(C),0,1,7,1
Damion Lee,20220116,Jump Shot,3PT Field Goal,Left Corner 3,Left Side(L),23,-230,-9,1
Damion Lee,20220116,Cutting Finger Roll Layup Shot,2PT Field Goal,Restricted Area,Center(C),1,4,17,0
Damion Lee,20220118,Turnaround Fadeaway shot,2PT Field Goal,In The Paint (Non-RA),Center(C),12,47,121,1
Damion Lee,20220118,Jump Shot,3PT Field Goal,Left Corner 3,Left Side(L),23,-238,4,0
Damion Lee,20220118,Driving Floating Jump Shot,2PT Field Goal,In The Paint (Non-RA),Right Side(R),9,53,80,0
Damion Lee,20220120,Jump Shot,2PT Field Goal,Mid-Range,Right Side(R),15,140,70,0
Damion Lee,20220120,Driving Floating Bank Jump Shot,2PT Field Goal,In The Paint (Non-RA),Left Side(L),9,-75,64,1
Damion Lee,20220120,Jump Shot,3PT Field Goal,Right Corner 3,Right Side(R),22,225,20,0
Damion Lee,20220120,Running Reverse Layup Shot,2PT Field Goal,Restricted Area,Center(C),3,-31,16,1
Damion Lee,20220120,Jump Shot,3PT Field Goal,Above the Break 3,Right Side Center(RC),27,197,197,1
Damion Lee,20220121,Driving Finger Roll Layup Shot,2PT Field Goal,Restricted Area,Center(C),2,0,21,1
Damion Lee,20220121,Pullup Jump shot,2PT Field Goal,Mid-Range,Left Side(L),19,-165,95,0
Damion Lee,20220121,Step Back Jump shot,2PT Field Goal,Mid-Range,Left Side(L),15,-159,-15,1
Damion Lee,20220121,Driving Layup Shot,2PT Field Goal,Restricted Area,Center(C),3,11,29,1
Damion Lee,20220121,Cutting Layup Shot,2PT Field Goal,Restricted Area,Center(C),3,-20,24,1
Damion Lee,20220123,Jump Shot,3PT Field Goal,Above the Break 3,Center(C),25,-17,250,1
Damion Lee,20220123,Jump Shot,3PT Field Goal,Above the Break 3,Right Side Center(RC),26,217,157,1
Damion Lee,20220123,Jump Shot,3PT Field Goal,Above the Break 3,Right Side Center(RC),26,164,208,0
Damion Lee,20220123,Jump Shot,3PT Field Goal,Above the Break 3,Center(C),25,23,256,1
Damion Lee,20220123,Jump Shot,3PT Field Goal,Above the Break 3,Left Side Center(LC),25,-199,158,1
Damion Lee,20220123,Step Back Bank Jump Shot,2PT Field Goal,Mid-Range,Left Side(L),12,-123,32,0
Damion Lee,20220123,Pullup Jump shot,2PT Field Goal,In The Paint (Non-RA),Center(C),9,-9,97,0
Damion Lee,20220123,Jump Shot,3PT Field Goal,Above the Break 3,Right Side Center(RC),27,195,189,0
Damion Lee,20220125,Driving Layup Shot,2PT Field Goal,In The Paint (Non-RA),Center(C),5,11,55,1
Damion Lee,20220125,Jump Shot,3PT Field Goal,Left Corner 3,Left Side(L),22,-229,-11,0
Damion Lee,20220125,Running Jump Shot,3PT Field Goal,Right Corner 3,Right Side(R),23,229,26,1
Damion Lee,20220125,Running Layup Shot,2PT Field Goal,In The Paint (Non-RA),Center(C),4,-36,19,1
Damion Lee,20220125,Driving Floating Jump Shot,2PT Field Goal,In The Paint (Non-RA),Center(C),6,-64,26,1
Damion Lee,20220127,Jump Shot,3PT Field Goal,Left Corner 3,Left Side(L),22,-229,7,0
Damion Lee,20220127,Step Back Jump shot,2PT Field Goal,Mid-Range,Left Side(L),20,-207,11,0
Damion Lee,20220127,Pullup Jump shot,3PT Field Goal,Left Corner 3,Left Side(L),22,-221,-1,1
Damion Lee,20220129,Driving Floating Jump Shot,2PT Field Goal,In The Paint (Non-RA),Center(C),6,0,65,0
Damion Lee,20220129,Pullup Jump shot,3PT Field Goal,Above the Break 3,Center(C),26,31,266,0
Damion Lee,20220129,Jump Shot,3PT Field Goal,Above the Break 3,Left Side Center(LC),26,-176,201,0
Damion Lee,20220201,Pullup Jump shot,2PT Field Goal,Mid-Range,Right Side(R),13,102,88,1
Damion Lee,20220201,Driving Reverse Layup Shot,2PT Field Goal,Restricted Area,Center(C),1,-7,9,1
Damion Lee,20220201,Jump Shot,3PT Field Goal,Above the Break 3,Left Side Center(LC),25,-96,234,1
Damion Lee,20220201,Jump Shot,3PT Field Goal,Above the Break 3,Center(C),25,-40,248,0
Damion Lee,20220201,Pullup Jump shot,2PT Field Goal,Mid-Range,Right Side Center(RC),17,134,115,0
Damion Lee,20220201,Jump Shot,3PT Field Goal,Left Corner 3,Left Side(L),23,-229,36,1
Damion Lee,20220201,Jump Shot,3PT Field Goal,Right Corner 3,Right Side(R),23,232,-15,0
Damion Lee,20220201,Jump Shot,3PT Field Goal,Left Corner 3,Left Side(L),23,-235,-6,1
Damion Lee,20220201,Pullup Jump shot,2PT Field Goal,Mid-Range,Left Side Center(LC),21,-151,153,0
Damion Lee,20220201,Jump Shot,3PT Field Goal,Above the Break 3,Center(C),27,-62,263,0
Damion Lee,20220201,Pullup Jump shot,2PT Field Goal,Mid-Range,Right Side(R),11,92,73,0
Damion Lee,20220201,Jump Shot,3PT Field Goal,Above the Break 3,Left Side Center(LC),25,-227,106,1
Damion Lee,20220201,Running Jump Shot,3PT Field Goal,Right Corner 3,Right Side(R),23,230,-10,0
Damion Lee,20220201,Jump Shot,3PT Field Goal,Left Corner 3,Left Side(L),23,-232,0,0
Damion Lee,20220201,Jump Shot,3PT Field Goal,Above the Break 3,Center(C),25,31,256,1
Damion Lee,20220203,Pullup Jump shot,2PT Field Goal,Mid-Range,Right Side(R),13,134,18,0
Damion Lee,20220203,Putback Layup Shot,2PT Field Goal,Restricted Area,Center(C),0,0,0,1
Damion Lee,20220203,Cutting Finger Roll Layup Shot,2PT Field Goal,In The Paint (Non-RA),Center(C),5,-6,59,1
Damion Lee,20220203,Fadeaway Jump Shot,3PT Field Goal,Left Corner 3,Left Side(L),22,-227,-1,1
Damion Lee,20220203,Jump Shot,3PT Field Goal,Right Corner 3,Right Side(R),22,221,-10,0
Damion Lee,20220203,Pullup Jump shot,2PT Field Goal,Mid-Range,Center(C),19,18,195,1
Damion Lee,20220203,Running Pull-Up Jump Shot,3PT Field Goal,Above the Break 3,Right Side Center(RC),26,150,214,0
Damion Lee,20220203,Running Jump Shot,3PT Field Goal,Right Corner 3,Right Side(R),22,228,18,0
Damion Lee,20220203,Driving Finger Roll Layup Shot,2PT Field Goal,Restricted Area,Center(C),3,-10,38,1
Damion Lee,20220203,Running Jump Shot,3PT Field Goal,Left Corner 3,Left Side(L),23,-232,-15,0
Damion Lee,20220203,Jump Shot,3PT Field Goal,Left Corner 3,Left Side(L),22,-227,14,1
Damion Lee,20220207,Pullup Jump shot,2PT Field Goal,Mid-Range,Right Side(R),16,163,39,0
Damion Lee,20220207,Jump Shot,3PT Field Goal,Above the Break 3,Right Side Center(RC),27,113,252,1
Damion Lee,20220207,Running Jump Shot,3PT Field Goal,Above the Break 3,Right Side Center(RC),25,207,149,0
Damion Lee,20220207,Floating Jump shot,2PT Field Goal,In The Paint (Non-RA),Center(C),11,-47,110,1
Damion Lee,20220209,Jump Shot,3PT Field Goal,Backcourt,Back Court(BC),51,170,491,0
Damion Lee,20220209,Jump Shot,3PT Field Goal,Above the Break 3,Left Side Center(LC),24,-208,127,0
Damion Lee,20220209,Pullup Jump shot,2PT Field Goal,Mid-Range,Center(C),15,-10,158,0
Damion Lee,20220209,Jump Shot,3PT Field Goal,Above the Break 3,Center(C),25,-29,256,0
Damion Lee,20220209,Pullup Jump shot,2PT Field Goal,Mid-Range,Left Side(L),14,-88,112,0
Damion Lee,20220209,Pullup Jump shot,3PT Field Goal,Left Corner 3,Left Side(L),24,-233,68,0
Damion Lee,20220209,Floating Jump shot,2PT Field Goal,In The Paint (Non-RA),Left Side(L),11,-70,88,0
Damion Lee,20220210,Jump Shot,3PT Field Goal,Left Corner 3,Left Side(L),24,-240,-9,0
Damion Lee,20220210,Floating Jump shot,2PT Field Goal,In The Paint (Non-RA),Center(C),11,22,112,1
Damion Lee,20220210,Jump Shot,3PT Field Goal,Above the Break 3,Left Side Center(LC),26,-159,216,1
Damion Lee,20220210,Jump Shot,3PT Field Goal,Above the Break 3,Right Side Center(RC),28,168,225,1
Damion Lee,20220212,Jump Shot,3PT Field Goal,Above the Break 3,Center(C),26,64,257,0
Damion Lee,20220212,Pullup Jump shot,3PT Field Goal,Above the Break 3,Left Side Center(LC),26,-195,184,1
Damion Lee,20220212,Jump Shot,3PT Field Goal,Above the Break 3,Left Side Center(LC),27,-208,181,1
Damion Lee,20220212,Jump Shot,3PT Field Goal,Above the Break 3,Left Side Center(LC),25,-158,194,0
Damion Lee,20220214,Jump Shot,3PT Field Goal,Left Corner 3,Left Side(L),23,-232,25,1
Damion Lee,20220214,Step Back Jump shot,2PT Field Goal,Mid-Range,Right Side Center(RC),20,76,194,0
Damion Lee,20220214,Step Back Jump shot,3PT Field Goal,Above the Break 3,Center(C),26,76,252,0
Damion Lee,20220214,Running Jump Shot,3PT Field Goal,Right Corner 3,Right Side(R),22,223,-11,0
Damion Lee,20220214,Step Back Jump shot,3PT Field Goal,Above the Break 3,Right Side Center(RC),26,113,241,0
Damion Lee,20220214,Jump Shot,3PT Field Goal,Above the Break 3,Right Side Center(RC),25,161,195,0
Damion Lee,20220214,Running Layup Shot,2PT Field Goal,Restricted Area,Center(C),0,-7,5,1
Damion Lee,20220224,Driving Layup Shot,2PT Field Goal,Restricted Area,Center(C),1,4,14,1
Damion Lee,20220224,Driving Floating Jump Shot,2PT Field Goal,Mid-Range,Left Side(L),12,-115,52,0
Damion Lee,20220224,Driving Reverse Layup Shot,2PT Field Goal,In The Paint (Non-RA),Center(C),5,21,47,0
Damion Lee,20220224,Jump Shot,3PT Field Goal,Above the Break 3,Center(C),25,28,254,0
Damion Lee,20220224,Driving Layup Shot,2PT Field Goal,Restricted Area,Center(C),2,-13,23,1
Damion Lee,20220224,Driving Layup Shot,2PT Field Goal,Restricted Area,Center(C),2,-5,25,1
Damion Lee,20220227,Jump Shot,3PT Field Goal,Above the Break 3,Center(C),24,47,243,1
Damion Lee,20220227,Driving Reverse Layup Shot,2PT Field Goal,Restricted Area,Center(C),1,-17,-4,0
Damion Lee,20220227,Driving Floating Bank Jump Shot,2PT Field Goal,Mid-Range,Left Side(L),10,-96,29,0
Damion Lee,20220227,Cutting Layup Shot,2PT Field Goal,Restricted Area,Center(C),1,-12,11,1
Damion Lee,20220227,Jump Shot,3PT Field Goal,Above the Break 3,Center(C),24,38,245,0
Damion Lee,20220301,Reverse Layup Shot,2PT Field Goal,Restricted Area,Center(C),0,-7,5,1
Damion Lee,20220301,Jump Shot,3PT Field Goal,Left Corner 3,Left Side(L),23,-232,25,1
Damion Lee,20220301,Driving Layup Shot,2PT Field Goal,Restricted Area,Center(C),2,-23,9,1
Damion Lee,20220301,Pullup Jump shot,2PT Field Goal,Mid-Range,Right Side(R),14,93,117,1
Damion Lee,20220301,Jump Shot,3PT Field Goal,Right Corner 3,Right Side(R),22,229,9,0
Damion Lee,20220301,Tip Layup Shot,2PT Field Goal,Restricted Area,Center(C),0,0,0,1
Damion Lee,20220301,Floating Jump shot,2PT Field Goal,In The Paint (Non-RA),Right Side(R),8,66,61,0
Damion Lee,20220301,Cutting Layup Shot,2PT Field Goal,Restricted Area,Center(C),2,-29,4,1
Damion Lee,20220310,Jump Shot,3PT Field Goal,Left Corner 3,Left Side(L),23,-224,80,0
Damion Lee,20220312,Pullup Jump shot,2PT Field Goal,Mid-Range,Left Side Center(LC),16,-104,132,0
Damion Lee,20220316,Jump Shot,3PT Field Goal,Right Corner 3,Right Side(R),23,235,20,0
Damion Lee,20220316,Jump Shot,3PT Field Goal,Above the Break 3,Center(C),26,27,260,0
Damion Lee,20220316,Jump Shot,3PT Field Goal,Right Corner 3,Right Side(R),23,233,9,0
Damion Lee,20220316,Jump Shot,3PT Field Goal,Above the Break 3,Right Side Center(RC),26,218,156,0
Damion Lee,20220316,Jump Shot,3PT Field Goal,Backcourt,Back Court(BC),70,113,695,0
Damion Lee,20220322,Jump Shot,3PT Field Goal,Above the Break 3,Center(C),26,53,264,0
Damion Lee,20220322,Jump Shot,3PT Field Goal,Right Corner 3,Right Side(R),23,235,41,0
Damion Lee,20220323,Jump Shot,3PT Field Goal,Left Corner 3,Left Side(L),23,-230,4,0
Damion Lee,20220323,Jump Shot,3PT Field Goal,Right Corner 3,Right Side(R),22,228,-15,0
Damion Lee,20220323,Driving Layup Shot,2PT Field Goal,Restricted Area,Center(C),3,-18,25,1
Damion Lee,20220323,Jump Shot,3PT Field Goal,Left Corner 3,Left Side(L),23,-234,-5,0
Damion Lee,20220323,Jump Shot,3PT Field Goal,Above the Break 3,Left Side Center(LC),26,-178,193,1
Damion Lee,20220323,Driving Floating Jump Shot,2PT Field Goal,In The Paint (Non-RA),Center(C),12,36,116,1
Damion Lee,20220323,Pullup Jump shot,2PT Field Goal,Mid-Range,Right Side Center(RC),18,104,151,0
Damion Lee,20220323,Pullup Jump shot,2PT Field Goal,In The Paint (Non-RA),Center(C),12,58,108,0
Damion Lee,20220323,Jump Shot,3PT Field Goal,Left Corner 3,Left Side(L),23,-234,10,1
Damion Lee,20220323,Jump Shot,3PT Field Goal,Above the Break 3,Right Side Center(RC),26,110,241,1
Damion Lee,20220325,Driving Layup Shot,2PT Field Goal,Restricted Area,Center(C),1,-11,10,1
Damion Lee,20220325,Running Jump Shot,3PT Field Goal,Right Corner 3,Right Side(R),23,233,16,0
Damion Lee,20220325,Jump Shot,3PT Field Goal,Above the Break 3,Center(C),24,-18,245,0
Damion Lee,20220325,Jump Shot,3PT Field Goal,Above the Break 3,Center(C),25,51,248,0
Damion Lee,20220325,Driving Layup Shot,2PT Field Goal,Restricted Area,Center(C),2,-9,20,0
Damion Lee,20220325,Cutting Layup Shot,2PT Field Goal,Restricted Area,Center(C),1,-2,13,1
Damion Lee,20220325,Pullup Jump shot,2PT Field Goal,In The Paint (Non-RA),Center(C),12,-9,120,0
Damion Lee,20220325,Pullup Jump shot,2PT Field Goal,Mid-Range,Center(C),16,-2,162,0
Damion Lee,20220327,Driving Floating Jump Shot,2PT Field Goal,In The Paint (Non-RA),Center(C),6,-42,53,1
Damion Lee,20220327,Pullup Jump shot,2PT Field Goal,Mid-Range,Center(C),20,5,205,0
Damion Lee,20220327,Jump Shot,3PT Field Goal,Above the Break 3,Center(C),26,-60,258,0
Damion Lee,20220327,Driving Floating Jump Shot,2PT Field Goal,In The Paint (Non-RA),Center(C),5,38,38,0
Damion Lee,20220328,Jump Shot,3PT Field Goal,Above the Break 3,Center(C),26,-51,259,0
Damion Lee,20220328,Driving Floating Jump Shot,2PT Field Goal,In The Paint (Non-RA),Center(C),7,-61,36,0
Damion Lee,20220328,Cutting Finger Roll Layup Shot,2PT Field Goal,Restricted Area,Center(C),0,-5,3,1
Damion Lee,20220403,Jump Shot,3PT Field Goal,Above the Break 3,Right Side Center(RC),25,141,218,0
Damion Lee,20220403,Driving Layup Shot,2PT Field Goal,Restricted Area,Center(C),2,-17,12,1
Damion Lee,20220403,Pullup Jump shot,2PT Field Goal,In The Paint (Non-RA),Center(C),6,-40,55,0
Damion Lee,20220403,Cutting Layup Shot,2PT Field Goal,Restricted Area,Center(C),2,-21,4,1
Damion Lee,20220403,Jump Shot,3PT Field Goal,Right Corner 3,Right Side(R),23,227,44,0
Damion Lee,20220403,Cutting Layup Shot,2PT Field Goal,Restricted Area,Center(C),2,-20,1,1
Damion Lee,20220403,Jump Shot,3PT Field Goal,Left Corner 3,Left Side(L),23,-230,-4,0
Damion Lee,20220403,Finger Roll Layup Shot,2PT Field Goal,In The Paint (Non-RA),Center(C),5,-6,53,1
Damion Lee,20220403,Driving Layup Shot,2PT Field Goal,In The Paint (Non-RA),Center(C),5,-12,55,0
Damion Lee,20220403,Cutting Layup Shot,2PT Field Goal,Restricted Area,Center(C),1,-15,0,1
Damion Lee,20220407,Cutting Layup Shot,2PT Field Goal,In The Paint (Non-RA),Center(C),5,-49,14,1
Damion Lee,20220409,Pullup Jump shot,2PT Field Goal,Mid-Range,Center(C),14,32,143,0
Damion Lee,20220409,Jump Shot,3PT Field Goal,Above the Break 3,Right Side Center(RC),26,109,237,0
Damion Lee,20220409,Putback Layup Shot,2PT Field Goal,Restricted Area,Center(C),0,0,0,1
Damion Lee,20220409,Driving Floating Jump Shot,2PT Field Goal,In The Paint (Non-RA),Center(C),4,-1,42,0
Damion Lee,20220409,Driving Floating Jump Shot,2PT Field Goal,In The Paint (Non-RA),Center(C),9,11,94,0
Damion Lee,20220409,Running Jump Shot,3PT Field Goal,Right Corner 3,Right Side(R),23,232,20,0
Damion Lee,20220410,Jump Shot,3PT Field Goal,Right Corner 3,Right Side(R),22,228,0,1
Damion Lee,20220410,Tip Layup Shot,2PT Field Goal,Restricted Area,Center(C),0,0,0,1
Damion Lee,20220410,Floating Jump shot,2PT Field Goal,Mid-Range,Left Side(L),8,-88,-1,0
Damion Lee,20220410,Driving Finger Roll Layup Shot,2PT Field Goal,Restricted Area,Center(C),2,4,29,1
Damion Lee,20220410,Driving Layup Shot,2PT Field Goal,Restricted Area,Center(C),1,-11,11,1
Damion Lee,20220410,Layup Shot,2PT Field Goal,In The Paint (Non-RA),Center(C),4,43,15,0
Damion Lee,20220410,Cutting Layup Shot,2PT Field Goal,Restricted Area,Center(C),2,0,20,0
Chris Chiozza,20211026,Driving Layup Shot,2PT Field Goal,In The Paint (Non-RA),Center(C),4,17,41,0
Chris Chiozza,20211026,Jump Shot,3PT Field Goal,Above the Break 3,Left Side Center(LC),25,-137,217,0
Chris Chiozza,20211030,Jump Shot,3PT Field Goal,Above the Break 3,Left Side Center(LC),24,-214,125,0
Chris Chiozza,20211030,Jump Shot,3PT Field Goal,Above the Break 3,Right Side Center(RC),25,141,212,1
Chris Chiozza,20211030,Jump Shot,3PT Field Goal,Above the Break 3,Right Side Center(RC),24,126,215,0
Chris Chiozza,20211030,Jump Shot,3PT Field Goal,Above the Break 3,Left Side Center(LC),24,-202,132,0
Chris Chiozza,20211030,Running Layup Shot,2PT Field Goal,Restricted Area,Center(C),3,31,-4,0
Chris Chiozza,20211030,Jump Shot,3PT Field Goal,Right Corner 3,Right Side(R),23,234,35,1
Chris Chiozza,20211107,Step Back Jump shot,3PT Field Goal,Right Corner 3,Right Side(R),24,237,63,0
Chris Chiozza,20211119,Pullup Jump shot,3PT Field Goal,Above the Break 3,Left Side Center(LC),27,-99,256,0
Chris Chiozza,20211119,Jump Shot,3PT Field Goal,Above the Break 3,Center(C),26,-56,254,1
Chris Chiozza,20211119,Jump Shot,3PT Field Goal,Above the Break 3,Left Side Center(LC),26,-153,218,1
Chris Chiozza,20211121,Jump Shot,3PT Field Goal,Right Corner 3,Right Side(R),23,229,34,0
Chris Chiozza,20211121,Jump Shot,3PT Field Goal,Above the Break 3,Right Side Center(RC),26,168,199,1
Chris Chiozza,20211121,Driving Layup Shot,2PT Field Goal,In The Paint (Non-RA),Center(C),5,-32,50,1
Chris Chiozza,20211121,Jump Shot,3PT Field Goal,Above the Break 3,Left Side Center(LC),26,-151,216,1
Chris Chiozza,20211121,Jump Shot,3PT Field Goal,Above the Break 3,Left Side Center(LC),26,-206,169,0
Chris Chiozza,20211121,Running Layup Shot,2PT Field Goal,In The Paint (Non-RA),Center(C),4,23,35,1
Chris Chiozza,20211121,Jump Shot,3PT Field Goal,Above the Break 3,Center(C),25,-6,256,0
Chris Chiozza,20211121,Jump Shot,3PT Field Goal,Above the Break 3,Left Side Center(LC),27,-135,237,0
Chris Chiozza,20211121,Driving Layup Shot,2PT Field Goal,In The Paint (Non-RA),Center(C),4,40,11,0
Chris Chiozza,20211126,Driving Layup Shot,2PT Field Goal,In The Paint (Non-RA),Center(C),6,-56,28,0
Chris Chiozza,20211126,Jump Shot,3PT Field Goal,Above the Break 3,Left Side Center(LC),28,-170,226,1
Chris Chiozza,20211126,Step Back Jump shot,3PT Field Goal,Above the Break 3,Right Side Center(RC),25,232,101,0
Chris Chiozza,20211126,Jump Shot,3PT Field Goal,Left Corner 3,Left Side(L),23,-227,62,0
Chris Chiozza,20211128,Jump Shot,3PT Field Goal,Above the Break 3,Left Side Center(LC),25,-108,230,0
Chris Chiozza,20211128,Driving Reverse Layup Shot,2PT Field Goal,Restricted Area,Center(C),2,-28,4,0
Chris Chiozza,20211128,Jump Shot,2PT Field Goal,Mid-Range,Right Side(R),17,163,69,0
Chris Chiozza,20211130,Running Jump Shot,3PT Field Goal,Above the Break 3,Right Side Center(RC),25,184,176,1
Chris Chiozza,20211204,Jump Shot,3PT Field Goal,Above the Break 3,Right Side Center(RC),24,78,233,1
Chris Chiozza,20211217,Jump Shot,3PT Field Goal,Above the Break 3,Left Side Center(LC),26,-99,245,0
Chris Chiozza,20211217,Jump Shot,3PT Field Goal,Left Corner 3,Left Side(L),23,-234,22,0
Chris Chiozza,20211218,Running Layup Shot,2PT Field Goal,Restricted Area,Center(C),2,-23,13,0
Chris Chiozza,20211218,Jump Shot,3PT Field Goal,Left Corner 3,Left Side(L),23,-230,19,0
Chris Chiozza,20211218,Step Back Jump shot,3PT Field Goal,Above the Break 3,Left Side Center(LC),27,-161,220,0
Chris Chiozza,20211218,Jump Shot,3PT Field Goal,Left Corner 3,Left Side(L),23,-232,8,1
Chris Chiozza,20211218,Driving Floating Jump Shot,2PT Field Goal,Restricted Area,Center(C),2,-20,22,0
Chris Chiozza,20211218,Step Back Jump shot,3PT Field Goal,Above the Break 3,Left Side Center(LC),29,-151,251,0
Chris Chiozza,20211220,Jump Shot,3PT Field Goal,Above the Break 3,Right Side Center(RC),27,184,207,0
Chris Chiozza,20211220,Jump Shot,3PT Field Goal,Left Corner 3,Left Side(L),23,-229,29,1
Chris Chiozza,20211223,Driving Floating Jump Shot,2PT Field Goal,In The Paint (Non-RA),Center(C),10,-38,94,0
Chris Chiozza,20211223,Driving Layup Shot,2PT Field Goal,Restricted Area,Center(C),2,22,10,0
Chris Chiozza,20211223,Driving Layup Shot,2PT Field Goal,In The Paint (Non-RA),Center(C),7,-47,57,0
Chris Chiozza,20211223,Driving Finger Roll Layup Shot,2PT Field Goal,In The Paint (Non-RA),Center(C),6,10,64,0
Chris Chiozza,20211225,Turnaround Fadeaway shot,2PT Field Goal,In The Paint (Non-RA),Center(C),10,11,101,0
Chris Chiozza,20211225,Driving Layup Shot,2PT Field Goal,Restricted Area,Center(C),3,-7,35,0
Chris Chiozza,20211225,Fadeaway Jump Shot,2PT Field Goal,Mid-Range,Left Side(L),13,-116,59,0
Chris Chiozza,20211225,Step Back Jump shot,2PT Field Goal,Mid-Range,Right Side Center(RC),18,107,155,1
Chris Chiozza,20211228,Jump Shot,3PT Field Goal,Above the Break 3,Right Side Center(RC),25,158,204,0
Chris Chiozza,20211228,Jump Shot,3PT Field Goal,Above the Break 3,Right Side Center(RC),27,148,231,0
Chris Chiozza,20220307,Driving Layup Shot,2PT Field Goal,Restricted Area,Center(C),1,-17,-1,1
Chris Chiozza,20220307,Fadeaway Jump Shot,2PT Field Goal,In The Paint (Non-RA),Center(C),11,54,101,0
Chris Chiozza,20220307,Jump Shot,3PT Field Goal,Left Corner 3,Left Side(L),23,-235,43,0
Chris Chiozza,20220307,Pullup Jump shot,3PT Field Goal,Above the Break 3,Center(C),26,-37,258,0
Chris Chiozza,20220307,Step Back Jump shot,2PT Field Goal,Mid-Range,Left Side Center(LC),19,-138,143,1
Chris Chiozza,20220307,Jump Shot,3PT Field Goal,Above the Break 3,Right Side Center(RC),27,138,242,0
Chris Chiozza,20220106,Driving Layup Shot,2PT Field Goal,Restricted Area,Center(C),1,12,8,0
Chris Chiozza,20220113,Running Jump Shot,3PT Field Goal,Above the Break 3,Right Side Center(RC),28,188,219,0
Chris Chiozza,20220113,Jump Bank Shot,3PT Field Goal,Above the Break 3,Center(C),31,62,309,0
Chris Chiozza,20220113,Driving Layup Shot,2PT Field Goal,Restricted Area,Center(C),3,29,16,0
Chris Chiozza,20220113,Jump Shot,3PT Field Goal,Above the Break 3,Right Side Center(RC),32,147,293,1
Chris Chiozza,20220114,Step Back Jump shot,3PT Field Goal,Above the Break 3,Left Side Center(LC),24,-148,199,1
Chris Chiozza,20220118,Step Back Jump shot,3PT Field Goal,Right Corner 3,Right Side(R),23,230,10,0
Chris Chiozza,20220125,Jump Shot,3PT Field Goal,Above the Break 3,Left Side Center(LC),25,-203,155,0
Chris Chiozza,20220201,Jump Shot,3PT Field Goal,Above the Break 3,Left Side Center(LC),24,-81,231,1
Chris Chiozza,20220201,Step Back Jump shot,2PT Field Goal,Mid-Range,Center(C),19,26,189,0
Chris Chiozza,20220201,Running Jump Shot,3PT Field Goal,Above the Break 3,Right Side Center(RC),25,188,172,0
Chris Chiozza,20220201,Jump Shot,3PT Field Goal,Above the Break 3,Left Side Center(LC),27,-114,248,1
Chris Chiozza,20220201,Running Pull-Up Jump Shot,3PT Field Goal,Above the Break 3,Center(C),26,-50,256,1
Chris Chiozza,20220201,Pullup Jump shot,3PT Field Goal,Above the Break 3,Right Side Center(RC),25,196,160,0
Chris Chiozza,20220201,Driving Floating Jump Shot,2PT Field Goal,Restricted Area,Center(C),0,-6,6,0
Chris Chiozza,20220316,Turnaround Fadeaway shot,2PT Field Goal,In The Paint (Non-RA),Right Side(R),8,54,66,1
Chris Chiozza,20220320,Jump Shot,3PT Field Goal,Left Corner 3,Left Side(L),22,-223,-21,0
Chris Chiozza,20220322,Running Jump Shot,3PT Field Goal,Left Corner 3,Left Side(L),24,-239,69,0
Chris Chiozza,20220323,Step Back Jump shot,3PT Field Goal,Above the Break 3,Center(C),27,-38,270,0
Chris Chiozza,20220328,Jump Shot,3PT Field Goal,Right Corner 3,Right Side(R),22,227,-1,0
Chris Chiozza,20220328,Driving Reverse Layup Shot,2PT Field Goal,Restricted Area,Center(C),2,-21,15,0
Chris Chiozza,20220328,Jump Shot,3PT Field Goal,Above the Break 3,Left Side Center(LC),26,-157,213,0
Chris Chiozza,20220328,Driving Floating Jump Shot,3PT Field Goal,Above the Break 3,Right Side Center(RC),37,136,352,0
Chris Chiozza,20220328,Running Finger Roll Layup Shot,2PT Field Goal,Restricted Area,Center(C),0,1,1,1
Chris Chiozza,20220328,Jump Shot,3PT Field Goal,Above the Break 3,Center(C),25,-36,251,1
Jordan Poole,20211019,Pullup Jump shot,2PT Field Goal,Mid-Range,Center(C),19,-26,196,1
Jordan Poole,20211019,Jump Shot,3PT Field Goal,Above the Break 3,Center(C),27,62,269,0
Jordan Poole,20211019,Cutting Layup Shot,2PT Field Goal,Restricted Area,Center(C),3,9,29,0
Jordan Poole,20211019,Driving Floating Jump Shot,2PT Field Goal,In The Paint (Non-RA),Center(C),10,16,99,1
Jordan Poole,20211019,Step Back Jump shot,3PT Field Goal,Above the Break 3,Right Side Center(RC),25,142,207,0
Jordan Poole,20211019,Driving Layup Shot,2PT Field Goal,Restricted Area,Center(C),2,21,21,0
Jordan Poole,20211019,Jump Shot,3PT Field Goal,Above the Break 3,Right Side Center(RC),26,146,223,0
Jordan Poole,20211019,Jump Shot,3PT Field Goal,Right Corner 3,Right Side(R),23,228,41,0
Jordan Poole,20211019,Jump Shot,3PT Field Goal,Above the Break 3,Center(C),26,-18,267,1
Jordan Poole,20211019,Running Jump Shot,3PT Field Goal,Left Corner 3,Left Side(L),23,-233,8,0
Jordan Poole,20211019,Jump Shot,2PT Field Goal,Mid-Range,Center(C),17,0,179,0
Jordan Poole,20211019,Jump Shot,3PT Field Goal,Above the Break 3,Right Side Center(RC),26,190,185,1
Jordan Poole,20211019,Jump Shot,3PT Field Goal,Above the Break 3,Right Side Center(RC),27,179,211,1
Jordan Poole,20211019,Jump Shot,3PT Field Goal,Above the Break 3,Right Side Center(RC),28,141,245,0
Jordan Poole,20211019,Running Jump Shot,3PT Field Goal,Above the Break 3,Right Side Center(RC),26,119,234,1
Jordan Poole,20211019,Jump Shot,3PT Field Goal,Above the Break 3,Right Side Center(RC),28,147,241,0
Jordan Poole,20211019,Driving Layup Shot,2PT Field Goal,Restricted Area,Center(C),2,2,21,1
Jordan Poole,20211019,Driving Layup Shot,2PT Field Goal,Restricted Area,Center(C),2,-18,15,1
Jordan Poole,20211021,Pullup Jump shot,3PT Field Goal,Above the Break 3,Left Side Center(LC),24,-173,179,0
Jordan Poole,20211021,Jump Shot,3PT Field Goal,Above the Break 3,Left Side Center(LC),25,-96,239,1
Jordan Poole,20211021,Jump Shot,3PT Field Goal,Above the Break 3,Center(C),24,53,243,0
Jordan Poole,20211021,Jump Shot,3PT Field Goal,Left Corner 3,Left Side(L),23,-229,48,0
Jordan Poole,20211021,Cutting Layup Shot,2PT Field Goal,Restricted Area,Center(C),1,-12,3,1
Jordan Poole,20211021,Pullup Jump shot,2PT Field Goal,Mid-Range,Center(C),16,-22,159,0
Jordan Poole,20211021,Driving Floating Jump Shot,2PT Field Goal,In The Paint (Non-RA),Center(C),12,-47,120,0
Jordan Poole,20211021,Jump Shot,3PT Field Goal,Above the Break 3,Right Side Center(RC),26,156,217,0
Jordan Poole,20211021,Driving Floating Jump Shot,2PT Field Goal,Restricted Area,Center(C),3,-12,36,1
Jordan Poole,20211021,Jump Shot,3PT Field Goal,Above the Break 3,Left Side Center(LC),26,-180,196,0
Jordan Poole,20211021,Driving Layup Shot,2PT Field Goal,Restricted Area,Center(C),2,-21,15,0
Jordan Poole,20211021,Driving Layup Shot,2PT Field Goal,Restricted Area,Center(C),3,6,31,0
Jordan Poole,20211021,Driving Layup Shot,2PT Field Goal,Restricted Area,Center(C),2,21,-4,1
Jordan Poole,20211021,Driving Floating Jump Shot,2PT Field Goal,In The Paint (Non-RA),Center(C),9,38,83,0
Jordan Poole,20211024,Running Jump Shot,3PT Field Goal,Above the Break 3,Left Side Center(LC),25,-168,188,0
Jordan Poole,20211024,Driving Floating Jump Shot,2PT Field Goal,Mid-Range,Left Side(L),12,-124,-6,1
Jordan Poole,20211024,Step Back Jump shot,3PT Field Goal,Above the Break 3,Right Side Center(RC),24,121,218,1
Jordan Poole,20211024,Pullup Jump shot,2PT Field Goal,Mid-Range,Right Side(R),14,104,95,0
Jordan Poole,20211024,Jump Shot,3PT Field Goal,Right Corner 3,Right Side(R),23,232,-11,1
Jordan Poole,20211024,Driving Layup Shot,2PT Field Goal,In The Paint (Non-RA),Center(C),4,45,13,1
Jordan Poole,20211024,Pullup Jump shot,2PT Field Goal,Mid-Range,Right Side Center(RC),19,69,179,0
Jordan Poole,20211024,Driving Floating Jump Shot,2PT Field Goal,Mid-Range,Right Side(R),13,82,113,0
Jordan Poole,20211024,Driving Layup Shot,2PT Field Goal,Restricted Area,Center(C),1,-17,6,1
Jordan Poole,20211024,Driving Layup Shot,2PT Field Goal,Restricted Area,Center(C),2,-22,6,1
Jordan Poole,20211024,Driving Reverse Layup Shot,2PT Field Goal,Restricted Area,Center(C),1,-12,9,0
Jordan Poole,20211024,Cutting Layup Shot,2PT Field Goal,Restricted Area,Center(C),2,17,11,0
Jordan Poole,20211024,Jump Shot,3PT Field Goal,Above the Break 3,Right Side Center(RC),25,147,203,0
Jordan Poole,20211024,Driving Layup Shot,2PT Field Goal,Restricted Area,Center(C),1,-10,11,1
Jordan Poole,20211024,Fadeaway Jump Shot,3PT Field Goal,Right Corner 3,Right Side(R),23,232,34,0
Jordan Poole,20211024,Layup Shot,2PT Field Goal,Restricted Area,Center(C),0,9,3,1
Jordan Poole,20211026,Jump Shot,3PT Field Goal,Above the Break 3,Left Side Center(LC),26,-146,222,0
Jordan Poole,20211026,Driving Layup Shot,2PT Field Goal,Restricted Area,Center(C),3,-33,21,0
Jordan Poole,20211026,Jump Shot,2PT Field Goal,Mid-Range,Center(C),16,-43,157,1
Jordan Poole,20211026,Cutting Layup Shot,2PT Field Goal,Restricted Area,Center(C),0,9,1,1
Jordan Poole,20211026,Jump Shot,3PT Field Goal,Above the Break 3,Left Side Center(LC),29,-164,241,0
Jordan Poole,20211026,Step Back Jump shot,3PT Field Goal,Above the Break 3,Center(C),27,53,268,0
Jordan Poole,20211026,Jump Shot,3PT Field Goal,Above the Break 3,Right Side Center(RC),26,156,220,0
Jordan Poole,20211026,Jump Shot,3PT Field Goal,Above the Break 3,Right Side Center(RC),24,205,126,0
Jordan Poole,20211026,Jump Shot,3PT Field Goal,Above the Break 3,Right Side Center(RC),26,97,250,0
Jordan Poole,20211026,Driving Layup Shot,2PT Field Goal,Restricted Area,Center(C),1,-11,-10,1
Jordan Poole,20211026,Jump Shot,3PT Field Goal,Above the Break 3,Right Side Center(RC),32,189,263,0
Jordan Poole,20211026,Driving Layup Shot,2PT Field Goal,Restricted Area,Center(C),1,-18,-4,1
Jordan Poole,20211026,Driving Layup Shot,2PT Field Goal,Restricted Area,Center(C),0,2,-7,1
Jordan Poole,20211026,Layup Shot,2PT Field Goal,Restricted Area,Center(C),2,-20,8,0
Jordan Poole,20211028,Running Layup Shot,2PT Field Goal,In The Paint (Non-RA),Center(C),4,36,31,1
Jordan Poole,20211028,Jump Shot,3PT Field Goal,Above the Break 3,Center(C),26,7,269,0
Jordan Poole,20211028,Layup Shot,2PT Field Goal,Restricted Area,Center(C),3,-26,15,1
Jordan Poole,20211028,Pullup Jump shot,3PT Field Goal,Above the Break 3,Left Side Center(LC),27,-168,216,0
Jordan Poole,20211028,Driving Floating Jump Shot,2PT Field Goal,In The Paint (Non-RA),Left Side(L),13,-76,111,0
Jordan Poole,20211028,Cutting Layup Shot,2PT Field Goal,Restricted Area,Center(C),2,11,22,1
Jordan Poole,20211028,Driving Dunk Shot,2PT Field Goal,Restricted Area,Center(C),2,7,22,1
Jordan Poole,20211028,Driving Layup Shot,2PT Field Goal,In The Paint (Non-RA),Center(C),5,-40,43,0
Jordan Poole,20211028,Driving Layup Shot,2PT Field Goal,In The Paint (Non-RA),Center(C),6,-11,59,0
Jordan Poole,20211030,Jump Shot,3PT Field Goal,Above the Break 3,Right Side Center(RC),24,142,204,0
Jordan Poole,20211030,Running Layup Shot,2PT Field Goal,Restricted Area,Center(C),1,-16,11,1
Jordan Poole,20211030,Jump Shot,3PT Field Goal,Above the Break 3,Left Side Center(LC),25,-168,193,0
Jordan Poole,20211030,Layup Shot,2PT Field Goal,Restricted Area,Center(C),3,21,27,0
Jordan Poole,20211030,Jump Shot,3PT Field Goal,Above the Break 3,Right Side Center(RC),25,126,218,0
Jordan Poole,20211030,Jump Shot,3PT Field Goal,Above the Break 3,Right Side Center(RC),25,131,220,0
Jordan Poole,20211030,Pullup Jump shot,2PT Field Goal,In The Paint (Non-RA),Center(C),10,-15,102,0
Jordan Poole,20211030,Driving Floating Jump Shot,2PT Field Goal,In The Paint (Non-RA),Center(C),14,-71,131,1
Jordan Poole,20211030,Step Back Jump shot,3PT Field Goal,Above the Break 3,Left Side Center(LC),26,-178,190,1
Jordan Poole,20211030,Driving Layup Shot,2PT Field Goal,Restricted Area,Center(C),3,28,14,1
Jordan Poole,20211030,Layup Shot,2PT Field Goal,Restricted Area,Center(C),1,18,4,0
Jordan Poole,20211030,Jump Shot,2PT Field Goal,Mid-Range,Right Side Center(RC),22,113,193,1
Jordan Poole,20211030,Driving Floating Jump Shot,2PT Field Goal,In The Paint (Non-RA),Center(C),10,-42,99,0
Jordan Poole,20211030,Jump Shot,3PT Field Goal,Above the Break 3,Center(C),26,-26,263,1
Jordan Poole,20211030,Floating Jump shot,2PT Field Goal,Mid-Range,Center(C),15,-50,148,0
Jordan Poole,20211103,Jump Shot,3PT Field Goal,Left Corner 3,Left Side(L),23,-234,-13,1
Jordan Poole,20211103,Running Jump Shot,3PT Field Goal,Above the Break 3,Left Side Center(LC),26,-201,169,0
Jordan Poole,20211103,Cutting Layup Shot,2PT Field Goal,In The Paint (Non-RA),Center(C),7,62,49,1
Jordan Poole,20211103,Jump Shot,3PT Field Goal,Right Corner 3,Right Side(R),23,227,50,1
Jordan Poole,20211103,Jump Shot,3PT Field Goal,Above the Break 3,Center(C),29,-47,289,0
Jordan Poole,20211103,Driving Layup Shot,2PT Field Goal,Restricted Area,Center(C),2,26,13,1
Jordan Poole,20211103,Step Back Jump shot,3PT Field Goal,Above the Break 3,Left Side Center(LC),28,-185,222,1
Jordan Poole,20211103,Jump Shot,3PT Field Goal,Left Corner 3,Left Side(L),22,-228,-4,1
Jordan Poole,20211103,Step Back Jump shot,3PT Field Goal,Above the Break 3,Right Side Center(RC),25,179,185,1
Jordan Poole,20211103,Pullup Jump shot,3PT Field Goal,Above the Break 3,Center(C),30,7,301,0
Jordan Poole,20211103,Jump Shot,3PT Field Goal,Above the Break 3,Right Side Center(RC),26,175,197,1
Jordan Poole,20211103,Jump Shot,3PT Field Goal,Above the Break 3,Right Side Center(RC),26,165,201,1
Jordan Poole,20211103,Jump Shot,3PT Field Goal,Above the Break 3,Right Side Center(RC),28,162,232,0
Jordan Poole,20211103,Jump Shot,3PT Field Goal,Right Corner 3,Right Side(R),23,235,9,0
Jordan Poole,20211103,Jump Shot,3PT Field Goal,Above the Break 3,Right Side Center(RC),27,205,177,0
Jordan Poole,20211103,Driving Finger Roll Layup Shot,2PT Field Goal,Restricted Area,Center(C),1,18,-6,0
Jordan Poole,20211103,Driving Layup Shot,2PT Field Goal,Restricted Area,Center(C),2,-12,22,1
Jordan Poole,20211103,Jump Shot,3PT Field Goal,Above the Break 3,Center(C),26,22,269,0
Jordan Poole,20211103,Jump Shot,3PT Field Goal,Above the Break 3,Left Side Center(LC),26,-147,216,0
Jordan Poole,20211103,Running Finger Roll Layup Shot,2PT Field Goal,Restricted Area,Center(C),2,21,4,1
Jordan Poole,20211103,Jump Shot,3PT Field Goal,Above the Break 3,Left Side Center(LC),26,-229,130,0
Jordan Poole,20211105,Driving Floating Jump Shot,2PT Field Goal,In The Paint (Non-RA),Center(C),7,-12,78,1
Jordan Poole,20211105,Jump Shot,3PT Field Goal,Above the Break 3,Right Side Center(RC),27,151,224,0
Jordan Poole,20211105,Jump Shot,3PT Field Goal,Right Corner 3,Right Side(R),23,229,34,1
Jordan Poole,20211105,Driving Layup Shot,2PT Field Goal,In The Paint (Non-RA),Center(C),7,67,25,0
Jordan Poole,20211105,Driving Layup Shot,2PT Field Goal,Restricted Area,Center(C),2,-22,6,1
Jordan Poole,20211105,Jump Shot,3PT Field Goal,Above the Break 3,Right Side Center(RC),26,203,169,0
Jordan Poole,20211105,Jump Shot,3PT Field Goal,Left Corner 3,Left Side(L),22,-229,-6,0
Jordan Poole,20211105,Dunk Shot,2PT Field Goal,In The Paint (Non-RA),Center(C),5,34,48,1
Jordan Poole,20211105,Pullup Jump shot,2PT Field Goal,Mid-Range,Left Side(L),17,-175,-17,0
Jordan Poole,20211105,Pullup Jump shot,3PT Field Goal,Above the Break 3,Left Side Center(LC),27,-163,216,1
Jordan Poole,20211105,Jump Shot,3PT Field Goal,Above the Break 3,Center(C),28,-9,288,1
Jordan Poole,20211105,Jump Shot,3PT Field Goal,Above the Break 3,Left Side Center(LC),24,-202,144,1
Jordan Poole,20211105,Jump Shot,3PT Field Goal,Above the Break 3,Right Side Center(RC),26,170,207,1
Jordan Poole,20211105,Driving Layup Shot,2PT Field Goal,In The Paint (Non-RA),Center(C),4,-22,34,1
Jordan Poole,20211105,Jump Shot,3PT Field Goal,Above the Break 3,Left Side Center(LC),25,-199,159,1
Jordan Poole,20211107,Jump Shot,3PT Field Goal,Above the Break 3,Right Side Center(RC),25,85,237,0
Jordan Poole,20211107,Cutting Layup Shot,2PT Field Goal,Restricted Area,Center(C),2,0,25,1
Jordan Poole,20211107,Driving Layup Shot,2PT Field Goal,Restricted Area,Center(C),3,27,22,1
Jordan Poole,20211107,Running Reverse Layup Shot,2PT Field Goal,Restricted Area,Center(C),2,-23,10,1
Jordan Poole,20211107,Pullup Jump shot,2PT Field Goal,Mid-Range,Right Side Center(RC),18,63,170,1
Jordan Poole,20211107,Jump Shot,3PT Field Goal,Above the Break 3,Right Side Center(RC),24,224,101,1
Jordan Poole,20211107,Pullup Jump shot,3PT Field Goal,Above the Break 3,Center(C),25,6,254,0
Jordan Poole,20211107,Jump Shot,3PT Field Goal,Right Corner 3,Right Side(R),24,228,78,1
Jordan Poole,20211107,Driving Layup Shot,2PT Field Goal,In The Paint (Non-RA),Center(C),4,40,19,0
Jordan Poole,20211107,Jump Shot,3PT Field Goal,Above the Break 3,Left Side Center(LC),23,-162,177,0
Jordan Poole,20211107,Driving Floating Jump Shot,2PT Field Goal,Restricted Area,Center(C),3,-17,25,1
Jordan Poole,20211107,Step Back Jump shot,3PT Field Goal,Above the Break 3,Right Side Center(RC),28,120,255,0
Jordan Poole,20211107,Step Back Jump shot,3PT Field Goal,Right Corner 3,Right Side(R),22,225,22,0
Jordan Poole,20211108,Jump Shot,3PT Field Goal,Left Corner 3,Left Side(L),22,-229,-4,0
Jordan Poole,20211108,Jump Shot,3PT Field Goal,Above the Break 3,Right Side Center(RC),26,189,184,1
Jordan Poole,20211108,Jump Shot,3PT Field Goal,Above the Break 3,Left Side Center(LC),31,-184,257,0
Jordan Poole,20211108,Jump Shot,3PT Field Goal,Above the Break 3,Left Side Center(LC),29,-91,278,0
Jordan Poole,20211108,Driving Floating Jump Shot,2PT Field Goal,Mid-Range,Left Side(L),14,-141,29,0
Jordan Poole,20211108,Driving Floating Jump Shot,2PT Field Goal,In The Paint (Non-RA),Right Side(R),9,75,54,0
Jordan Poole,20211108,Jump Shot,3PT Field Goal,Left Corner 3,Left Side(L),23,-229,66,0
Jordan Poole,20211108,Running Pull-Up Jump Shot,3PT Field Goal,Above the Break 3,Left Side Center(LC),27,-178,208,1
Jordan Poole,20211108,Running Finger Roll Layup Shot,2PT Field Goal,Restricted Area,Center(C),3,25,24,1
Jordan Poole,20211108,Driving Finger Roll Layup Shot,2PT Field Goal,Restricted Area,Center(C),2,23,19,1
Jordan Poole,20211108,Driving Finger Roll Layup Shot,2PT Field Goal,Mid-Range,Right Side(R),10,93,40,1
Jordan Poole,20211108,Jump Shot,3PT Field Goal,Above the Break 3,Left Side Center(LC),26,-157,218,0
Jordan Poole,20211108,Driving Floating Bank Jump Shot,2PT Field Goal,In The Paint (Non-RA),Left Side(L),8,-65,48,0
Jordan Poole,20211108,Driving Floating Jump Shot,2PT Field Goal,In The Paint (Non-RA),Center(C),7,-10,73,0
Jordan Poole,20211108,Jump Shot,3PT Field Goal,Above the Break 3,Right Side Center(RC),28,192,211,1
Jordan Poole,20211108,Jump Shot,3PT Field Goal,Above the Break 3,Right Side Center(RC),31,203,242,0
Jordan Poole,20211108,Step Back Jump shot,3PT Field Goal,Above the Break 3,Center(C),26,58,260,0
Jordan Poole,20211110,Driving Layup Shot,2PT Field Goal,In The Paint (Non-RA),Center(C),6,45,43,0
Jordan Poole,20211110,Step Back Jump shot,3PT Field Goal,Above the Break 3,Right Side Center(RC),27,156,227,0
Jordan Poole,20211110,Jump Shot,3PT Field Goal,Left Corner 3,Left Side(L),22,-229,-4,1
Jordan Poole,20211110,Jump Shot,3PT Field Goal,Right Corner 3,Right Side(R),24,229,78,0
Jordan Poole,20211110,Driving Layup Shot,2PT Field Goal,In The Paint (Non-RA),Center(C),4,33,28,0
Jordan Poole,20211110,Running Layup Shot,2PT Field Goal,Restricted Area,Center(C),2,-17,18,1
Jordan Poole,20211110,Step Back Jump shot,3PT Field Goal,Above the Break 3,Left Side Center(LC),26,-110,238,0
Jordan Poole,20211110,Driving Reverse Layup Shot,2PT Field Goal,Restricted Area,Center(C),3,-23,23,1
Jordan Poole,20211110,Jump Shot,3PT Field Goal,Left Corner 3,Left Side(L),22,-224,-17,0
Jordan Poole,20211110,Running Layup Shot,2PT Field Goal,Restricted Area,Center(C),3,-18,30,0
Jordan Poole,20211110,Jump Shot,3PT Field Goal,Above the Break 3,Center(C),30,12,303,0
Jordan Poole,20211110,Pullup Jump shot,3PT Field Goal,Above the Break 3,Right Side Center(RC),28,161,231,0
Jordan Poole,20211110,Jump Shot,3PT Field Goal,Left Corner 3,Left Side(L),23,-235,8,0
Jordan Poole,20211110,Jump Shot,3PT Field Goal,Above the Break 3,Center(C),27,-2,279,1
Jordan Poole,20211110,Pullup Jump shot,3PT Field Goal,Above the Break 3,Right Side Center(RC),27,164,226,0
Jordan Poole,20211110,Putback Layup Shot,2PT Field Goal,Restricted Area,Center(C),0,0,0,1
Jordan Poole,20211110,Running Jump Shot,3PT Field Goal,Above the Break 3,Right Side Center(RC),27,201,182,0
Jordan Poole,20211112,Pullup Jump shot,3PT Field Goal,Above the Break 3,Center(C),28,7,282,0
Jordan Poole,20211112,Jump Shot,3PT Field Goal,Mid-Range,Left Side(L),21,-219,-4,1
Jordan Poole,20211112,Pullup Jump shot,3PT Field Goal,Above the Break 3,Right Side Center(RC),31,163,269,0
Jordan Poole,20211112,Jump Shot,3PT Field Goal,Left Corner 3,Left Side(L),23,-239,18,0
Jordan Poole,20211112,Jump Shot,3PT Field Goal,Above the Break 3,Left Side Center(LC),28,-207,198,1
Jordan Poole,20211112,Jump Shot,3PT Field Goal,Above the Break 3,Right Side Center(RC),30,147,270,0
Jordan Poole,20211112,Jump Shot,3PT Field Goal,Left Corner 3,Left Side(L),23,-230,46,0
Jordan Poole,20211112,Pullup Jump shot,2PT Field Goal,Mid-Range,Right Side(R),15,118,101,1
Jordan Poole,20211112,Step Back Jump shot,3PT Field Goal,Above the Break 3,Center(C),28,-75,277,0
Jordan Poole,20211112,Driving Layup Shot,2PT Field Goal,In The Paint (Non-RA),Center(C),4,-16,42,1
Jordan Poole,20211112,Pullup Jump shot,2PT Field Goal,In The Paint (Non-RA),Right Side(R),11,60,100,1
Jordan Poole,20211112,Jump Shot,3PT Field Goal,Left Corner 3,Left Side(L),22,-228,8,0
Jordan Poole,20211114,Jump Shot,3PT Field Goal,Right Corner 3,Right Side(R),24,234,62,1
Jordan Poole,20211114,Floating Jump shot,2PT Field Goal,Mid-Range,Left Side(L),10,-108,13,1
Jordan Poole,20211114,Driving Layup Shot,2PT Field Goal,Restricted Area,Center(C),1,4,14,0
Jordan Poole,20211114,Jump Shot,3PT Field Goal,Above the Break 3,Right Side Center(RC),28,131,256,1
Jordan Poole,20211114,Jump Shot,3PT Field Goal,Above the Break 3,Left Side Center(LC),25,-104,231,0
Jordan Poole,20211114,Jump Shot,3PT Field Goal,Above the Break 3,Left Side Center(LC),25,-197,158,0
Jordan Poole,20211114,Running Dunk Shot,2PT Field Goal,Restricted Area,Center(C),1,0,14,1
Jordan Poole,20211114,Jump Shot,3PT Field Goal,Above the Break 3,Center(C),28,-48,280,0
Jordan Poole,20211114,Floating Jump shot,2PT Field Goal,In The Paint (Non-RA),Center(C),11,25,117,0
Jordan Poole,20211114,Jump Shot,3PT Field Goal,Above the Break 3,Left Side Center(LC),26,-165,201,0
Jordan Poole,20211114,Jump Shot,3PT Field Goal,Above the Break 3,Right Side Center(RC),29,188,225,0
Jordan Poole,20211114,Jump Shot,3PT Field Goal,Above the Break 3,Left Side Center(LC),28,-199,201,0
Jordan Poole,20211116,Driving Reverse Layup Shot,2PT Field Goal,Restricted Area,Center(C),2,-23,15,1
Jordan Poole,20211116,Running Layup Shot,2PT Field Goal,Restricted Area,Center(C),1,-17,10,1
Jordan Poole,20211116,Jump Shot,3PT Field Goal,Right Corner 3,Right Side(R),22,222,9,0
Jordan Poole,20211116,Pullup Jump shot,3PT Field Goal,Above the Break 3,Left Side Center(LC),28,-107,269,0
Jordan Poole,20211116,Pullup Jump shot,2PT Field Goal,Mid-Range,Center(C),18,-37,177,1
Jordan Poole,20211116,Driving Floating Jump Shot,2PT Field Goal,Restricted Area,Center(C),3,0,35,1
Jordan Poole,20211116,Jump Shot,3PT Field Goal,Left Corner 3,Left Side(L),22,-229,4,0
Jordan Poole,20211116,Driving Layup Shot,2PT Field Goal,Restricted Area,Center(C),2,20,-3,1
Jordan Poole,20211116,Pullup Jump shot,3PT Field Goal,Above the Break 3,Right Side Center(RC),25,105,236,0
Jordan Poole,20211116,Running Dunk Shot,2PT Field Goal,Restricted Area,Center(C),0,4,7,1
Jordan Poole,20211116,Jump Shot,3PT Field Goal,Above the Break 3,Right Side Center(RC),26,176,193,0
Jordan Poole,20211116,Step Back Jump shot,3PT Field Goal,Above the Break 3,Left Side Center(LC),27,-147,238,0
Jordan Poole,20211116,Jump Shot,3PT Field Goal,Left Corner 3,Left Side(L),22,-224,18,0
Jordan Poole,20211118,Jump Shot,3PT Field Goal,Above the Break 3,Left Side Center(LC),24,-169,184,0
Jordan Poole,20211118,Jump Shot,3PT Field Goal,Above the Break 3,Center(C),27,-72,269,0
Jordan Poole,20211118,Driving Floating Jump Shot,2PT Field Goal,In The Paint (Non-RA),Center(C),7,37,62,1
Jordan Poole,20211118,Jump Shot,3PT Field Goal,Above the Break 3,Right Side Center(RC),25,230,120,1
Jordan Poole,20211118,Jump Shot,3PT Field Goal,Right Corner 3,Right Side(R),23,235,21,0
Jordan Poole,20211118,Pullup Jump shot,2PT Field Goal,Mid-Range,Center(C),15,-29,157,0
Jordan Poole,20211118,Cutting Layup Shot,2PT Field Goal,Restricted Area,Center(C),0,2,7,0
Jordan Poole,20211118,Pullup Jump shot,2PT Field Goal,Mid-Range,Left Side Center(LC),19,-93,176,1
Jordan Poole,20211118,Jump Shot,3PT Field Goal,Above the Break 3,Right Side Center(RC),26,87,247,0
Jordan Poole,20211118,Driving Floating Jump Shot,2PT Field Goal,In The Paint (Non-RA),Center(C),8,40,70,0
Jordan Poole,20211119,Jump Shot,3PT Field Goal,Above the Break 3,Right Side Center(RC),25,190,177,1
Jordan Poole,20211119,Pullup Jump shot,3PT Field Goal,Above the Break 3,Center(C),29,13,295,1
Jordan Poole,20211119,Driving Layup Shot,2PT Field Goal,Restricted Area,Center(C),2,20,1,1
Jordan Poole,20211119,Pullup Jump shot,3PT Field Goal,Left Corner 3,Left Side(L),22,-229,1,0
Jordan Poole,20211119,Pullup Jump shot,3PT Field Goal,Above the Break 3,Left Side Center(LC),26,-207,159,1
Jordan Poole,20211119,Driving Layup Shot,2PT Field Goal,Restricted Area,Center(C),2,-21,1,1
Jordan Poole,20211119,Pullup Jump shot,2PT Field Goal,Mid-Range,Left Side Center(LC),16,-80,142,0
Jordan Poole,20211119,Pullup Jump shot,3PT Field Goal,Above the Break 3,Right Side Center(RC),29,207,209,0
Jordan Poole,20211119,Driving Layup Shot,2PT Field Goal,Restricted Area,Center(C),2,-20,5,1
Jordan Poole,20211119,Jump Shot,3PT Field Goal,Above the Break 3,Right Side Center(RC),26,233,124,1
Jordan Poole,20211119,Running Layup Shot,2PT Field Goal,Restricted Area,Center(C),2,-23,9,0
Jordan Poole,20211119,Driving Finger Roll Layup Shot,2PT Field Goal,Restricted Area,Center(C),1,-15,-5,1
Jordan Poole,20211119,Driving Layup Shot,2PT Field Goal,Restricted Area,Center(C),1,17,-2,1
Jordan Poole,20211119,Cutting Dunk Shot,2PT Field Goal,Restricted Area,Center(C),2,25,11,1
Jordan Poole,20211119,Jump Shot,3PT Field Goal,Above the Break 3,Center(C),30,4,306,0
Jordan Poole,20211119,Pullup Jump shot,3PT Field Goal,Above the Break 3,Right Side Center(RC),34,152,305,0
Jordan Poole,20211119,Driving Floating Jump Shot,2PT Field Goal,In The Paint (Non-RA),Center(C),6,61,-11,0
Jordan Poole,20211119,Running Reverse Layup Shot,2PT Field Goal,Restricted Area,Center(C),2,-26,0,0
Jordan Poole,20211119,Driving Finger Roll Layup Shot,2PT Field Goal,Restricted Area,Center(C),1,-18,8,1
Jordan Poole,20211119,Driving Reverse Layup Shot,2PT Field Goal,Restricted Area,Center(C),1,17,7,1
Jordan Poole,20211119,Driving Floating Jump Shot,2PT Field Goal,In The Paint (Non-RA),Center(C),7,-66,37,1
Jordan Poole,20211119,Driving Layup Shot,2PT Field Goal,Restricted Area,Center(C),1,-15,11,0
Jordan Poole,20211121,Jump Shot,3PT Field Goal,Right Corner 3,Right Side(R),22,229,-9,1
Jordan Poole,20211121,Step Back Jump shot,3PT Field Goal,Right Corner 3,Right Side(R),22,224,16,1
Jordan Poole,20211121,Driving Floating Jump Shot,2PT Field Goal,In The Paint (Non-RA),Right Side(R),10,56,89,1
Jordan Poole,20211121,Jump Shot,3PT Field Goal,Above the Break 3,Left Side Center(LC),32,-188,267,0
Jordan Poole,20211121,Pullup Jump shot,3PT Field Goal,Above the Break 3,Right Side Center(RC),27,156,225,1
Jordan Poole,20211121,Jump Shot,3PT Field Goal,Above the Break 3,Right Side Center(RC),26,131,233,0
Jordan Poole,20211121,Jump Shot,3PT Field Goal,Above the Break 3,Left Side Center(LC),26,-212,155,0
Jordan Poole,20211121,Driving Finger Roll Layup Shot,2PT Field Goal,Restricted Area,Center(C),2,-4,24,1
Jordan Poole,20211121,Jump Shot,3PT Field Goal,Above the Break 3,Right Side Center(RC),25,208,142,1
Jordan Poole,20211121,Jump Shot,3PT Field Goal,Above the Break 3,Right Side Center(RC),29,114,273,1
Jordan Poole,20211121,Jump Shot,3PT Field Goal,Above the Break 3,Left Side Center(LC),26,-218,143,1
Jordan Poole,20211121,Jump Shot,3PT Field Goal,Above the Break 3,Left Side Center(LC),26,-195,176,1
Jordan Poole,20211121,Jump Shot,3PT Field Goal,Above the Break 3,Right Side Center(RC),27,172,213,1
Jordan Poole,20211124,Running Finger Roll Layup Shot,2PT Field Goal,Restricted Area,Center(C),3,31,16,1
Jordan Poole,20211124,Jump Shot,3PT Field Goal,Above the Break 3,Left Side Center(LC),27,-183,209,0
Jordan Poole,20211124,Driving Layup Shot,2PT Field Goal,In The Paint (Non-RA),Left Side(L),8,-61,52,0
Jordan Poole,20211124,Fadeaway Jump Shot,2PT Field Goal,In The Paint (Non-RA),Center(C),9,32,89,1
Jordan Poole,20211124,Driving Layup Shot,2PT Field Goal,Restricted Area,Center(C),2,-26,1,0
Jordan Poole,20211124,Jump Bank Shot,3PT Field Goal,Backcourt,Back Court(BC),47,-1,472,1
Jordan Poole,20211124,Jump Shot,3PT Field Goal,Above the Break 3,Right Side Center(RC),28,159,239,0
Jordan Poole,20211124,Jump Shot,3PT Field Goal,Above the Break 3,Right Side Center(RC),26,192,187,1
Jordan Poole,20211124,Jump Shot,3PT Field Goal,Above the Break 3,Right Side Center(RC),27,162,219,0
Jordan Poole,20211124,Cutting Layup Shot,2PT Field Goal,Restricted Area,Center(C),3,32,22,1
Jordan Poole,20211124,Jump Shot,3PT Field Goal,Above the Break 3,Right Side Center(RC),29,174,237,0
Jordan Poole,20211124,Driving Layup Shot,2PT Field Goal,In The Paint (Non-RA),Center(C),5,-45,24,0
Jordan Poole,20211124,Jump Shot,3PT Field Goal,Left Corner 3,Left Side(L),23,-232,-6,0
Jordan Poole,20211126,Pullup Jump shot,2PT Field Goal,Mid-Range,Center(C),20,48,199,1
Jordan Poole,20211126,Driving Layup Shot,2PT Field Goal,Restricted Area,Center(C),3,5,38,0
Jordan Poole,20211126,Pullup Jump shot,3PT Field Goal,Above the Break 3,Right Side Center(RC),27,123,241,0
Jordan Poole,20211126,Driving Floating Jump Shot,2PT Field Goal,In The Paint (Non-RA),Center(C),9,7,92,1
Jordan Poole,20211126,Jump Shot,3PT Field Goal,Above the Break 3,Left Side Center(LC),26,-172,196,1
Jordan Poole,20211126,Step Back Jump shot,3PT Field Goal,Right Corner 3,Right Side(R),22,227,1,1
Jordan Poole,20211126,Step Back Jump shot,3PT Field Goal,Left Corner 3,Left Side(L),22,-227,-5,0
Jordan Poole,20211126,Jump Shot,3PT Field Goal,Above the Break 3,Right Side Center(RC),25,197,161,0
Jordan Poole,20211126,Floating Jump shot,2PT Field Goal,Mid-Range,Left Side(L),9,-86,30,0
Jordan Poole,20211126,Driving Floating Jump Shot,2PT Field Goal,In The Paint (Non-RA),Left Side(L),11,-66,100,0
Jordan Poole,20211126,Driving Finger Roll Layup Shot,2PT Field Goal,Restricted Area,Center(C),3,31,15,1
Jordan Poole,20211126,Jump Shot,3PT Field Goal,Above the Break 3,Left Side Center(LC),25,-178,187,0
Jordan Poole,20211128,Driving Floating Jump Shot,2PT Field Goal,Mid-Range,Left Side(L),11,-102,42,0
Jordan Poole,20211128,Jump Shot,3PT Field Goal,Above the Break 3,Right Side Center(RC),24,197,142,0
Jordan Poole,20211128,Jump Shot,3PT Field Goal,Above the Break 3,Center(C),26,-20,263,0
Jordan Poole,20211128,Running Dunk Shot,2PT Field Goal,Restricted Area,Center(C),1,4,17,1
Jordan Poole,20211128,Jump Shot,3PT Field Goal,Right Corner 3,Right Side(R),24,235,53,0
Jordan Poole,20211128,Floating Jump shot,2PT Field Goal,In The Paint (Non-RA),Center(C),7,-75,5,0
Jordan Poole,20211128,Pullup Jump shot,2PT Field Goal,Mid-Range,Right Side Center(RC),17,86,156,0
Jordan Poole,20211128,Running Layup Shot,2PT Field Goal,Restricted Area,Center(C),2,-4,20,1
Jordan Poole,20211128,Step Back Jump shot,3PT Field Goal,Above the Break 3,Center(C),25,-1,255,0
Jordan Poole,20211128,Driving Layup Shot,2PT Field Goal,Restricted Area,Center(C),2,-21,10,0
Jordan Poole,20211128,Running Pull-Up Jump Shot,3PT Field Goal,Above the Break 3,Right Side Center(RC),25,196,161,1
Jordan Poole,20211128,Jump Shot,3PT Field Goal,Above the Break 3,Center(C),25,43,247,1
Jordan Poole,20211128,Jump Shot,3PT Field Goal,Above the Break 3,Center(C),27,-62,271,1
Jordan Poole,20211128,Jump Shot,3PT Field Goal,Above the Break 3,Left Side Center(LC),27,-126,240,1
Jordan Poole,20211128,Jump Shot,3PT Field Goal,Backcourt,Back Court(BC),66,206,630,0
Jordan Poole,20211128,Step Back Jump shot,3PT Field Goal,Above the Break 3,Left Side Center(LC),24,-119,215,0
Jordan Poole,20211130,Driving Finger Roll Layup Shot,2PT Field Goal,In The Paint (Non-RA),Center(C),6,-54,37,1
Jordan Poole,20211130,Jump Shot,3PT Field Goal,Above the Break 3,Left Side Center(LC),26,-142,219,1
Jordan Poole,20211130,Jump Shot,3PT Field Goal,Above the Break 3,Right Side Center(RC),25,222,129,0
Jordan Poole,20211130,Jump Shot,3PT Field Goal,Left Corner 3,Left Side(L),23,-230,6,1
Jordan Poole,20211130,Driving Floating Jump Shot,2PT Field Goal,In The Paint (Non-RA),Center(C),9,-10,93,1
Jordan Poole,20211130,Running Pull-Up Jump Shot,3PT Field Goal,Above the Break 3,Center(C),25,1,255,1
Jordan Poole,20211130,Jump Shot,3PT Field Goal,Above the Break 3,Center(C),25,-17,255,1
Jordan Poole,20211130,Jump Shot,3PT Field Goal,Above the Break 3,Right Side Center(RC),24,196,150,0
Jordan Poole,20211130,Jump Shot,3PT Field Goal,Right Corner 3,Right Side(R),23,235,-4,0
Jordan Poole,20211130,Jump Shot,3PT Field Goal,Right Corner 3,Right Side(R),23,225,59,1
Jordan Poole,20211130,Jump Shot,3PT Field Goal,Above the Break 3,Right Side Center(RC),29,197,216,0
Jordan Poole,20211130,Jump Shot,3PT Field Goal,Above the Break 3,Left Side Center(LC),27,-147,232,0
Jordan Poole,20211130,Jump Shot,3PT Field Goal,Right Corner 3,Right Side(R),22,229,5,1
Jordan Poole,20211130,Step Back Jump shot,3PT Field Goal,Above the Break 3,Left Side Center(LC),28,-217,180,0
Jordan Poole,20211130,Driving Reverse Layup Shot,2PT Field Goal,In The Paint (Non-RA),Center(C),4,-13,42,1
Jordan Poole,20211203,Driving Layup Shot,2PT Field Goal,In The Paint (Non-RA),Center(C),5,-51,29,0
Jordan Poole,20211203,Fadeaway Jump Shot,2PT Field Goal,Mid-Range,Left Side(L),13,-103,90,0
Jordan Poole,20211203,Fadeaway Jump Shot,2PT Field Goal,In The Paint (Non-RA),Center(C),10,4,103,1
Jordan Poole,20211203,Pullup Jump shot,3PT Field Goal,Above the Break 3,Center(C),25,21,257,0
Jordan Poole,20211203,Pullup Jump shot,2PT Field Goal,Mid-Range,Center(C),15,-29,157,0
Jordan Poole,20211203,Jump Shot,3PT Field Goal,Above the Break 3,Center(C),25,-56,251,0
Jordan Poole,20211203,Jump Shot,3PT Field Goal,Above the Break 3,Left Side Center(LC),25,-227,116,0
Jordan Poole,20211203,Pullup Jump shot,3PT Field Goal,Above the Break 3,Left Side Center(LC),27,-192,194,1
Jordan Poole,20211203,Pullup Jump shot,2PT Field Goal,Mid-Range,Right Side(R),15,108,113,0
Jordan Poole,20211203,Layup Shot,2PT Field Goal,In The Paint (Non-RA),Center(C),7,59,48,1
Jordan Poole,20211203,Jump Shot,3PT Field Goal,Above the Break 3,Left Side Center(LC),27,-179,211,1
Jordan Poole,20211203,Pullup Jump shot,2PT Field Goal,Mid-Range,Center(C),18,13,180,1
Jordan Poole,20211204,Jump Shot,3PT Field Goal,Above the Break 3,Left Side Center(LC),25,-113,233,1
Jordan Poole,20211204,Cutting Finger Roll Layup Shot,2PT Field Goal,Restricted Area,Center(C),0,-1,5,1
Jordan Poole,20211204,Step Back Jump shot,3PT Field Goal,Above the Break 3,Center(C),25,-23,254,1
Jordan Poole,20211204,Pullup Jump shot,2PT Field Goal,Mid-Range,Right Side Center(RC),16,56,158,1
Jordan Poole,20211204,Driving Reverse Layup Shot,2PT Field Goal,Restricted Area,Center(C),0,0,3,1
Jordan Poole,20211204,Step Back Jump shot,3PT Field Goal,Above the Break 3,Right Side Center(RC),25,114,224,1
Jordan Poole,20211204,Jump Shot,3PT Field Goal,Above the Break 3,Left Side Center(LC),24,-217,108,0
Jordan Poole,20211204,Jump Shot,3PT Field Goal,Above the Break 3,Left Side Center(LC),25,-186,173,0
Jordan Poole,20211204,Jump Shot,3PT Field Goal,Above the Break 3,Right Side Center(RC),24,173,176,0
Jordan Poole,20211206,Jump Shot,3PT Field Goal,Above the Break 3,Right Side Center(RC),26,195,179,0
Jordan Poole,20211206,Driving Floating Jump Shot,2PT Field Goal,Mid-Range,Center(C),16,2,168,0
Jordan Poole,20211206,Floating Jump shot,2PT Field Goal,In The Paint (Non-RA),Center(C),10,4,100,0
Jordan Poole,20211206,Driving Layup Shot,2PT Field Goal,In The Paint (Non-RA),Center(C),4,44,22,0
Jordan Poole,20211206,Pullup Jump shot,3PT Field Goal,Above the Break 3,Left Side Center(LC),26,-163,210,1
Jordan Poole,20211206,Jump Shot,3PT Field Goal,Above the Break 3,Right Side Center(RC),26,161,213,0
Jordan Poole,20211206,Pullup Jump shot,3PT Field Goal,Above the Break 3,Center(C),26,-11,264,1
Jordan Poole,20211206,Jump Shot,3PT Field Goal,Above the Break 3,Left Side Center(LC),26,-195,179,0
Jordan Poole,20211206,Driving Reverse Layup Shot,2PT Field Goal,In The Paint (Non-RA),Center(C),4,-38,15,1
Jordan Poole,20211206,Layup Shot,2PT Field Goal,In The Paint (Non-RA),Center(C),4,44,18,0
Jordan Poole,20211206,Jump Shot,3PT Field Goal,Above the Break 3,Right Side Center(RC),29,174,241,0
Jordan Poole,20211206,Fadeaway Jump Shot,2PT Field Goal,Mid-Range,Right Side(R),10,89,59,0
Jordan Poole,20211206,Pullup Jump shot,2PT Field Goal,Mid-Range,Right Side Center(RC),18,113,148,0
Jordan Poole,20211206,Driving Floating Bank Jump Shot,2PT Field Goal,In The Paint (Non-RA),Center(C),6,-58,37,0
Jordan Poole,20211206,Turnaround Fadeaway shot,2PT Field Goal,Mid-Range,Right Side(R),14,126,79,1
Jordan Poole,20211208,Pullup Jump shot,3PT Field Goal,Above the Break 3,Right Side Center(RC),28,175,221,1
Jordan Poole,20211208,Jump Shot,3PT Field Goal,Above the Break 3,Right Side Center(RC),27,103,259,0
Jordan Poole,20211208,Driving Finger Roll Layup Shot,2PT Field Goal,In The Paint (Non-RA),Center(C),7,-66,41,1
Jordan Poole,20211208,Pullup Jump shot,3PT Field Goal,Above the Break 3,Center(C),28,-1,283,0
Jordan Poole,20211208,Jump Shot,3PT Field Goal,Left Corner 3,Left Side(L),23,-230,1,0
Jordan Poole,20211208,Driving Floating Jump Shot,2PT Field Goal,In The Paint (Non-RA),Center(C),11,-36,106,0
Jordan Poole,20211208,Step Back Jump shot,3PT Field Goal,Right Corner 3,Right Side(R),23,227,68,0
Jordan Poole,20211208,Jump Shot,3PT Field Goal,Left Corner 3,Left Side(L),23,-237,22,0
Jordan Poole,20211208,Pullup Jump shot,3PT Field Goal,Backcourt,Back Court(BC),58,124,572,0
Jordan Poole,20211208,Driving Reverse Layup Shot,2PT Field Goal,Restricted Area,Center(C),2,-4,20,1
Jordan Poole,20211208,Pullup Jump shot,3PT Field Goal,Above the Break 3,Center(C),26,7,266,1
Jordan Poole,20211208,Pullup Jump shot,3PT Field Goal,Above the Break 3,Center(C),26,-9,264,0
Jordan Poole,20211208,Jump Shot,3PT Field Goal,Left Corner 3,Left Side(L),23,-232,59,0
Jordan Poole,20211208,Driving Reverse Layup Shot,2PT Field Goal,Restricted Area,Center(C),3,-26,16,1
Jordan Poole,20211211,Running Pull-Up Jump Shot,3PT Field Goal,Above the Break 3,Right Side Center(RC),25,164,194,0
Jordan Poole,20211211,Driving Floating Jump Shot,2PT Field Goal,In The Paint (Non-RA),Center(C),10,-27,102,0
Jordan Poole,20211211,Jump Shot,3PT Field Goal,Above the Break 3,Right Side Center(RC),25,183,180,0
Jordan Poole,20211211,Driving Finger Roll Layup Shot,2PT Field Goal,Restricted Area,Center(C),1,-9,11,1
Jordan Poole,20211211,Jump Shot,3PT Field Goal,Above the Break 3,Right Side Center(RC),25,213,131,1
Jordan Poole,20211211,Jump Shot,3PT Field Goal,Above the Break 3,Right Side Center(RC),25,232,102,0
Jordan Poole,20211211,Running Finger Roll Layup Shot,2PT Field Goal,Restricted Area,Center(C),0,-1,4,1
Jordan Poole,20211211,Pullup Jump shot,3PT Field Goal,Above the Break 3,Left Side Center(LC),25,-115,225,0
Jordan Poole,20211211,Jump Shot,3PT Field Goal,Above the Break 3,Right Side Center(RC),25,216,131,1
Jordan Poole,20211211,Pullup Jump shot,3PT Field Goal,Above the Break 3,Center(C),24,-55,242,1
Jordan Poole,20211211,Pullup Jump shot,3PT Field Goal,Above the Break 3,Center(C),25,7,253,1
Jordan Poole,20211211,Pullup Jump shot,2PT Field Goal,Mid-Range,Center(C),15,1,155,1
Jordan Poole,20211211,Jump Shot,3PT Field Goal,Left Corner 3,Left Side(L),24,-241,21,0
Jordan Poole,20211211,Running Finger Roll Layup Shot,2PT Field Goal,Restricted Area,Center(C),0,6,1,0
Jordan Poole,20211213,Jump Shot,3PT Field Goal,Above the Break 3,Right Side Center(RC),25,134,214,0
Jordan Poole,20211213,Fadeaway Jump Shot,2PT Field Goal,In The Paint (Non-RA),Center(C),8,-28,80,0
Jordan Poole,20211213,Cutting Layup Shot,2PT Field Goal,Restricted Area,Center(C),2,-21,-2,1
Jordan Poole,20211213,Driving Finger Roll Layup Shot,2PT Field Goal,Restricted Area,Center(C),2,20,13,0
Jordan Poole,20211213,Jump Shot,3PT Field Goal,Above the Break 3,Right Side Center(RC),26,148,214,1
Jordan Poole,20211213,Pullup Jump shot,2PT Field Goal,Mid-Range,Left Side(L),16,-137,88,0
Jordan Poole,20211213,Running Dunk Shot,2PT Field Goal,Restricted Area,Center(C),1,-5,16,1
Jordan Poole,20211213,Running Jump Shot,3PT Field Goal,Above the Break 3,Left Side Center(LC),32,-174,269,0
Jordan Poole,20211213,Step Back Jump shot,3PT Field Goal,Above the Break 3,Right Side Center(RC),25,186,176,0
Jordan Poole,20211214,Pullup Jump shot,3PT Field Goal,Above the Break 3,Center(C),26,-4,260,0
Jordan Poole,20211214,Jump Shot,3PT Field Goal,Above the Break 3,Right Side Center(RC),25,201,151,0
Jordan Poole,20211214,Running Jump Shot,3PT Field Goal,Left Corner 3,Left Side(L),23,-230,-1,0
Jordan Poole,20211214,Pullup Jump shot,3PT Field Goal,Above the Break 3,Right Side Center(RC),24,179,169,0
Jordan Poole,20211214,Driving Finger Roll Layup Shot,2PT Field Goal,Restricted Area,Center(C),3,34,15,0
Jordan Poole,20211214,Running Layup Shot,2PT Field Goal,Restricted Area,Center(C),0,4,6,1
Jordan Poole,20211214,Pullup Jump shot,3PT Field Goal,Above the Break 3,Left Side Center(LC),25,-93,236,0
Jordan Poole,20211214,Cutting Dunk Shot,2PT Field Goal,Restricted Area,Center(C),0,9,4,1
Jordan Poole,20211214,Driving Layup Shot,2PT Field Goal,Restricted Area,Center(C),3,27,27,0
Jordan Poole,20211214,Pullup Jump shot,3PT Field Goal,Above the Break 3,Left Side Center(LC),25,-189,176,0
Jordan Poole,20211214,Running Jump Shot,2PT Field Goal,Restricted Area,Center(C),1,-16,2,1
Jordan Poole,20220307,Jump Shot,3PT Field Goal,Above the Break 3,Left Side Center(LC),24,-192,158,0
Jordan Poole,20220307,Pullup Jump shot,2PT Field Goal,Mid-Range,Left Side Center(LC),18,-141,116,0
Jordan Poole,20220307,Floating Jump shot,2PT Field Goal,Mid-Range,Left Side Center(LC),22,-180,143,0
Jordan Poole,20220307,Running Jump Shot,3PT Field Goal,Left Corner 3,Left Side(L),22,-229,5,1
Jordan Poole,20220307,Pullup Jump shot,3PT Field Goal,Above the Break 3,Right Side Center(RC),24,87,231,1
Jordan Poole,20220307,Jump Shot,3PT Field Goal,Above the Break 3,Right Side Center(RC),30,151,261,1
Jordan Poole,20220307,Finger Roll Layup Shot,2PT Field Goal,Restricted Area,Center(C),3,-15,31,1
Jordan Poole,20220307,Pullup Jump shot,3PT Field Goal,Above the Break 3,Center(C),25,75,246,1
Jordan Poole,20220307,Pullup Jump shot,3PT Field Goal,Above the Break 3,Center(C),26,58,256,1
Jordan Poole,20220307,Jump Shot,3PT Field Goal,Above the Break 3,Right Side Center(RC),28,124,258,1
Jordan Poole,20220307,Step Back Jump shot,3PT Field Goal,Above the Break 3,Right Side Center(RC),27,185,200,0
Jordan Poole,20220307,Jump Shot,3PT Field Goal,Above the Break 3,Center(C),27,-50,272,0
Jordan Poole,20220307,Jump Shot,3PT Field Goal,Above the Break 3,Right Side Center(RC),28,119,264,0
Jordan Poole,20220307,Driving Layup Shot,2PT Field Goal,Restricted Area,Center(C),2,20,12,0
Jordan Poole,20220307,Step Back Jump shot,3PT Field Goal,Left Corner 3,Left Side(L),23,-235,15,1
Jordan Poole,20220307,Running Dunk Shot,2PT Field Goal,Restricted Area,Center(C),3,-26,18,0
Jordan Poole,20220307,Driving Finger Roll Layup Shot,2PT Field Goal,Restricted Area,Center(C),3,-27,20,1
Jordan Poole,20220307,Floating Jump shot,3PT Field Goal,Above the Break 3,Center(C),26,-64,254,1
Jordan Poole,20220307,Running Layup Shot,2PT Field Goal,Restricted Area,Center(C),2,-1,21,1
Jordan Poole,20220101,Pullup Jump shot,3PT Field Goal,Above the Break 3,Left Side Center(LC),25,-100,230,1
Jordan Poole,20220101,Jump Shot,3PT Field Goal,Above the Break 3,Right Side Center(RC),35,214,288,0
Jordan Poole,20220101,Pullup Jump shot,2PT Field Goal,In The Paint (Non-RA),Right Side(R),13,80,110,0
Jordan Poole,20220101,Reverse Layup Shot,2PT Field Goal,Restricted Area,Center(C),2,-18,11,1
Jordan Poole,20220101,Driving Bank Hook Shot,2PT Field Goal,In The Paint (Non-RA),Center(C),7,-59,46,0
Jordan Poole,20220101,Driving Layup Shot,2PT Field Goal,Restricted Area,Center(C),3,33,20,1
Jordan Poole,20220103,Jump Shot,3PT Field Goal,Above the Break 3,Center(C),28,-9,284,1
Jordan Poole,20220103,Jump Shot,3PT Field Goal,Above the Break 3,Right Side Center(RC),28,92,270,1
Jordan Poole,20220103,Jump Shot,3PT Field Goal,Above the Break 3,Left Side Center(LC),26,-200,175,0
Jordan Poole,20220103,Running Layup Shot,2PT Field Goal,In The Paint (Non-RA),Center(C),4,44,11,1
Jordan Poole,20220103,Jump Shot,3PT Field Goal,Left Corner 3,Left Side(L),23,-234,25,1
Jordan Poole,20220103,Floating Jump shot,2PT Field Goal,In The Paint (Non-RA),Center(C),8,-1,88,0
Jordan Poole,20220103,Running Layup Shot,2PT Field Goal,In The Paint (Non-RA),Center(C),4,33,31,1
Jordan Poole,20220103,Jump Shot,3PT Field Goal,Above the Break 3,Left Side Center(LC),29,-138,256,0
Jordan Poole,20220103,Jump Shot,3PT Field Goal,Right Corner 3,Right Side(R),22,229,2,0
Jordan Poole,20220103,Cutting Layup Shot,2PT Field Goal,Restricted Area,Center(C),3,26,22,1
Jordan Poole,20220103,Jump Shot,3PT Field Goal,Above the Break 3,Right Side Center(RC),25,191,168,1
Jordan Poole,20220103,Pullup Jump shot,2PT Field Goal,Mid-Range,Right Side Center(RC),18,113,150,1
Jordan Poole,20220103,Cutting Layup Shot,2PT Field Goal,Restricted Area,Center(C),2,-26,6,1
Jordan Poole,20220103,Jump Shot,3PT Field Goal,Mid-Range,Left Side(L),23,-219,71,1
Jordan Poole,20220103,Layup Shot,2PT Field Goal,Restricted Area,Center(C),3,17,26,1
Jordan Poole,20220103,Driving Dunk Shot,2PT Field Goal,Restricted Area,Center(C),2,13,27,1
Jordan Poole,20220103,Pullup Jump shot,3PT Field Goal,Above the Break 3,Right Side Center(RC),26,174,201,0
Jordan Poole,20220105,Driving Layup Shot,2PT Field Goal,Restricted Area,Center(C),1,15,9,1
Jordan Poole,20220105,Pullup Jump shot,3PT Field Goal,Above the Break 3,Center(C),25,6,258,0
Jordan Poole,20220105,Driving Finger Roll Layup Shot,2PT Field Goal,In The Paint (Non-RA),Center(C),4,26,37,1
Jordan Poole,20220105,Driving Dunk Shot,2PT Field Goal,Restricted Area,Center(C),1,-2,10,1
Jordan Poole,20220105,Jump Shot,3PT Field Goal,Above the Break 3,Right Side Center(RC),25,203,152,0
Jordan Poole,20220105,Jump Shot,3PT Field Goal,Left Corner 3,Left Side(L),22,-223,16,0
Jordan Poole,20220105,Driving Layup Shot,2PT Field Goal,Restricted Area,Center(C),1,-9,13,0
Jordan Poole,20220105,Pullup Jump shot,3PT Field Goal,Above the Break 3,Right Side Center(RC),25,124,228,0
Jordan Poole,20220106,Pullup Jump shot,3PT Field Goal,Above the Break 3,Left Side Center(LC),25,-206,143,0
Jordan Poole,20220106,Jump Shot,3PT Field Goal,Above the Break 3,Right Side Center(RC),26,228,126,0
Jordan Poole,20220106,Driving Floating Jump Shot,2PT Field Goal,Restricted Area,Center(C),2,-20,1,0
Jordan Poole,20220106,Driving Reverse Layup Shot,2PT Field Goal,Restricted Area,Center(C),2,26,0,0
Jordan Poole,20220106,Jump Shot,3PT Field Goal,Above the Break 3,Left Side Center(LC),26,-199,173,0
Jordan Poole,20220106,Pullup Jump shot,2PT Field Goal,Mid-Range,Left Side Center(LC),17,-91,145,0
Jordan Poole,20220106,Pullup Jump shot,3PT Field Goal,Above the Break 3,Left Side Center(LC),25,-203,151,0
Jordan Poole,20220106,Pullup Jump shot,2PT Field Goal,Mid-Range,Left Side Center(LC),22,-88,202,0
Jordan Poole,20220106,Jump Shot,3PT Field Goal,Above the Break 3,Left Side Center(LC),25,-201,155,0
Jordan Poole,20220106,Jump Shot,3PT Field Goal,Right Corner 3,Right Side(R),23,238,20,0
Jordan Poole,20220106,Driving Layup Shot,2PT Field Goal,Restricted Area,Center(C),2,20,7,1
Jordan Poole,20220106,Pullup Jump shot,3PT Field Goal,Above the Break 3,Center(C),29,71,283,1
Jordan Poole,20220106,Step Back Jump shot,3PT Field Goal,Above the Break 3,Right Side Center(RC),26,148,217,0
Jordan Poole,20220106,Pullup Jump shot,3PT Field Goal,Above the Break 3,Right Side Center(RC),28,195,210,1
Jordan Poole,20220109,Driving Floating Jump Shot,2PT Field Goal,In The Paint (Non-RA),Center(C),12,-27,123,1
Jordan Poole,20220109,Jump Shot,3PT Field Goal,Above the Break 3,Left Side Center(LC),25,-212,137,0
Jordan Poole,20220109,Pullup Jump shot,3PT Field Goal,Above the Break 3,Right Side Center(RC),30,169,254,0
Jordan Poole,20220109,Pullup Jump shot,2PT Field Goal,Mid-Range,Center(C),19,-2,196,0
Jordan Poole,20220109,Jump Shot,3PT Field Goal,Left Corner 3,Left Side(L),23,-239,7,1
Jordan Poole,20220109,Cutting Layup Shot,2PT Field Goal,Restricted Area,Center(C),3,32,15,1
Jordan Poole,20220109,Running Jump Shot,3PT Field Goal,Right Corner 3,Right Side(R),22,222,14,1
Jordan Poole,20220109,Pullup Jump shot,3PT Field Goal,Above the Break 3,Left Side Center(LC),25,-180,187,0
Jordan Poole,20220109,Driving Finger Roll Layup Shot,2PT Field Goal,In The Paint (Non-RA),Center(C),5,7,55,1
Jordan Poole,20220109,Driving Layup Shot,2PT Field Goal,In The Paint (Non-RA),Center(C),5,45,29,0
Jordan Poole,20220109,Jump Shot,3PT Field Goal,Right Corner 3,Right Side(R),23,232,50,0
Jordan Poole,20220109,Running Layup Shot,2PT Field Goal,Restricted Area,Center(C),2,-26,13,1
Jordan Poole,20220111,Driving Floating Jump Shot,2PT Field Goal,In The Paint (Non-RA),Left Side(L),12,-72,105,1
Jordan Poole,20220111,Jump Shot,3PT Field Goal,Above the Break 3,Left Side Center(LC),26,-180,195,0
Jordan Poole,20220111,Driving Finger Roll Layup Shot,2PT Field Goal,Restricted Area,Center(C),0,-5,-3,0
Jordan Poole,20220111,Running Layup Shot,2PT Field Goal,Restricted Area,Center(C),0,6,6,1
Jordan Poole,20220111,Driving Finger Roll Layup Shot,2PT Field Goal,Restricted Area,Center(C),1,-6,15,0
Jordan Poole,20220111,Pullup Jump shot,3PT Field Goal,Above the Break 3,Right Side Center(RC),27,97,259,0
Jordan Poole,20220111,Jump Shot,3PT Field Goal,Above the Break 3,Right Side Center(RC),26,143,225,0
Jordan Poole,20220111,Step Back Jump shot,3PT Field Goal,Above the Break 3,Center(C),24,-20,243,0
Jordan Poole,20220111,Jump Shot,3PT Field Goal,Above the Break 3,Center(C),24,-48,243,1
Jordan Poole,20220111,Jump Shot,3PT Field Goal,Above the Break 3,Left Side Center(LC),25,-104,232,0
Jordan Poole,20220111,Driving Floating Jump Shot,2PT Field Goal,In The Paint (Non-RA),Right Side(R),9,56,75,0
Jordan Poole,20220113,Jump Shot,3PT Field Goal,Above the Break 3,Left Side Center(LC),27,-142,238,1
Jordan Poole,20220113,Running Pull-Up Jump Shot,3PT Field Goal,Above the Break 3,Left Side Center(LC),30,-180,248,0
Jordan Poole,20220113,Jump Shot,3PT Field Goal,Backcourt,Back Court(BC),50,-216,451,0
Jordan Poole,20220113,Pullup Jump shot,3PT Field Goal,Above the Break 3,Right Side Center(RC),26,116,241,0
Jordan Poole,20220113,Jump Shot,3PT Field Goal,Left Corner 3,Left Side(L),23,-235,-17,0
Jordan Poole,20220113,Running Jump Shot,3PT Field Goal,Above the Break 3,Right Side Center(RC),28,157,241,0
Jordan Poole,20220113,Pullup Jump shot,3PT Field Goal,Above the Break 3,Right Side Center(RC),27,126,239,1
Jordan Poole,20220114,Jump Shot,3PT Field Goal,Above the Break 3,Right Side Center(RC),26,196,175,1
Jordan Poole,20220114,Jump Shot,3PT Field Goal,Left Corner 3,Left Side(L),23,-235,-4,1
Jordan Poole,20220114,Driving Floating Jump Shot,2PT Field Goal,In The Paint (Non-RA),Center(C),6,-6,63,1
Jordan Poole,20220114,Jump Shot,3PT Field Goal,Above the Break 3,Left Side Center(LC),31,-102,301,0
Jordan Poole,20220114,Jump Shot,3PT Field Goal,Above the Break 3,Left Side Center(LC),28,-157,233,0
Jordan Poole,20220114,Driving Layup Shot,2PT Field Goal,Restricted Area,Center(C),1,-10,4,0
Jordan Poole,20220114,Jump Shot,3PT Field Goal,Right Corner 3,Right Side(R),22,229,-10,1
Jordan Poole,20220114,Jump Shot,3PT Field Goal,Above the Break 3,Right Side Center(RC),24,94,231,0
Jordan Poole,20220114,Pullup Jump shot,2PT Field Goal,Mid-Range,Left Side Center(LC),19,-100,167,0
Jordan Poole,20220114,Driving Layup Shot,2PT Field Goal,Restricted Area,Center(C),1,-6,8,1
Jordan Poole,20220114,Driving Layup Shot,2PT Field Goal,Restricted Area,Center(C),0,5,8,0
Jordan Poole,20220114,Pullup Jump shot,2PT Field Goal,Mid-Range,Right Side Center(RC),17,76,159,1
Jordan Poole,20220114,Driving Layup Shot,2PT Field Goal,Restricted Area,Center(C),2,21,-5,0
Jordan Poole,20220114,Step Back Jump shot,2PT Field Goal,Mid-Range,Right Side(R),12,127,-8,0
Jordan Poole,20220114,Pullup Jump shot,3PT Field Goal,Above the Break 3,Center(C),25,-4,253,0
Jordan Poole,20220114,Driving Floating Jump Shot,2PT Field Goal,In The Paint (Non-RA),Center(C),6,58,32,0
Jordan Poole,20220114,Step Back Jump shot,2PT Field Goal,Mid-Range,Center(C),20,23,200,0
Jordan Poole,20220114,Jump Shot,3PT Field Goal,Right Corner 3,Right Side(R),23,233,5,1
Jordan Poole,20220114,Jump Shot,3PT Field Goal,Above the Break 3,Left Side Center(LC),24,-157,189,1
Jordan Poole,20220116,Jump Shot,3PT Field Goal,Above the Break 3,Left Side Center(LC),25,-168,190,0
Jordan Poole,20220116,Jump Shot,3PT Field Goal,Above the Break 3,Center(C),27,-23,278,1
Jordan Poole,20220116,Pullup Jump shot,3PT Field Goal,Above the Break 3,Right Side Center(RC),25,93,237,1
Jordan Poole,20220116,Step Back Jump shot,3PT Field Goal,Right Corner 3,Right Side(R),22,229,-6,0
Jordan Poole,20220116,Driving Layup Shot,2PT Field Goal,Restricted Area,Center(C),1,-11,13,0
Jordan Poole,20220116,Pullup Jump shot,2PT Field Goal,Mid-Range,Center(C),15,-17,153,1
Jordan Poole,20220116,Fadeaway Jump Shot,2PT Field Goal,In The Paint (Non-RA),Center(C),7,43,66,1
Jordan Poole,20220116,Running Jump Shot,3PT Field Goal,Above the Break 3,Left Side Center(LC),28,-174,231,0
Jordan Poole,20220116,Jump Shot,3PT Field Goal,Above the Break 3,Left Side Center(LC),24,-189,161,1
Jordan Poole,20220116,Pullup Jump shot,3PT Field Goal,Above the Break 3,Center(C),25,49,253,0
Jordan Poole,20220116,Step Back Jump shot,2PT Field Goal,Mid-Range,Right Side Center(RC),20,72,193,0
Jordan Poole,20220116,Step Back Jump shot,2PT Field Goal,Mid-Range,Left Side Center(LC),16,-108,121,0
Jordan Poole,20220116,Driving Layup Shot,2PT Field Goal,Restricted Area,Center(C),0,-7,6,0
Jordan Poole,20220118,Jump Shot,3PT Field Goal,Above the Break 3,Left Side Center(LC),27,-194,188,0
Jordan Poole,20220118,Driving Layup Shot,2PT Field Goal,Restricted Area,Center(C),3,-10,33,1
Jordan Poole,20220118,Running Layup Shot,2PT Field Goal,Restricted Area,Center(C),3,27,16,0
Jordan Poole,20220118,Driving Layup Shot,2PT Field Goal,In The Paint (Non-RA),Center(C),5,-43,27,1
Jordan Poole,20220118,Step Back Jump shot,3PT Field Goal,Above the Break 3,Right Side Center(RC),26,200,177,0
Jordan Poole,20220118,Pullup Jump shot,2PT Field Goal,In The Paint (Non-RA),Center(C),10,-25,99,0
Jordan Poole,20220120,Jump Shot,3PT Field Goal,Left Corner 3,Left Side(L),23,-233,36,0
Jordan Poole,20220120,Driving Finger Roll Layup Shot,2PT Field Goal,In The Paint (Non-RA),Center(C),5,-49,29,1
Jordan Poole,20220120,Jump Shot,3PT Field Goal,Above the Break 3,Right Side Center(RC),26,184,195,0
Jordan Poole,20220120,Driving Layup Shot,2PT Field Goal,In The Paint (Non-RA),Center(C),5,44,25,0
Jordan Poole,20220120,Jump Shot,3PT Field Goal,Above the Break 3,Left Side Center(LC),27,-115,250,0
Jordan Poole,20220120,Jump Shot,3PT Field Goal,Above the Break 3,Left Side Center(LC),28,-184,213,0
Jordan Poole,20220120,Jump Shot,3PT Field Goal,Left Corner 3,Left Side(L),22,-229,-20,0
Jordan Poole,20220121,Turnaround Jump Shot,2PT Field Goal,Mid-Range,Left Side(L),15,-129,78,1
Jordan Poole,20220121,Jump Shot,3PT Field Goal,Above the Break 3,Right Side Center(RC),26,159,210,0
Jordan Poole,20220121,Running Layup Shot,2PT Field Goal,In The Paint (Non-RA),Center(C),6,55,28,1
Jordan Poole,20220121,Pullup Jump shot,2PT Field Goal,Mid-Range,Right Side Center(RC),18,135,130,1
Jordan Poole,20220121,Pullup Jump shot,2PT Field Goal,Mid-Range,Left Side Center(LC),18,-58,176,0
Jordan Poole,20220121,Driving Floating Jump Shot,2PT Field Goal,In The Paint (Non-RA),Center(C),8,-28,76,0
Jordan Poole,20220121,Jump Shot,3PT Field Goal,Left Corner 3,Left Side(L),23,-233,-5,1
Jordan Poole,20220121,Turnaround Jump Shot,2PT Field Goal,In The Paint (Non-RA),Center(C),6,6,63,0
Jordan Poole,20220121,Driving Layup Shot,2PT Field Goal,Restricted Area,Center(C),3,-29,21,0
Jordan Poole,20220121,Step Back Jump shot,3PT Field Goal,Above the Break 3,Left Side Center(LC),27,-181,210,0
Jordan Poole,20220121,Driving Floating Bank Jump Shot,2PT Field Goal,In The Paint (Non-RA),Center(C),8,-22,83,1
Jordan Poole,20220121,Pullup Jump shot,2PT Field Goal,In The Paint (Non-RA),Center(C),11,1,117,0
Jordan Poole,20220121,Step Back Jump shot,2PT Field Goal,Mid-Range,Center(C),19,9,190,0
Jordan Poole,20220121,Jump Shot,3PT Field Goal,Above the Break 3,Right Side Center(RC),25,212,150,1
Jordan Poole,20220121,Driving Layup Shot,2PT Field Goal,Restricted Area,Center(C),3,25,19,1
Jordan Poole,20220123,Jump Shot,3PT Field Goal,Above the Break 3,Right Side Center(RC),27,211,171,0
Jordan Poole,20220123,Driving Layup Shot,2PT Field Goal,In The Paint (Non-RA),Center(C),5,-59,10,1
Jordan Poole,20220123,Jump Shot,3PT Field Goal,Above the Break 3,Right Side Center(RC),26,196,182,0
Jordan Poole,20220123,Step Back Jump shot,3PT Field Goal,Above the Break 3,Left Side Center(LC),27,-188,195,1
Jordan Poole,20220123,Pullup Jump shot,3PT Field Goal,Above the Break 3,Center(C),26,26,260,1
Jordan Poole,20220123,Pullup Jump shot,3PT Field Goal,Above the Break 3,Right Side Center(RC),26,137,231,1
Jordan Poole,20220123,Step Back Jump shot,3PT Field Goal,Above the Break 3,Left Side Center(LC),28,-146,247,1
Jordan Poole,20220123,Pullup Jump shot,3PT Field Goal,Above the Break 3,Right Side Center(RC),27,132,239,0
Jordan Poole,20220123,Driving Layup Shot,2PT Field Goal,In The Paint (Non-RA),Center(C),5,-25,46,1
Jordan Poole,20220123,Jump Shot,3PT Field Goal,Above the Break 3,Left Side Center(LC),27,-218,169,0
Jordan Poole,20220123,Pullup Jump shot,2PT Field Goal,Mid-Range,Right Side Center(RC),19,71,178,1
Jordan Poole,20220123,Finger Roll Layup Shot,2PT Field Goal,In The Paint (Non-RA),Center(C),4,-17,39,0
Jordan Poole,20220123,Jump Shot,3PT Field Goal,Left Corner 3,Left Side(L),22,-229,-9,0
Jordan Poole,20220125,Jump Shot,3PT Field Goal,Left Corner 3,Left Side(L),22,-229,6,0
Jordan Poole,20220125,Pullup Jump shot,2PT Field Goal,In The Paint (Non-RA),Center(C),11,26,110,1
Jordan Poole,20220125,Driving Finger Roll Layup Shot,2PT Field Goal,In The Paint (Non-RA),Center(C),5,-34,38,1
Jordan Poole,20220125,Driving Layup Shot,2PT Field Goal,In The Paint (Non-RA),Center(C),6,-58,20,1
Jordan Poole,20220125,Step Back Jump shot,3PT Field Goal,Above the Break 3,Left Side Center(LC),28,-208,191,0
Jordan Poole,20220125,Jump Shot,3PT Field Goal,Above the Break 3,Right Side Center(RC),27,113,255,1
Jordan Poole,20220125,Jump Shot,3PT Field Goal,Right Corner 3,Right Side(R),23,237,36,1
Jordan Poole,20220125,Driving Floating Jump Shot,2PT Field Goal,Mid-Range,Right Side(R),10,104,14,1
Jordan Poole,20220125,Step Back Jump shot,3PT Field Goal,Left Corner 3,Left Side(L),23,-232,59,0
Jordan Poole,20220125,Jump Shot,3PT Field Goal,Above the Break 3,Left Side Center(LC),26,-159,213,0
Jordan Poole,20220127,Driving Hook Shot,2PT Field Goal,Restricted Area,Center(C),2,-27,5,1
Jordan Poole,20220127,Putback Layup Shot,2PT Field Goal,Restricted Area,Center(C),0,0,0,0
Jordan Poole,20220127,Driving Layup Shot,2PT Field Goal,Restricted Area,Center(C),1,-9,5,1
Jordan Poole,20220127,Step Back Jump shot,3PT Field Goal,Above the Break 3,Right Side Center(RC),25,152,209,1
Jordan Poole,20220127,Jump Shot,3PT Field Goal,Above the Break 3,Right Side Center(RC),25,97,238,0
Jordan Poole,20220127,Jump Shot,3PT Field Goal,Above the Break 3,Right Side Center(RC),25,146,211,1
Jordan Poole,20220127,Driving Floating Jump Shot,2PT Field Goal,In The Paint (Non-RA),Center(C),13,-58,119,0
Jordan Poole,20220127,Driving Dunk Shot,2PT Field Goal,Restricted Area,Center(C),1,4,17,0
Jordan Poole,20220127,Step Back Jump shot,3PT Field Goal,Above the Break 3,Center(C),26,70,257,1
Jordan Poole,20220127,Driving Finger Roll Layup Shot,2PT Field Goal,Restricted Area,Center(C),3,27,16,0
Jordan Poole,20220129,Step Back Jump shot,3PT Field Goal,Above the Break 3,Center(C),26,-10,267,1
Jordan Poole,20220129,Step Back Jump shot,3PT Field Goal,Above the Break 3,Right Side Center(RC),26,141,221,1
Jordan Poole,20220129,Jump Shot,3PT Field Goal,Above the Break 3,Center(C),28,43,278,0
Jordan Poole,20220129,Pullup Jump shot,3PT Field Goal,Above the Break 3,Left Side Center(LC),27,-116,251,0
Jordan Poole,20220129,Running Finger Roll Layup Shot,2PT Field Goal,Restricted Area,Center(C),3,32,11,1
Jordan Poole,20220129,Jump Shot,3PT Field Goal,Above the Break 3,Center(C),28,16,283,0
Jordan Poole,20220129,Jump Shot,3PT Field Goal,Above the Break 3,Center(C),26,34,259,0
Jordan Poole,20220129,Step Back Jump shot,2PT Field Goal,Mid-Range,Right Side Center(RC),18,86,162,0
Jordan Poole,20220129,Running Layup Shot,2PT Field Goal,Restricted Area,Center(C),3,12,29,1
Jordan Poole,20220129,Driving Layup Shot,2PT Field Goal,In The Paint (Non-RA),Center(C),5,54,8,0
Jordan Poole,20220129,Driving Layup Shot,2PT Field Goal,In The Paint (Non-RA),Center(C),5,49,16,0
Jordan Poole,20220129,Jump Shot,3PT Field Goal,Left Corner 3,Left Side(L),22,-227,-4,1
Jordan Poole,20220129,Jump Shot,3PT Field Goal,Above the Break 3,Left Side Center(LC),25,-137,213,0
Jordan Poole,20220129,Turnaround Fadeaway shot,2PT Field Goal,In The Paint (Non-RA),Center(C),7,43,63,1
Jordan Poole,20220129,Driving Layup Shot,2PT Field Goal,Restricted Area,Center(C),3,36,4,0
Jordan Poole,20220131,Running Pull-Up Jump Shot,3PT Field Goal,Above the Break 3,Left Side Center(LC),26,-110,245,1
Jordan Poole,20220131,Pullup Jump shot,3PT Field Goal,Above the Break 3,Center(C),35,76,348,0
Jordan Poole,20220131,Driving Layup Shot,2PT Field Goal,Restricted Area,Center(C),2,23,19,0
Jordan Poole,20220131,Jump Shot,3PT Field Goal,Right Corner 3,Right Side(R),24,243,52,1
Jordan Poole,20220201,Pullup Jump shot,2PT Field Goal,Mid-Range,Left Side Center(LC),18,-115,143,1
Jordan Poole,20220201,Step Back Jump shot,3PT Field Goal,Above the Break 3,Right Side Center(RC),27,179,214,0
Jordan Poole,20220201,Jump Shot,3PT Field Goal,Above the Break 3,Left Side Center(LC),25,-138,213,0
Jordan Poole,20220201,Jump Shot,3PT Field Goal,Above the Break 3,Left Side Center(LC),25,-206,142,0
Jordan Poole,20220201,Pullup Jump shot,2PT Field Goal,Mid-Range,Right Side Center(RC),19,99,164,1
Jordan Poole,20220201,Jump Shot,3PT Field Goal,Above the Break 3,Center(C),27,1,277,0
Jordan Poole,20220201,Driving Layup Shot,2PT Field Goal,In The Paint (Non-RA),Center(C),4,-47,-16,0
Jordan Poole,20220201,Driving Layup Shot,2PT Field Goal,Restricted Area,Center(C),1,10,1,0
Jordan Poole,20220201,Driving Reverse Layup Shot,2PT Field Goal,Restricted Area,Center(C),2,21,8,1
Jordan Poole,20220201,Driving Floating Bank Jump Shot,2PT Field Goal,Restricted Area,Center(C),3,-29,20,0
Jordan Poole,20220201,Jump Shot,3PT Field Goal,Above the Break 3,Left Side Center(LC),25,-196,156,1
Jordan Poole,20220201,Driving Layup Shot,2PT Field Goal,Restricted Area,Center(C),1,18,3,0
Jordan Poole,20220201,Jump Shot,3PT Field Goal,Above the Break 3,Right Side Center(RC),25,170,184,1
Jordan Poole,20220201,Driving Layup Shot,2PT Field Goal,Restricted Area,Center(C),1,13,5,0
Jordan Poole,20220201,Step Back Jump shot,3PT Field Goal,Above the Break 3,Left Side Center(LC),25,-191,163,0
Jordan Poole,20220201,Jump Shot,3PT Field Goal,Above the Break 3,Left Side Center(LC),25,-194,159,1
Jordan Poole,20220201,Step Back Jump shot,3PT Field Goal,Left Corner 3,Left Side(L),23,-230,1,0
Jordan Poole,20220201,Driving Layup Shot,2PT Field Goal,Restricted Area,Center(C),2,-22,-9,1
Jordan Poole,20220201,Jump Shot,3PT Field Goal,Above the Break 3,Right Side Center(RC),25,210,149,0
Jordan Poole,20220201,Step Back Jump shot,3PT Field Goal,Left Corner 3,Left Side(L),23,-235,0,0
Jordan Poole,20220201,Driving Layup Shot,2PT Field Goal,Restricted Area,Center(C),0,5,-1,0
Jordan Poole,20220201,Driving Layup Shot,2PT Field Goal,Restricted Area,Center(C),1,-18,-3,1
Jordan Poole,20220201,Jump Shot,3PT Field Goal,Left Corner 3,Left Side(L),23,-234,-8,0
Jordan Poole,20220201,Jump Shot,3PT Field Goal,Left Corner 3,Left Side(L),23,-238,-30,1
Jordan Poole,20220203,Step Back Jump shot,3PT Field Goal,Above the Break 3,Left Side Center(LC),26,-194,178,0
Jordan Poole,20220203,Putback Layup Shot,2PT Field Goal,Restricted Area,Center(C),0,0,0,1
Jordan Poole,20220203,Step Back Jump shot,3PT Field Goal,Above the Break 3,Left Side Center(LC),25,-206,158,0
Jordan Poole,20220203,Pullup Jump shot,2PT Field Goal,Mid-Range,Center(C),18,27,184,1
Jordan Poole,20220203,Running Pull-Up Jump Shot,3PT Field Goal,Above the Break 3,Right Side Center(RC),32,137,291,0
Jordan Poole,20220203,Pullup Jump shot,2PT Field Goal,In The Paint (Non-RA),Center(C),8,-18,83,1
Jordan Poole,20220203,Pullup Jump shot,3PT Field Goal,Above the Break 3,Center(C),26,-7,268,0
Jordan Poole,20220203,Cutting Dunk Shot,2PT Field Goal,Restricted Area,Center(C),3,-26,19,1
Jordan Poole,20220207,Jump Shot,3PT Field Goal,Above the Break 3,Right Side Center(RC),26,181,200,0
Jordan Poole,20220207,Driving Dunk Shot,2PT Field Goal,Restricted Area,Center(C),3,20,23,1
Jordan Poole,20220207,Running Jump Shot,3PT Field Goal,Right Corner 3,Right Side(R),23,232,11,1
Jordan Poole,20220207,Jump Shot,3PT Field Goal,Above the Break 3,Right Side Center(RC),27,174,207,0
Jordan Poole,20220207,Driving Floating Jump Shot,2PT Field Goal,In The Paint (Non-RA),Center(C),14,-69,130,1
Jordan Poole,20220207,Driving Layup Shot,2PT Field Goal,Restricted Area,Center(C),3,-20,26,1
Jordan Poole,20220207,Jump Shot,3PT Field Goal,Above the Break 3,Left Side Center(LC),24,-223,106,0
Jordan Poole,20220207,Driving Finger Roll Layup Shot,2PT Field Goal,In The Paint (Non-RA),Center(C),4,-42,15,1
Jordan Poole,20220209,Jump Shot,3PT Field Goal,Right Corner 3,Right Side(R),23,228,55,0
Jordan Poole,20220209,Jump Shot,3PT Field Goal,Above the Break 3,Left Side Center(LC),27,-169,215,1
Jordan Poole,20220209,Jump Shot,3PT Field Goal,Above the Break 3,Left Side Center(LC),25,-85,240,0
Jordan Poole,20220209,Driving Layup Shot,2PT Field Goal,Restricted Area,Center(C),1,13,5,0
Jordan Poole,20220209,Floating Jump shot,2PT Field Goal,In The Paint (Non-RA),Center(C),7,-43,67,1
Jordan Poole,20220209,Jump Shot,3PT Field Goal,Above the Break 3,Left Side Center(LC),25,-152,203,1
Jordan Poole,20220209,Pullup Jump shot,3PT Field Goal,Above the Break 3,Right Side Center(RC),25,148,203,0
Jordan Poole,20220209,Step Back Jump shot,2PT Field Goal,In The Paint (Non-RA),Center(C),11,-7,116,0
Jordan Poole,20220209,Jump Shot,3PT Field Goal,Above the Break 3,Left Side Center(LC),28,-181,217,1
Jordan Poole,20220209,Pullup Jump shot,2PT Field Goal,Mid-Range,Center(C),14,11,148,0
Jordan Poole,20220209,Pullup Jump shot,3PT Field Goal,Above the Break 3,Left Side Center(LC),25,-82,242,0
Jordan Poole,20220209,Jump Bank Shot,3PT Field Goal,Backcourt,Back Court(BC),58,207,542,0
Jordan Poole,20220209,Driving Layup Shot,2PT Field Goal,Restricted Area,Center(C),2,22,12,1
Jordan Poole,20220209,Pullup Jump shot,2PT Field Goal,Mid-Range,Right Side Center(RC),16,107,123,0
Jordan Poole,20220210,Driving Floating Jump Shot,2PT Field Goal,In The Paint (Non-RA),Center(C),11,-12,116,1
Jordan Poole,20220210,Jump Shot,3PT Field Goal,Above the Break 3,Left Side Center(LC),27,-180,214,1
Jordan Poole,20220210,Jump Shot,3PT Field Goal,Above the Break 3,Left Side Center(LC),26,-192,186,0
Jordan Poole,20220210,Pullup Jump shot,3PT Field Goal,Above the Break 3,Center(C),25,-28,258,0
Jordan Poole,20220210,Running Reverse Layup Shot,2PT Field Goal,In The Paint (Non-RA),Center(C),4,-34,25,0
Jordan Poole,20220210,Jump Shot,3PT Field Goal,Right Corner 3,Right Side(R),23,234,38,0
Jordan Poole,20220210,Driving Dunk Shot,2PT Field Goal,Restricted Area,Center(C),3,-18,27,1
Jordan Poole,20220210,Jump Shot,3PT Field Goal,Above the Break 3,Left Side Center(LC),27,-173,209,0
Jordan Poole,20220210,Driving Layup Shot,2PT Field Goal,Restricted Area,Center(C),3,-33,6,0
Jordan Poole,20220210,Driving Finger Roll Layup Shot,2PT Field Goal,Restricted Area,Center(C),2,-16,24,1
Jordan Poole,20220210,Layup Shot,2PT Field Goal,Restricted Area,Center(C),3,28,17,1
Jordan Poole,20220212,Step Back Jump shot,3PT Field Goal,Above the Break 3,Left Side Center(LC),27,-206,185,0
Jordan Poole,20220212,Driving Floating Jump Shot,2PT Field Goal,Mid-Range,Left Side(L),11,-114,27,1
Jordan Poole,20220212,Jump Shot,3PT Field Goal,Right Corner 3,Right Side(R),23,228,63,0
Jordan Poole,20220212,Pullup Jump shot,3PT Field Goal,Above the Break 3,Center(C),26,-34,264,0
Jordan Poole,20220212,Driving Finger Roll Layup Shot,2PT Field Goal,In The Paint (Non-RA),Center(C),4,29,37,0
Jordan Poole,20220212,Jump Shot,3PT Field Goal,Above the Break 3,Left Side Center(LC),26,-129,231,1
Jordan Poole,20220212,Running Layup Shot,2PT Field Goal,In The Paint (Non-RA),Center(C),6,69,-2,0
Jordan Poole,20220212,Step Back Jump shot,3PT Field Goal,Above the Break 3,Left Side Center(LC),26,-175,203,0
Jordan Poole,20220214,Jump Shot,3PT Field Goal,Above the Break 3,Right Side Center(RC),28,176,228,0
Jordan Poole,20220214,Floating Jump shot,2PT Field Goal,Restricted Area,Center(C),3,26,18,0
Jordan Poole,20220214,Running Layup Shot,2PT Field Goal,Restricted Area,Center(C),1,-2,18,1
Jordan Poole,20220214,Jump Shot,3PT Field Goal,Above the Break 3,Center(C),27,-26,269,0
Jordan Poole,20220214,Jump Shot,3PT Field Goal,Above the Break 3,Center(C),29,22,292,0
Jordan Poole,20220214,Pullup Jump shot,2PT Field Goal,In The Paint (Non-RA),Right Side(R),11,70,85,1
Jordan Poole,20220214,Pullup Jump shot,3PT Field Goal,Above the Break 3,Left Side Center(LC),26,-195,182,0
Jordan Poole,20220214,Fadeaway Jump Shot,2PT Field Goal,Mid-Range,Right Side(R),13,81,109,1
Jordan Poole,20220214,Driving Layup Shot,2PT Field Goal,Restricted Area,Center(C),2,-21,15,1
Jordan Poole,20220214,Step Back Jump shot,3PT Field Goal,Above the Break 3,Right Side Center(RC),28,89,273,1
Jordan Poole,20220214,Driving Dunk Shot,2PT Field Goal,In The Paint (Non-RA),Center(C),4,-34,24,0
Jordan Poole,20220216,Step Back Jump shot,3PT Field Goal,Above the Break 3,Left Side Center(LC),27,-99,252,1
Jordan Poole,20220216,Driving Floating Jump Shot,2PT Field Goal,In The Paint (Non-RA),Center(C),12,-40,117,1
Jordan Poole,20220216,Running Layup Shot,2PT Field Goal,In The Paint (Non-RA),Center(C),4,-40,28,0
Jordan Poole,20220216,Step Back Jump shot,2PT Field Goal,Mid-Range,Right Side(R),13,85,106,1
Jordan Poole,20220216,Jump Shot,3PT Field Goal,Above the Break 3,Left Side Center(LC),26,-169,205,0
Jordan Poole,20220216,Jump Shot,3PT Field Goal,Left Corner 3,Left Side(L),24,-240,2,0
Jordan Poole,20220216,Running Reverse Layup Shot,2PT Field Goal,In The Paint (Non-RA),Center(C),4,-33,28,0
Jordan Poole,20220216,Running Layup Shot,2PT Field Goal,Restricted Area,Center(C),3,34,6,1
Jordan Poole,20220216,Pullup Jump shot,2PT Field Goal,Mid-Range,Right Side Center(RC),20,143,140,1
Jordan Poole,20220216,Driving Floating Jump Shot,2PT Field Goal,In The Paint (Non-RA),Center(C),6,-28,58,0
Jordan Poole,20220216,Pullup Jump shot,3PT Field Goal,Above the Break 3,Center(C),25,12,256,1
Jordan Poole,20220224,Running Layup Shot,2PT Field Goal,In The Paint (Non-RA),Center(C),6,48,47,0
Jordan Poole,20220224,Running Jump Shot,3PT Field Goal,Above the Break 3,Right Side Center(RC),25,152,208,1
Jordan Poole,20220224,Jump Shot,3PT Field Goal,Above the Break 3,Left Side Center(LC),24,-192,159,1
Jordan Poole,20220224,Running Pull-Up Jump Shot,3PT Field Goal,Above the Break 3,Right Side Center(RC),25,132,213,0
Jordan Poole,20220224,Jump Shot,3PT Field Goal,Right Corner 3,Right Side(R),22,225,5,0
Jordan Poole,20220224,Running Pull-Up Jump Shot,3PT Field Goal,Above the Break 3,Right Side Center(RC),27,142,237,0
Jordan Poole,20220224,Driving Layup Shot,2PT Field Goal,Restricted Area,Center(C),1,0,15,1
Jordan Poole,20220224,Driving Layup Shot,2PT Field Goal,Restricted Area,Center(C),3,18,27,1
Jordan Poole,20220224,Jump Shot,3PT Field Goal,Above the Break 3,Left Side Center(LC),26,-190,189,0
Jordan Poole,20220224,Running Dunk Shot,2PT Field Goal,Restricted Area,Center(C),1,11,12,1
Jordan Poole,20220227,Driving Floating Jump Shot,2PT Field Goal,In The Paint (Non-RA),Center(C),5,-9,55,0
Jordan Poole,20220227,Step Back Jump shot,3PT Field Goal,Above the Break 3,Center(C),25,-45,249,0
Jordan Poole,20220227,Jump Shot,3PT Field Goal,Right Corner 3,Right Side(R),22,227,33,0
Jordan Poole,20220227,Jump Shot,3PT Field Goal,Left Corner 3,Left Side(L),22,-222,3,0
Jordan Poole,20220227,Driving Finger Roll Layup Shot,2PT Field Goal,In The Paint (Non-RA),Center(C),4,37,27,0
Jordan Poole,20220227,Running Pull-Up Jump Shot,3PT Field Goal,Above the Break 3,Right Side Center(RC),34,158,305,0
Jordan Poole,20220227,Driving Finger Roll Layup Shot,2PT Field Goal,Mid-Range,Left Side(L),12,-109,57,0
Jordan Poole,20220301,Running Layup Shot,2PT Field Goal,Restricted Area,Center(C),2,20,11,0
Jordan Poole,20220301,Pullup Jump shot,2PT Field Goal,Mid-Range,Left Side Center(LC),17,-74,154,1
Jordan Poole,20220301,Jump Shot,3PT Field Goal,Right Corner 3,Right Side(R),22,228,12,0
Jordan Poole,20220301,Jump Shot,3PT Field Goal,Above the Break 3,Right Side Center(RC),25,103,235,0
Jordan Poole,20220301,Running Jump Shot,3PT Field Goal,Above the Break 3,Right Side Center(RC),23,214,106,0
Jordan Poole,20220301,Floating Jump shot,2PT Field Goal,Mid-Range,Right Side(R),14,118,83,1
Jordan Poole,20220301,Step Back Jump shot,2PT Field Goal,Mid-Range,Left Side(L),18,-189,1,0
Jordan Poole,20220301,Step Back Jump shot,3PT Field Goal,Above the Break 3,Left Side Center(LC),24,-120,215,1
Jordan Poole,20220301,Jump Shot,3PT Field Goal,Above the Break 3,Center(C),25,-12,253,0
Jordan Poole,20220301,Driving Floating Jump Shot,2PT Field Goal,In The Paint (Non-RA),Center(C),10,-16,105,1
Jordan Poole,20220301,Driving Reverse Layup Shot,2PT Field Goal,Restricted Area,Center(C),2,-28,2,1
Jordan Poole,20220301,Pullup Jump shot,3PT Field Goal,Above the Break 3,Center(C),24,50,243,0
Jordan Poole,20220303,Driving Layup Shot,2PT Field Goal,Restricted Area,Center(C),3,22,29,0
Jordan Poole,20220303,Jump Shot,3PT Field Goal,Above the Break 3,Left Side Center(LC),26,-94,250,1
Jordan Poole,20220303,Jump Shot,3PT Field Goal,Above the Break 3,Right Side Center(RC),25,159,204,1
Jordan Poole,20220303,Step Back Jump shot,3PT Field Goal,Above the Break 3,Right Side Center(RC),27,168,215,0
Jordan Poole,20220303,Jump Shot,3PT Field Goal,Above the Break 3,Left Side Center(LC),24,-213,125,0
Jordan Poole,20220303,Running Layup Shot,2PT Field Goal,Restricted Area,Center(C),2,-11,20,1
Jordan Poole,20220303,Jump Shot,3PT Field Goal,Above the Break 3,Center(C),31,69,307,0
Jordan Poole,20220303,Driving Finger Roll Layup Shot,2PT Field Goal,Restricted Area,Center(C),3,16,29,1
Jordan Poole,20220303,Driving Finger Roll Layup Shot,2PT Field Goal,Restricted Area,Center(C),1,-15,10,1
Jordan Poole,20220303,Running Finger Roll Layup Shot,2PT Field Goal,Restricted Area,Center(C),1,10,13,1
Jordan Poole,20220303,Pullup Jump shot,3PT Field Goal,Above the Break 3,Left Side Center(LC),26,-186,184,1
Jordan Poole,20220303,Driving Floating Jump Shot,2PT Field Goal,In The Paint (Non-RA),Center(C),11,59,104,1
Jordan Poole,20220305,Driving Layup Shot,2PT Field Goal,Restricted Area,Center(C),2,-18,12,1
Jordan Poole,20220305,Jump Shot,3PT Field Goal,Above the Break 3,Right Side Center(RC),26,102,247,1
Jordan Poole,20220305,Running Pull-Up Jump Shot,3PT Field Goal,Above the Break 3,Right Side Center(RC),26,112,243,1
Jordan Poole,20220305,Running Jump Shot,3PT Field Goal,Above the Break 3,Left Side Center(LC),29,-124,265,1
Jordan Poole,20220305,Driving Bank Hook Shot,2PT Field Goal,Restricted Area,Center(C),3,33,5,0
Jordan Poole,20220305,Driving Layup Shot,2PT Field Goal,Restricted Area,Center(C),2,-27,11,1
Jordan Poole,20220305,Pullup Jump shot,3PT Field Goal,Above the Break 3,Left Side Center(LC),30,-145,265,1
Jordan Poole,20220305,Step Back Jump shot,3PT Field Goal,Above the Break 3,Center(C),27,5,277,0
Jordan Poole,20220305,Pullup Jump shot,2PT Field Goal,Mid-Range,Right Side(R),14,93,109,1
Jordan Poole,20220305,Driving Layup Shot,2PT Field Goal,Restricted Area,Center(C),3,-22,25,1
Jordan Poole,20220305,Step Back Jump shot,3PT Field Goal,Above the Break 3,Center(C),30,69,295,0
Jordan Poole,20220305,Driving Floating Jump Shot,2PT Field Goal,In The Paint (Non-RA),Left Side(L),8,-42,72,0
Jordan Poole,20220305,Jump Shot,3PT Field Goal,Above the Break 3,Left Side Center(LC),25,-201,163,0
Jordan Poole,20220305,Driving Finger Roll Layup Shot,2PT Field Goal,Restricted Area,Center(C),3,5,37,1
Jordan Poole,20220305,Step Back Jump shot,3PT Field Goal,Above the Break 3,Right Side Center(RC),27,114,248,0
Jordan Poole,20220308,Jump Shot,3PT Field Goal,Above the Break 3,Left Side Center(LC),25,-82,240,0
Jordan Poole,20220308,Driving Reverse Layup Shot,2PT Field Goal,Restricted Area,Center(C),2,-1,24,0
Jordan Poole,20220308,Jump Shot,3PT Field Goal,Above the Break 3,Right Side Center(RC),25,147,209,1
Jordan Poole,20220308,Step Back Jump shot,2PT Field Goal,Mid-Range,Left Side(L),15,-115,111,0
Jordan Poole,20220308,Cutting Layup Shot,2PT Field Goal,Restricted Area,Center(C),1,10,6,1
Jordan Poole,20220308,Jump Shot,3PT Field Goal,Above the Break 3,Right Side Center(RC),26,87,246,1
Jordan Poole,20220308,Pullup Jump shot,3PT Field Goal,Above the Break 3,Left Side Center(LC),24,-161,188,1
Jordan Poole,20220308,Pullup Jump shot,2PT Field Goal,Mid-Range,Left Side Center(LC),17,-96,151,1
Jordan Poole,20220308,Driving Floating Jump Shot,2PT Field Goal,Mid-Range,Left Side Center(LC),17,-87,148,0
Jordan Poole,20220308,Driving Reverse Layup Shot,2PT Field Goal,Restricted Area,Center(C),1,-1,11,1
Jordan Poole,20220308,Jump Shot,3PT Field Goal,Above the Break 3,Left Side Center(LC),24,-195,153,1
Jordan Poole,20220308,Driving Reverse Layup Shot,2PT Field Goal,Restricted Area,Center(C),1,-13,1,1
Jordan Poole,20220308,Jump Shot,3PT Field Goal,Above the Break 3,Left Side Center(LC),24,-186,165,0
Jordan Poole,20220310,Driving Floating Jump Shot,2PT Field Goal,In The Paint (Non-RA),Center(C),7,59,46,0
Jordan Poole,20220310,Step Back Jump shot,3PT Field Goal,Above the Break 3,Left Side Center(LC),25,-199,163,1
Jordan Poole,20220310,Jump Shot,3PT Field Goal,Above the Break 3,Center(C),29,62,284,0
Jordan Poole,20220310,Layup Shot,2PT Field Goal,In The Paint (Non-RA),Center(C),4,40,5,0
Jordan Poole,20220310,Putback Layup Shot,2PT Field Goal,Restricted Area,Center(C),0,0,0,1
Jordan Poole,20220310,Running Finger Roll Layup Shot,2PT Field Goal,Restricted Area,Center(C),2,-23,10,1
Jordan Poole,20220310,Pullup Jump shot,2PT Field Goal,Mid-Range,Center(C),19,-4,193,1
Jordan Poole,20220310,Pullup Jump shot,3PT Field Goal,Above the Break 3,Center(C),25,-36,252,0
Jordan Poole,20220310,Step Back Jump shot,2PT Field Goal,Mid-Range,Center(C),17,-48,167,1
Jordan Poole,20220310,Jump Shot,3PT Field Goal,Above the Break 3,Right Side Center(RC),26,108,247,1
Jordan Poole,20220310,Step Back Jump shot,3PT Field Goal,Right Corner 3,Right Side(R),22,225,8,0
Jordan Poole,20220310,Jump Shot,3PT Field Goal,Above the Break 3,Left Side Center(LC),26,-143,223,1
Jordan Poole,20220310,Jump Shot,3PT Field Goal,Right Corner 3,Right Side(R),22,223,20,1
Jordan Poole,20220312,Running Layup Shot,2PT Field Goal,In The Paint (Non-RA),Center(C),4,-38,13,1
Jordan Poole,20220312,Jump Shot,3PT Field Goal,Above the Break 3,Left Side Center(LC),27,-163,218,1
Jordan Poole,20220312,Pullup Jump shot,3PT Field Goal,Above the Break 3,Left Side Center(LC),29,-141,256,0
Jordan Poole,20220312,Step Back Jump shot,2PT Field Goal,Mid-Range,Left Side(L),14,-142,34,0
Jordan Poole,20220312,Driving Floating Jump Shot,2PT Field Goal,In The Paint (Non-RA),Center(C),6,18,63,1
Jordan Poole,20220312,Driving Layup Shot,2PT Field Goal,In The Paint (Non-RA),Center(C),4,-34,26,1
Jordan Poole,20220312,Pullup Jump shot,3PT Field Goal,Above the Break 3,Center(C),26,34,263,1
Jordan Poole,20220312,Jump Shot,3PT Field Goal,Above the Break 3,Center(C),26,29,268,0
Jordan Poole,20220312,Jump Shot,3PT Field Goal,Above the Break 3,Right Side Center(RC),26,162,215,1
Jordan Poole,20220312,Jump Shot,3PT Field Goal,Above the Break 3,Right Side Center(RC),26,196,176,0
Jordan Poole,20220312,Driving Floating Jump Shot,2PT Field Goal,Mid-Range,Left Side(L),9,-85,46,0
Jordan Poole,20220312,Jump Shot,3PT Field Goal,Left Corner 3,Left Side(L),23,-230,13,1
Jordan Poole,20220312,Jump Shot,3PT Field Goal,Above the Break 3,Center(C),29,-37,288,1
Jordan Poole,20220312,Driving Floating Jump Shot,2PT Field Goal,Mid-Range,Left Side(L),13,-93,97,1
Jordan Poole,20220312,Step Back Jump shot,3PT Field Goal,Above the Break 3,Left Side Center(LC),26,-132,235,0
Jordan Poole,20220312,Jump Shot,3PT Field Goal,Above the Break 3,Right Side Center(RC),25,141,215,0
Jordan Poole,20220314,Pullup Jump shot,2PT Field Goal,Mid-Range,Center(C),18,4,188,0
Jordan Poole,20220314,Jump Shot,3PT Field Goal,Above the Break 3,Left Side Center(LC),27,-188,199,1
Jordan Poole,20220314,Jump Shot,3PT Field Goal,Above the Break 3,Right Side Center(RC),25,207,141,0
Jordan Poole,20220314,Step Back Jump shot,2PT Field Goal,Mid-Range,Right Side Center(RC),16,116,120,0
Jordan Poole,20220314,Running Finger Roll Layup Shot,2PT Field Goal,In The Paint (Non-RA),Center(C),6,39,50,1
Jordan Poole,20220314,Step Back Jump shot,2PT Field Goal,Mid-Range,Right Side Center(RC),16,134,102,1
Jordan Poole,20220314,Pullup Jump shot,2PT Field Goal,Mid-Range,Left Side Center(LC),19,-62,185,1
Jordan Poole,20220314,Running Layup Shot,2PT Field Goal,In The Paint (Non-RA),Center(C),4,44,8,1
Jordan Poole,20220314,Jump Shot,3PT Field Goal,Above the Break 3,Left Side Center(LC),26,-112,244,0
Jordan Poole,20220314,Jump Shot,3PT Field Goal,Above the Break 3,Left Side Center(LC),28,-157,243,0
Jordan Poole,20220314,Jump Shot,2PT Field Goal,In The Paint (Non-RA),Center(C),4,33,30,0
Jordan Poole,20220314,Driving Hook Shot,2PT Field Goal,In The Paint (Non-RA),Center(C),7,66,43,1
Jordan Poole,20220314,Turnaround Fadeaway shot,2PT Field Goal,In The Paint (Non-RA),Center(C),12,15,120,1
Jordan Poole,20220316,Pullup Jump shot,3PT Field Goal,Above the Break 3,Right Side Center(RC),26,113,242,0
Jordan Poole,20220316,Jump Shot,3PT Field Goal,Above the Break 3,Center(C),25,-44,251,0
Jordan Poole,20220316,Fadeaway Jump Shot,2PT Field Goal,In The Paint (Non-RA),Center(C),9,33,85,1
Jordan Poole,20220316,Cutting Layup Shot,2PT Field Goal,In The Paint (Non-RA),Center(C),4,38,24,0
Jordan Poole,20220316,Pullup Jump shot,2PT Field Goal,Mid-Range,Right Side Center(RC),20,86,185,0
Jordan Poole,20220316,Step Back Jump shot,3PT Field Goal,Above the Break 3,Left Side Center(LC),27,-162,227,0
Jordan Poole,20220316,Cutting Layup Shot,2PT Field Goal,In The Paint (Non-RA),Center(C),4,-15,45,0
Jordan Poole,20220316,Pullup Jump shot,3PT Field Goal,Above the Break 3,Left Side Center(LC),27,-172,215,0
Jordan Poole,20220316,Pullup Jump shot,3PT Field Goal,Above the Break 3,Center(C),29,-50,289,1
Jordan Poole,20220316,Pullup Jump shot,2PT Field Goal,Mid-Range,Center(C),18,25,183,1
Jordan Poole,20220316,Jump Shot,3PT Field Goal,Above the Break 3,Left Side Center(LC),28,-153,246,1
Jordan Poole,20220316,Jump Shot,3PT Field Goal,Above the Break 3,Left Side Center(LC),28,-168,230,0
Jordan Poole,20220316,Turnaround Fadeaway shot,2PT Field Goal,In The Paint (Non-RA),Right Side(R),9,69,68,1
Jordan Poole,20220316,Jump Shot,3PT Field Goal,Above the Break 3,Left Side Center(LC),28,-105,265,1
Jordan Poole,20220316,Jump Shot,3PT Field Goal,Left Corner 3,Left Side(L),23,-232,49,1
Jordan Poole,20220316,Jump Shot,3PT Field Goal,Above the Break 3,Center(C),29,-48,296,1
Jordan Poole,20220316,Running Finger Roll Layup Shot,2PT Field Goal,In The Paint (Non-RA),Center(C),6,58,29,1
Jordan Poole,20220316,Pullup Jump shot,3PT Field Goal,Above the Break 3,Center(C),26,-31,262,0
Jordan Poole,20220316,Jump Shot,3PT Field Goal,Above the Break 3,Center(C),29,-12,291,1
Jordan Poole,20220316,Jump Shot,3PT Field Goal,Right Corner 3,Right Side(R),23,232,8,0
Jordan Poole,20220320,Jump Shot,3PT Field Goal,Left Corner 3,Left Side(L),23,-235,-21,0
Jordan Poole,20220320,Driving Reverse Layup Shot,2PT Field Goal,In The Paint (Non-RA),Center(C),4,42,-5,1
Jordan Poole,20220320,Step Back Jump shot,2PT Field Goal,Mid-Range,Right Side Center(RC),16,123,109,0
Jordan Poole,20220320,Step Back Jump shot,2PT Field Goal,Mid-Range,Left Side Center(LC),18,-107,157,0
Jordan Poole,20220320,Driving Floating Bank Jump Shot,2PT Field Goal,In The Paint (Non-RA),Center(C),6,53,32,1
Jordan Poole,20220320,Jump Shot,3PT Field Goal,Right Corner 3,Right Side(R),22,228,27,1
Jordan Poole,20220320,Driving Layup Shot,2PT Field Goal,In The Paint (Non-RA),Center(C),4,39,13,1
Jordan Poole,20220320,Jump Shot,3PT Field Goal,Above the Break 3,Center(C),29,65,291,0
Jordan Poole,20220320,Turnaround Hook Shot,2PT Field Goal,Mid-Range,Left Side(L),9,-94,28,0
Jordan Poole,20220320,Step Back Jump shot,3PT Field Goal,Above the Break 3,Right Side Center(RC),26,118,236,1
Jordan Poole,20220320,Jump Shot,3PT Field Goal,Left Corner 3,Left Side(L),22,-222,1,0
Jordan Poole,20220320,Jump Shot,3PT Field Goal,Above the Break 3,Center(C),28,2,285,1
Jordan Poole,20220320,Jump Shot,3PT Field Goal,Above the Break 3,Right Side Center(RC),25,152,210,0
Jordan Poole,20220320,Pullup Jump shot,2PT Field Goal,Mid-Range,Center(C),16,4,162,1
Jordan Poole,20220320,Driving Reverse Layup Shot,2PT Field Goal,In The Paint (Non-RA),Center(C),5,53,5,0
Jordan Poole,20220320,Driving Finger Roll Layup Shot,2PT Field Goal,Restricted Area,Center(C),2,-16,20,1
Jordan Poole,20220320,Driving Reverse Layup Shot,2PT Field Goal,In The Paint (Non-RA),Center(C),5,-48,20,1
Jordan Poole,20220320,Pullup Jump shot,3PT Field Goal,Above the Break 3,Left Side Center(LC),25,-100,237,1
Jordan Poole,20220320,Turnaround Jump Shot,2PT Field Goal,Mid-Range,Left Side(L),8,-82,11,0
Jordan Poole,20220320,Driving Layup Shot,2PT Field Goal,In The Paint (Non-RA),Center(C),4,44,17,1
Jordan Poole,20220320,Step Back Jump shot,3PT Field Goal,Above the Break 3,Left Side Center(LC),28,-108,266,0
Jordan Poole,20220322,Jump Shot,3PT Field Goal,Above the Break 3,Right Side Center(RC),26,191,188,0
Jordan Poole,20220322,Jump Shot,3PT Field Goal,Above the Break 3,Left Side Center(LC),30,-123,284,0
Jordan Poole,20220322,Running Pull-Up Jump Shot,3PT Field Goal,Above the Break 3,Center(C),26,-69,254,1
Jordan Poole,20220322,Pullup Jump shot,3PT Field Goal,Above the Break 3,Center(C),26,-10,265,0
Jordan Poole,20220322,Step Back Jump shot,3PT Field Goal,Above the Break 3,Right Side Center(RC),27,115,246,0
Jordan Poole,20220322,Running Layup Shot,2PT Field Goal,Restricted Area,Center(C),3,11,32,0
Jordan Poole,20220322,Jump Shot,3PT Field Goal,Above the Break 3,Left Side Center(LC),24,-158,187,0
Jordan Poole,20220322,Driving Reverse Layup Shot,2PT Field Goal,Restricted Area,Center(C),2,-23,0,1
Jordan Poole,20220322,Step Back Jump shot,2PT Field Goal,Mid-Range,Left Side Center(LC),19,-124,148,0
Jordan Poole,20220322,Turnaround Fadeaway Bank Jump Shot,3PT Field Goal,Above the Break 3,Left Side Center(LC),24,-141,203,1
Jordan Poole,20220322,Jump Shot,3PT Field Goal,Above the Break 3,Left Side Center(LC),26,-131,231,1
Jordan Poole,20220322,Running Jump Shot,3PT Field Goal,Above the Break 3,Right Side Center(RC),31,161,271,1
Jordan Poole,20220322,Step Back Jump shot,2PT Field Goal,Mid-Range,Right Side Center(RC),16,87,143,0
Jordan Poole,20220322,Step Back Jump shot,2PT Field Goal,In The Paint (Non-RA),Center(C),10,6,109,0
Jordan Poole,20220322,Running Jump Shot,3PT Field Goal,Above the Break 3,Center(C),39,2,390,0
Jordan Poole,20220322,Pullup Jump shot,3PT Field Goal,Above the Break 3,Left Side Center(LC),24,-205,142,1
Jordan Poole,20220322,Driving Finger Roll Layup Shot,2PT Field Goal,In The Paint (Non-RA),Center(C),4,-38,15,1
Jordan Poole,20220322,Driving Floating Jump Shot,2PT Field Goal,In The Paint (Non-RA),Center(C),9,-32,87,0
Jordan Poole,20220322,Pullup Jump shot,3PT Field Goal,Above the Break 3,Center(C),30,-10,302,0
Jordan Poole,20220322,Jump Shot,3PT Field Goal,Above the Break 3,Center(C),24,-17,247,0
Jordan Poole,20220322,Driving Layup Shot,2PT Field Goal,Restricted Area,Center(C),2,-21,15,1
Jordan Poole,20220322,Driving Layup Shot,2PT Field Goal,In The Paint (Non-RA),Center(C),4,-43,20,0
Jordan Poole,20220322,Running Layup Shot,2PT Field Goal,Restricted Area,Center(C),1,16,5,1
Jordan Poole,20220323,Fadeaway Jump Shot,2PT Field Goal,In The Paint (Non-RA),Center(C),6,-64,19,1
Jordan Poole,20220323,Jump Shot,3PT Field Goal,Right Corner 3,Right Side(R),25,238,79,0
Jordan Poole,20220323,Step Back Jump shot,2PT Field Goal,Mid-Range,Right Side(R),19,197,8,1
Jordan Poole,20220323,Pullup Jump shot,3PT Field Goal,Above the Break 3,Right Side Center(RC),27,114,245,1
Jordan Poole,20220323,Driving Layup Shot,2PT Field Goal,Restricted Area,Center(C),1,-2,10,1
Jordan Poole,20220323,Step Back Jump shot,3PT Field Goal,Above the Break 3,Left Side Center(LC),28,-202,194,0
Jordan Poole,20220323,Turnaround Jump Shot,2PT Field Goal,In The Paint (Non-RA),Left Side(L),8,-62,54,0
Jordan Poole,20220323,Pullup Jump shot,3PT Field Goal,Above the Break 3,Right Side Center(RC),33,220,257,0
Jordan Poole,20220323,Jump Shot,3PT Field Goal,Above the Break 3,Center(C),29,68,285,0
Jordan Poole,20220323,Step Back Jump shot,3PT Field Goal,Right Corner 3,Right Side(R),23,230,22,1
Jordan Poole,20220323,Pullup Jump shot,3PT Field Goal,Above the Break 3,Left Side Center(LC),26,-136,229,0
Jordan Poole,20220323,Pullup Jump shot,3PT Field Goal,Above the Break 3,Left Side Center(LC),30,-201,230,1
Jordan Poole,20220323,Running Pull-Up Jump Shot,3PT Field Goal,Above the Break 3,Right Side Center(RC),35,211,281,1
Jordan Poole,20220323,Pullup Jump shot,3PT Field Goal,Above the Break 3,Left Side Center(LC),29,-214,207,1
Jordan Poole,20220323,Pullup Jump shot,3PT Field Goal,Above the Break 3,Right Side Center(RC),26,186,193,0
Jordan Poole,20220323,Pullup Jump shot,3PT Field Goal,Above the Break 3,Right Side Center(RC),29,131,269,1
Jordan Poole,20220323,Driving Floating Bank Jump Shot,2PT Field Goal,Mid-Range,Left Side(L),10,-108,0,0
Jordan Poole,20220323,Pullup Jump shot,3PT Field Goal,Above the Break 3,Right Side Center(RC),28,161,238,1
Jordan Poole,20220325,Floating Jump shot,2PT Field Goal,In The Paint (Non-RA),Center(C),12,-20,124,0
Jordan Poole,20220325,Pullup Jump shot,3PT Field Goal,Above the Break 3,Center(C),24,15,247,1
Jordan Poole,20220325,Jump Shot,3PT Field Goal,Above the Break 3,Center(C),24,-28,245,1
Jordan Poole,20220325,Driving Finger Roll Layup Shot,2PT Field Goal,Restricted Area,Center(C),0,-6,0,1
Jordan Poole,20220325,Jump Shot,3PT Field Goal,Above the Break 3,Right Side Center(RC),25,219,134,0
Jordan Poole,20220325,Running Jump Shot,3PT Field Goal,Above the Break 3,Right Side Center(RC),24,134,208,1
Jordan Poole,20220325,Pullup Jump shot,2PT Field Goal,Mid-Range,Right Side Center(RC),16,86,141,1
Jordan Poole,20220325,Jump Shot,3PT Field Goal,Above the Break 3,Right Side Center(RC),25,93,234,0
Jordan Poole,20220325,Running Pull-Up Jump Shot,2PT Field Goal,Mid-Range,Right Side(R),12,126,4,1
Jordan Poole,20220325,Pullup Jump shot,3PT Field Goal,Above the Break 3,Right Side Center(RC),27,167,218,1
Jordan Poole,20220325,Pullup Jump shot,3PT Field Goal,Above the Break 3,Left Side Center(LC),26,-105,243,0
Jordan Poole,20220325,Driving Floating Jump Shot,2PT Field Goal,Restricted Area,Center(C),3,23,24,1
Jordan Poole,20220325,Jump Shot,3PT Field Goal,Above the Break 3,Right Side Center(RC),26,96,245,0
Jordan Poole,20220325,Step Back Jump shot,3PT Field Goal,Above the Break 3,Left Side Center(LC),25,-206,146,0
Jordan Poole,20220325,Pullup Jump shot,2PT Field Goal,Mid-Range,Right Side Center(RC),18,98,160,0
Jordan Poole,20220325,Jump Shot,3PT Field Goal,Above the Break 3,Center(C),26,1,262,0
Jordan Poole,20220325,Jump Shot,3PT Field Goal,Above the Break 3,Center(C),26,-43,260,0
Jordan Poole,20220325,Step Back Jump shot,2PT Field Goal,Mid-Range,Right Side(R),19,195,11,0
Jordan Poole,20220325,Step Back Jump shot,3PT Field Goal,Above the Break 3,Left Side Center(LC),25,-137,214,0
Jordan Poole,20220325,Driving Floating Jump Shot,2PT Field Goal,Restricted Area,Center(C),1,4,16,0
Jordan Poole,20220325,Jump Shot,3PT Field Goal,Right Corner 3,Right Side(R),22,224,-6,0
Jordan Poole,20220325,Driving Finger Roll Layup Shot,2PT Field Goal,Restricted Area,Center(C),2,-12,17,0
Jordan Poole,20220327,Jump Shot,3PT Field Goal,Above the Break 3,Right Side Center(RC),27,96,261,0
Jordan Poole,20220327,Jump Shot,3PT Field Goal,Above the Break 3,Left Side Center(LC),27,-123,245,0
Jordan Poole,20220327,Jump Shot,3PT Field Goal,Above the Break 3,Right Side Center(RC),26,176,197,0
Jordan Poole,20220327,Running Layup Shot,2PT Field Goal,In The Paint (Non-RA),Center(C),5,-54,15,1
Jordan Poole,20220327,Turnaround Hook Shot,2PT Field Goal,In The Paint (Non-RA),Center(C),5,-54,15,1
Jordan Poole,20220327,Fadeaway Jump Shot,2PT Field Goal,In The Paint (Non-RA),Center(C),12,-50,119,0
Jordan Poole,20220327,Running Pull-Up Jump Shot,3PT Field Goal,Above the Break 3,Left Side Center(LC),25,-109,225,0
Jordan Poole,20220327,Driving Layup Shot,2PT Field Goal,Restricted Area,Center(C),3,-9,36,1
Jordan Poole,20220327,Driving Finger Roll Layup Shot,2PT Field Goal,Restricted Area,Center(C),1,9,11,0
Jordan Poole,20220327,Running Pull-Up Jump Shot,3PT Field Goal,Above the Break 3,Center(C),27,74,268,1
Jordan Poole,20220327,Jump Shot,3PT Field Goal,Above the Break 3,Left Side Center(LC),26,-140,227,0
Jordan Poole,20220327,Running Layup Shot,2PT Field Goal,In The Paint (Non-RA),Center(C),5,-49,22,0
Jordan Poole,20220327,Running Dunk Shot,2PT Field Goal,Restricted Area,Center(C),3,31,18,1
Jordan Poole,20220327,Pullup Jump shot,3PT Field Goal,Above the Break 3,Right Side Center(RC),27,88,262,0
Jordan Poole,20220327,Driving Layup Shot,2PT Field Goal,In The Paint (Non-RA),Center(C),4,42,20,0
Jordan Poole,20220327,Jump Shot,2PT Field Goal,Mid-Range,Left Side Center(LC),18,-105,155,0
Jordan Poole,20220327,Running Layup Shot,2PT Field Goal,In The Paint (Non-RA),Center(C),4,48,7,0
Jordan Poole,20220327,Pullup Jump shot,3PT Field Goal,Above the Break 3,Right Side Center(RC),25,237,104,0
Jordan Poole,20220327,Jump Shot,3PT Field Goal,Left Corner 3,Left Side(L),22,-227,-10,0
Jordan Poole,20220327,Driving Layup Shot,2PT Field Goal,Mid-Range,Right Side(R),8,88,-3,0
Jordan Poole,20220327,Jump Shot,3PT Field Goal,Above the Break 3,Right Side Center(RC),26,238,107,0
Jordan Poole,20220327,Running Layup Shot,2PT Field Goal,Restricted Area,Center(C),3,-34,7,1
Jordan Poole,20220327,Driving Layup Shot,2PT Field Goal,In The Paint (Non-RA),Center(C),5,50,7,1
Jordan Poole,20220327,Driving Finger Roll Layup Shot,2PT Field Goal,Restricted Area,Center(C),3,7,37,1
Jordan Poole,20220327,Running Layup Shot,2PT Field Goal,In The Paint (Non-RA),Center(C),5,51,-4,0
Jordan Poole,20220328,Cutting Finger Roll Layup Shot,2PT Field Goal,Restricted Area,Center(C),0,9,0,0
Jordan Poole,20220328,Step Back Jump shot,3PT Field Goal,Above the Break 3,Right Side Center(RC),24,158,191,0
Jordan Poole,20220328,Driving Floating Jump Shot,2PT Field Goal,In The Paint (Non-RA),Center(C),11,45,104,0
Jordan Poole,20220328,Driving Finger Roll Layup Shot,2PT Field Goal,Restricted Area,Center(C),1,-18,1,0
Jordan Poole,20220328,Jump Shot,3PT Field Goal,Above the Break 3,Right Side Center(RC),26,131,231,1
Jordan Poole,20220328,Driving Reverse Layup Shot,2PT Field Goal,Restricted Area,Center(C),1,15,-6,0
Jordan Poole,20220328,Driving Floating Jump Shot,2PT Field Goal,In The Paint (Non-RA),Center(C),5,-5,57,1
Jordan Poole,20220328,Running Finger Roll Layup Shot,2PT Field Goal,Restricted Area,Center(C),0,6,0,0
Jordan Poole,20220328,Driving Finger Roll Layup Shot,2PT Field Goal,Restricted Area,Center(C),0,4,8,1
Jordan Poole,20220328,Pullup Jump shot,3PT Field Goal,Above the Break 3,Right Side Center(RC),28,99,266,0
Jordan Poole,20220328,Pullup Jump shot,2PT Field Goal,Mid-Range,Center(C),15,9,156,0
Jordan Poole,20220328,Driving Finger Roll Layup Shot,2PT Field Goal,Restricted Area,Center(C),1,-15,8,1
Jordan Poole,20220328,Step Back Jump shot,3PT Field Goal,Above the Break 3,Center(C),25,-62,251,1
Jordan Poole,20220328,Pullup Jump shot,3PT Field Goal,Above the Break 3,Right Side Center(RC),29,96,279,1
Jordan Poole,20220328,Driving Layup Shot,2PT Field Goal,In The Paint (Non-RA),Center(C),5,44,27,0
Jordan Poole,20220328,Alley Oop Layup shot,2PT Field Goal,Restricted Area,Center(C),0,-4,1,1
Jordan Poole,20220328,Jump Shot,3PT Field Goal,Above the Break 3,Left Side Center(LC),24,-116,221,0
Jordan Poole,20220330,Step Back Jump shot,2PT Field Goal,Mid-Range,Right Side Center(RC),17,136,110,1
Jordan Poole,20220330,Jump Shot,3PT Field Goal,Above the Break 3,Right Side Center(RC),27,205,185,0
Jordan Poole,20220330,Running Layup Shot,2PT Field Goal,In The Paint (Non-RA),Center(C),4,-43,17,1
Jordan Poole,20220330,Driving Layup Shot,2PT Field Goal,Restricted Area,Center(C),3,-38,6,1
Jordan Poole,20220330,Jump Shot,3PT Field Goal,Above the Break 3,Right Side Center(RC),28,134,253,1
Jordan Poole,20220330,Jump Shot,3PT Field Goal,Above the Break 3,Right Side Center(RC),29,200,221,1
Jordan Poole,20220330,Step Back Jump shot,3PT Field Goal,Above the Break 3,Right Side Center(RC),25,188,173,1
Jordan Poole,20220330,Jump Shot,3PT Field Goal,Above the Break 3,Left Side Center(LC),25,-82,241,0
Jordan Poole,20220330,Running Reverse Layup Shot,2PT Field Goal,Restricted Area,Center(C),3,-34,11,0
Jordan Poole,20220330,Running Layup Shot,2PT Field Goal,Restricted Area,Center(C),3,12,38,0
Jordan Poole,20220330,Driving Finger Roll Layup Shot,2PT Field Goal,In The Paint (Non-RA),Right Side(R),8,70,52,0
Jordan Poole,20220330,Running Pull-Up Jump Shot,3PT Field Goal,Above the Break 3,Center(C),26,-42,266,0
Jordan Poole,20220330,Step Back Jump shot,3PT Field Goal,Right Corner 3,Right Side(R),23,228,74,1
Jordan Poole,20220330,Jump Shot,3PT Field Goal,Above the Break 3,Left Side Center(LC),26,-172,205,0
Jordan Poole,20220330,Jump Shot,3PT Field Goal,Above the Break 3,Right Side Center(RC),25,138,215,1
Jordan Poole,20220330,Pullup Jump shot,3PT Field Goal,Above the Break 3,Center(C),28,-49,281,1
Jordan Poole,20220330,Step Back Jump shot,3PT Field Goal,Above the Break 3,Right Side Center(RC),25,213,141,0
Jordan Poole,20220330,Driving Layup Shot,2PT Field Goal,In The Paint (Non-RA),Center(C),4,47,16,1
Jordan Poole,20220330,Jump Shot,3PT Field Goal,Above the Break 3,Left Side Center(LC),27,-178,209,0
Jordan Poole,20220330,Jump Shot,3PT Field Goal,Above the Break 3,Right Side Center(RC),25,233,111,1
Jordan Poole,20220330,Running Pull-Up Jump Shot,3PT Field Goal,Above the Break 3,Left Side Center(LC),25,-195,168,0
Jordan Poole,20220330,Jump Shot,3PT Field Goal,Above the Break 3,Right Side Center(RC),42,185,385,0
Jordan Poole,20220402,Jump Shot,3PT Field Goal,Above the Break 3,Right Side Center(RC),25,224,114,1
Jordan Poole,20220402,Jump Shot,3PT Field Goal,Above the Break 3,Right Side Center(RC),25,185,169,0
Jordan Poole,20220402,Floating Jump shot,2PT Field Goal,In The Paint (Non-RA),Center(C),7,6,73,1
Jordan Poole,20220402,Driving Layup Shot,2PT Field Goal,In The Paint (Non-RA),Center(C),6,47,41,0
Jordan Poole,20220402,Jump Shot,3PT Field Goal,Above the Break 3,Right Side Center(RC),25,124,221,1
Jordan Poole,20220402,Pullup Jump shot,3PT Field Goal,Above the Break 3,Left Side Center(LC),26,-88,245,0
Jordan Poole,20220402,Jump Shot,3PT Field Goal,Above the Break 3,Right Side Center(RC),25,200,151,1
Jordan Poole,20220402,Running Dunk Shot,2PT Field Goal,Restricted Area,Center(C),2,-2,27,1
Jordan Poole,20220402,Pullup Jump shot,3PT Field Goal,Above the Break 3,Center(C),27,10,272,1
Jordan Poole,20220402,Jump Shot,3PT Field Goal,Above the Break 3,Left Side Center(LC),26,-97,245,0
Jordan Poole,20220402,Pullup Jump shot,3PT Field Goal,Above the Break 3,Right Side Center(RC),26,120,232,0
Jordan Poole,20220402,Pullup Jump shot,3PT Field Goal,Above the Break 3,Center(C),30,-80,294,1
Jordan Poole,20220402,Jump Shot,3PT Field Goal,Above the Break 3,Center(C),26,-31,263,0
Jordan Poole,20220402,Driving Layup Shot,2PT Field Goal,Restricted Area,Center(C),3,-32,10,0
Jordan Poole,20220402,Driving Floating Jump Shot,2PT Field Goal,In The Paint (Non-RA),Center(C),11,4,113,1
Jordan Poole,20220402,Pullup Jump shot,3PT Field Goal,Above the Break 3,Left Side Center(LC),27,-105,251,0
Jordan Poole,20220402,Jump Shot,3PT Field Goal,Above the Break 3,Left Side Center(LC),29,-104,277,0
Jordan Poole,20220402,Pullup Jump shot,3PT Field Goal,Above the Break 3,Right Side Center(RC),26,163,207,0
Jordan Poole,20220402,Step Back Jump shot,3PT Field Goal,Above the Break 3,Left Side Center(LC),27,-189,196,1
Jordan Poole,20220402,Step Back Jump shot,3PT Field Goal,Above the Break 3,Left Side Center(LC),26,-206,160,0
Jordan Poole,20220402,Pullup Jump shot,2PT Field Goal,Mid-Range,Center(C),18,16,183,0
Jordan Poole,20220402,Driving Layup Shot,2PT Field Goal,In The Paint (Non-RA),Center(C),4,-42,20,0
Jordan Poole,20220403,Fadeaway Jump Shot,2PT Field Goal,Mid-Range,Left Side(L),15,-158,7,0
Jordan Poole,20220403,Jump Shot,3PT Field Goal,Above the Break 3,Center(C),26,40,262,1
Jordan Poole,20220403,Running Jump Shot,3PT Field Goal,Above the Break 3,Center(C),26,-51,258,1
Jordan Poole,20220403,Jump Shot,3PT Field Goal,Above the Break 3,Left Side Center(LC),26,-129,226,0
Jordan Poole,20220403,Jump Shot,3PT Field Goal,Above the Break 3,Left Side Center(LC),25,-135,215,0
Jordan Poole,20220403,Running Layup Shot,2PT Field Goal,Restricted Area,Center(C),2,16,12,1
Jordan Poole,20220403,Driving Layup Shot,2PT Field Goal,Restricted Area,Center(C),2,-25,11,1
Jordan Poole,20220403,Jump Shot,3PT Field Goal,Above the Break 3,Right Side Center(RC),25,173,187,1
Jordan Poole,20220403,Jump Shot,3PT Field Goal,Above the Break 3,Right Side Center(RC),25,129,218,1
Jordan Poole,20220403,Jump Shot,3PT Field Goal,Above the Break 3,Left Side Center(LC),25,-126,219,0
Jordan Poole,20220403,Jump Shot,3PT Field Goal,Right Corner 3,Right Side(R),24,235,62,0
Jordan Poole,20220403,Jump Shot,3PT Field Goal,Above the Break 3,Left Side Center(LC),26,-199,176,0
Jordan Poole,20220403,Driving Reverse Layup Shot,2PT Field Goal,Restricted Area,Center(C),1,-18,4,1
Jordan Poole,20220403,Running Layup Shot,2PT Field Goal,Restricted Area,Center(C),1,1,10,1
Jordan Poole,20220403,Running Layup Shot,2PT Field Goal,Restricted Area,Center(C),1,-16,4,1
Jordan Poole,20220407,Jump Shot,3PT Field Goal,Above the Break 3,Right Side Center(RC),27,142,232,0
Jordan Poole,20220407,Cutting Dunk Shot,2PT Field Goal,In The Paint (Non-RA),Center(C),4,36,18,0
Jordan Poole,20220407,Driving Layup Shot,2PT Field Goal,In The Paint (Non-RA),Center(C),4,44,17,1
Jordan Poole,20220407,Step Back Jump shot,3PT Field Goal,Right Corner 3,Right Side(R),24,233,69,0
Jordan Poole,20220407,Driving Layup Shot,2PT Field Goal,Restricted Area,Center(C),3,-20,31,1
Jordan Poole,20220407,Driving Layup Shot,2PT Field Goal,In The Paint (Non-RA),Center(C),5,-48,22,1
Jordan Poole,20220407,Jump Shot,3PT Field Goal,Above the Break 3,Right Side Center(RC),25,208,147,1
Jordan Poole,20220407,Jump Shot,3PT Field Goal,Left Corner 3,Left Side(L),22,-224,34,0
Jordan Poole,20220407,Layup Shot,2PT Field Goal,In The Paint (Non-RA),Center(C),5,15,50,0
Jordan Poole,20220407,Jump Shot,3PT Field Goal,Above the Break 3,Right Side Center(RC),26,172,203,1
Jordan Poole,20220407,Running Layup Shot,2PT Field Goal,In The Paint (Non-RA),Center(C),4,-44,14,1
Jordan Poole,20220407,Pullup Jump shot,2PT Field Goal,In The Paint (Non-RA),Center(C),7,-9,78,0
Jordan Poole,20220407,Jump Shot,3PT Field Goal,Above the Break 3,Right Side Center(RC),25,218,136,1
Jordan Poole,20220407,Pullup Jump shot,3PT Field Goal,Above the Break 3,Left Side Center(LC),26,-120,241,0
Jordan Poole,20220407,Jump Shot,3PT Field Goal,Above the Break 3,Left Side Center(LC),24,-188,164,0
Jordan Poole,20220409,Floating Jump shot,2PT Field Goal,Mid-Range,Center(C),15,20,155,0
Jordan Poole,20220409,Driving Reverse Layup Shot,2PT Field Goal,Restricted Area,Center(C),0,-5,6,0
Jordan Poole,20220409,Jump Shot,3PT Field Goal,Above the Break 3,Right Side Center(RC),26,169,205,0
Jordan Poole,20220409,Driving Floating Jump Shot,2PT Field Goal,Mid-Range,Right Side(R),12,113,56,0
Jordan Poole,20220409,Jump Shot,3PT Field Goal,Above the Break 3,Center(C),25,-51,247,0
Jordan Poole,20220409,Jump Shot,3PT Field Goal,Above the Break 3,Center(C),25,-51,253,0
Jordan Poole,20220409,Step Back Jump shot,3PT Field Goal,Above the Break 3,Center(C),25,-78,243,0
Jordan Poole,20220409,Driving Layup Shot,2PT Field Goal,Restricted Area,Center(C),2,-21,11,0
Jordan Poole,20220409,Cutting Layup Shot,2PT Field Goal,Restricted Area,Center(C),1,7,18,1
Jordan Poole,20220409,Jump Shot,3PT Field Goal,Above the Break 3,Right Side Center(RC),27,113,254,1
Jordan Poole,20220409,Pullup Jump shot,3PT Field Goal,Above the Break 3,Right Side Center(RC),27,112,251,0
Jordan Poole,20220409,Pullup Jump shot,3PT Field Goal,Above the Break 3,Center(C),26,76,254,0
Jordan Poole,20220409,Pullup Jump shot,3PT Field Goal,Above the Break 3,Center(C),27,-15,270,0
Jordan Poole,20220409,Jump Shot,3PT Field Goal,Above the Break 3,Left Side Center(LC),28,-124,252,0
Jordan Poole,20220409,Driving Floating Jump Shot,2PT Field Goal,Mid-Range,Left Side(L),14,-86,122,0
Jordan Poole,20220409,Driving Layup Shot,2PT Field Goal,Restricted Area,Center(C),2,18,13,0
Jordan Poole,20220409,Turnaround Jump Shot,2PT Field Goal,In The Paint (Non-RA),Center(C),7,43,57,1
Jordan Poole,20220409,Pullup Jump shot,3PT Field Goal,Above the Break 3,Left Side Center(LC),28,-94,273,0
Jordan Poole,20220409,Pullup Jump shot,3PT Field Goal,Above the Break 3,Center(C),27,-2,278,0
Jordan Poole,20220410,Jump Shot,3PT Field Goal,Above the Break 3,Right Side Center(RC),26,181,200,0
Jordan Poole,20220410,Step Back Jump shot,3PT Field Goal,Above the Break 3,Center(C),25,-11,253,0
Jordan Poole,20220410,Jump Shot,3PT Field Goal,Above the Break 3,Right Side Center(RC),24,218,120,1
Jordan Poole,20220410,Step Back Jump shot,3PT Field Goal,Above the Break 3,Left Side Center(LC),25,-199,155,0
Jordan Poole,20220410,Jump Shot,3PT Field Goal,Above the Break 3,Right Side Center(RC),26,99,243,1
Jordan Poole,20220410,Floating Jump shot,2PT Field Goal,Mid-Range,Right Side(R),15,81,136,0
Jordan Poole,20220410,Driving Finger Roll Layup Shot,2PT Field Goal,Restricted Area,Center(C),2,-10,21,1
Jordan Poole,20220410,Driving Layup Shot,2PT Field Goal,Restricted Area,Center(C),1,13,6,0
Jordan Poole,20220410,Tip Layup Shot,2PT Field Goal,Restricted Area,Center(C),0,0,0,1
Jordan Poole,20220410,Jump Shot,3PT Field Goal,Above the Break 3,Right Side Center(RC),25,176,184,1
Jordan Poole,20220410,Jump Shot,3PT Field Goal,Above the Break 3,Right Side Center(RC),26,153,214,1
Jordan Poole,20220410,Jump Shot,3PT Field Goal,Above the Break 3,Right Side Center(RC),25,191,169,0
Jordan Poole,20220410,Jump Shot,3PT Field Goal,Above the Break 3,Right Side Center(RC),25,222,123,0
Jordan Poole,20220410,Driving Floating Bank Jump Shot,2PT Field Goal,Restricted Area,Center(C),3,37,6,0
Jordan Poole,20220410,Driving Layup Shot,2PT Field Goal,Restricted Area,Center(C),1,-17,2,1
Jordan Poole,20220410,Driving Layup Shot,2PT Field Goal,Restricted Area,Center(C),2,20,7,0
Moses Moody,20211019,Jump Shot,2PT Field Goal,In The Paint (Non-RA),Center(C),13,12,138,0
Moses Moody,20211019,Driving Layup Shot,2PT Field Goal,Restricted Area,Center(C),2,12,26,1
Moses Moody,20211019,Jump Shot,2PT Field Goal,Mid-Range,Left Side Center(LC),19,-121,158,0
Moses Moody,20211030,Jump Shot,3PT Field Goal,Above the Break 3,Left Side Center(LC),25,-188,169,1
Moses Moody,20211030,Jump Shot,3PT Field Goal,Above the Break 3,Center(C),24,31,248,0
Moses Moody,20211030,Layup Shot,2PT Field Goal,Restricted Area,Center(C),2,-12,16,1
Moses Moody,20211030,Jump Shot,3PT Field Goal,Above the Break 3,Left Side Center(LC),24,-145,192,0
Moses Moody,20211030,Jump Shot,3PT Field Goal,Left Corner 3,Left Side(L),22,-221,17,0
Moses Moody,20211030,Layup Shot,2PT Field Goal,Restricted Area,Center(C),2,22,20,0
Moses Moody,20211030,Jump Shot,3PT Field Goal,Above the Break 3,Center(C),24,7,248,0
Moses Moody,20211103,Jump Shot,3PT Field Goal,Above the Break 3,Left Side Center(LC),26,-156,220,0
Moses Moody,20211105,Jump Shot,3PT Field Goal,Above the Break 3,Right Side Center(RC),25,211,137,1
Moses Moody,20211105,Jump Shot,2PT Field Goal,Mid-Range,Right Side(R),14,120,75,1
Moses Moody,20211107,Jump Shot,3PT Field Goal,Above the Break 3,Right Side Center(RC),25,217,126,0
Moses Moody,20211107,Running Jump Shot,3PT Field Goal,Left Corner 3,Left Side(L),23,-229,31,0
Moses Moody,20211107,Cutting Layup Shot,2PT Field Goal,Restricted Area,Center(C),0,4,1,1
Moses Moody,20211107,Jump Shot,3PT Field Goal,Left Corner 3,Left Side(L),22,-222,-15,0
Moses Moody,20211107,Driving Floating Jump Shot,2PT Field Goal,In The Paint (Non-RA),Center(C),13,61,117,1
Moses Moody,20211112,Jump Shot,3PT Field Goal,Right Corner 3,Right Side(R),22,227,10,0
Moses Moody,20211112,Layup Shot,2PT Field Goal,Restricted Area,Center(C),3,18,26,1
Moses Moody,20211116,Jump Shot,3PT Field Goal,Left Corner 3,Left Side(L),23,-230,-2,0
Moses Moody,20211116,Jump Shot,3PT Field Goal,Above the Break 3,Left Side Center(LC),26,-163,210,0
Moses Moody,20211116,Jump Shot,3PT Field Goal,Right Corner 3,Right Side(R),22,223,49,0
Moses Moody,20211119,Jump Shot,3PT Field Goal,Above the Break 3,Left Side Center(LC),26,-134,226,0
Moses Moody,20211119,Pullup Jump shot,2PT Field Goal,Mid-Range,Left Side(L),18,-179,27,1
Moses Moody,20211119,Driving Finger Roll Layup Shot,2PT Field Goal,Restricted Area,Center(C),1,15,4,1
Moses Moody,20211128,Driving Layup Shot,2PT Field Goal,Restricted Area,Center(C),2,-25,11,0
Moses Moody,20211206,Driving Finger Roll Layup Shot,2PT Field Goal,In The Paint (Non-RA),Center(C),6,49,39,1
Moses Moody,20211213,Layup Shot,2PT Field Goal,Restricted Area,Center(C),1,-15,5,0
Moses Moody,20211217,Jump Shot,3PT Field Goal,Above the Break 3,Right Side Center(RC),25,146,209,0
Moses Moody,20211217,Layup Shot,2PT Field Goal,Restricted Area,Center(C),1,6,17,0
Moses Moody,20211217,Jump Shot,3PT Field Goal,Above the Break 3,Right Side Center(RC),24,156,195,0
Moses Moody,20211217,Running Layup Shot,2PT Field Goal,Restricted Area,Center(C),2,17,16,0
Moses Moody,20211217,Running Dunk Shot,2PT Field Goal,Restricted Area,Center(C),1,10,8,1
Moses Moody,20211217,Driving Floating Jump Shot,2PT Field Goal,Mid-Range,Right Side(R),14,83,122,0
Moses Moody,20211218,Jump Shot,3PT Field Goal,Above the Break 3,Left Side Center(LC),26,-196,174,0
Moses Moody,20211218,Tip Layup Shot,2PT Field Goal,Restricted Area,Center(C),0,0,0,0
Moses Moody,20211218,Jump Shot,3PT Field Goal,Right Corner 3,Right Side(R),24,241,9,0
Moses Moody,20211218,Jump Shot,3PT Field Goal,Above the Break 3,Right Side Center(RC),26,138,230,1
Moses Moody,20211218,Jump Shot,3PT Field Goal,Above the Break 3,Right Side Center(RC),29,208,205,0
Moses Moody,20211218,Jump Shot,3PT Field Goal,Above the Break 3,Right Side Center(RC),25,118,221,1
Moses Moody,20211218,Jump Shot,3PT Field Goal,Right Corner 3,Right Side(R),23,230,13,0
Moses Moody,20211218,Jump Shot,3PT Field Goal,Right Corner 3,Right Side(R),23,235,15,0
Moses Moody,20211218,Jump Shot,3PT Field Goal,Above the Break 3,Center(C),27,-31,273,0
Moses Moody,20211218,Putback Dunk Shot,2PT Field Goal,Restricted Area,Center(C),1,5,12,1
Moses Moody,20211220,Jump Shot,3PT Field Goal,Left Corner 3,Left Side(L),23,-238,-13,0
Moses Moody,20211223,Jump Shot,3PT Field Goal,Right Corner 3,Right Side(R),22,227,22,0
Moses Moody,20211223,Running Finger Roll Layup Shot,2PT Field Goal,Restricted Area,Center(C),2,5,25,1
Moses Moody,20220307,Jump Shot,3PT Field Goal,Above the Break 3,Left Side Center(LC),25,-151,209,1
Moses Moody,20220307,Pullup Jump shot,3PT Field Goal,Above the Break 3,Center(C),26,-6,261,1
Moses Moody,20220307,Driving Finger Roll Layup Shot,2PT Field Goal,Restricted Area,Center(C),2,-26,11,0
Moses Moody,20220307,Jump Shot,3PT Field Goal,Above the Break 3,Left Side Center(LC),24,-212,130,1
Moses Moody,20220307,Fadeaway Jump Shot,2PT Field Goal,In The Paint (Non-RA),Center(C),14,-62,132,0
Moses Moody,20220307,Jump Shot,3PT Field Goal,Left Corner 3,Left Side(L),23,-230,17,0
Moses Moody,20220307,Jump Shot,3PT Field Goal,Above the Break 3,Left Side Center(LC),25,-118,222,1
Moses Moody,20220307,Layup Shot,2PT Field Goal,Restricted Area,Center(C),1,-12,8,1
Moses Moody,20220307,Jump Shot,3PT Field Goal,Above the Break 3,Center(C),26,-45,264,0
Moses Moody,20220307,Driving Layup Shot,2PT Field Goal,Restricted Area,Center(C),3,29,24,0
Moses Moody,20220307,Pullup Jump shot,3PT Field Goal,Left Corner 3,Left Side(L),23,-234,20,1
Moses Moody,20220307,Driving Reverse Layup Shot,2PT Field Goal,Restricted Area,Center(C),3,-37,8,1
Moses Moody,20220307,Pullup Jump shot,3PT Field Goal,Above the Break 3,Center(C),27,62,273,0
Moses Moody,20220307,Driving Layup Shot,2PT Field Goal,Restricted Area,Center(C),2,18,16,1
Moses Moody,20220307,Jump Shot,3PT Field Goal,Right Corner 3,Right Side(R),23,230,20,0
Moses Moody,20220307,Jump Shot,3PT Field Goal,Above the Break 3,Center(C),26,29,263,0
Moses Moody,20220307,Driving Layup Shot,2PT Field Goal,Restricted Area,Center(C),2,23,12,1
Moses Moody,20220307,Jump Shot,3PT Field Goal,Left Corner 3,Left Side(L),23,-232,33,0
Moses Moody,20220307,Driving Floating Bank Jump Shot,2PT Field Goal,Mid-Range,Right Side(R),11,114,21,1
Moses Moody,20220307,Driving Layup Shot,2PT Field Goal,In The Paint (Non-RA),Center(C),4,34,26,0
Moses Moody,20220307,Layup Shot,2PT Field Goal,Restricted Area,Center(C),1,11,6,0
Moses Moody,20220307,Pullup Jump shot,2PT Field Goal,Mid-Range,Center(C),19,39,194,0
Moses Moody,20220307,Jump Shot,3PT Field Goal,Above the Break 3,Right Side Center(RC),25,206,155,0
Moses Moody,20220106,Jump Shot,3PT Field Goal,Above the Break 3,Right Side Center(RC),25,191,174,0
Moses Moody,20220106,Driving Layup Shot,2PT Field Goal,Restricted Area,Center(C),1,-15,9,1
Moses Moody,20220106,Cutting Dunk Shot,2PT Field Goal,Restricted Area,Center(C),0,0,-4,1
Moses Moody,20220106,Jump Shot,3PT Field Goal,Above the Break 3,Left Side Center(LC),24,-208,137,0
Moses Moody,20220106,Driving Dunk Shot,2PT Field Goal,Restricted Area,Center(C),1,5,11,1
Moses Moody,20220106,Jump Shot,3PT Field Goal,Left Corner 3,Left Side(L),23,-235,17,0
Moses Moody,20220111,Jump Shot,3PT Field Goal,Above the Break 3,Right Side Center(RC),26,112,235,0
Moses Moody,20220111,Dunk Shot,2PT Field Goal,Restricted Area,Center(C),1,-4,10,1
Moses Moody,20220118,Jump Shot,3PT Field Goal,Above the Break 3,Left Side Center(LC),26,-164,205,0
Moses Moody,20220118,Driving Finger Roll Layup Shot,2PT Field Goal,In The Paint (Non-RA),Center(C),6,51,47,0
Moses Moody,20220118,Jump Shot,3PT Field Goal,Left Corner 3,Left Side(L),23,-228,35,0
Moses Moody,20220125,Driving Floating Jump Shot,2PT Field Goal,In The Paint (Non-RA),Center(C),9,9,93,0
Moses Moody,20220125,Jump Shot,3PT Field Goal,Above the Break 3,Right Side Center(RC),26,169,201,1
Moses Moody,20220125,Driving Layup Shot,2PT Field Goal,In The Paint (Non-RA),Center(C),6,-51,32,0
Moses Moody,20220131,Pullup Jump shot,2PT Field Goal,Mid-Range,Center(C),18,50,180,0
Moses Moody,20220131,Jump Shot,3PT Field Goal,Above the Break 3,Right Side Center(RC),24,145,200,1
Moses Moody,20220131,Jump Shot,3PT Field Goal,Left Corner 3,Left Side(L),24,-241,-1,0
Moses Moody,20220131,Jump Shot,3PT Field Goal,Above the Break 3,Left Side Center(LC),25,-230,105,1
Moses Moody,20220131,Jump Shot,3PT Field Goal,Above the Break 3,Right Side Center(RC),26,135,232,0
Moses Moody,20220131,Jump Shot,3PT Field Goal,Above the Break 3,Left Side Center(LC),25,-114,231,1
Moses Moody,20220131,Driving Dunk Shot,2PT Field Goal,Restricted Area,Center(C),2,9,22,1
Moses Moody,20220201,Jump Shot,3PT Field Goal,Above the Break 3,Left Side Center(LC),25,-195,171,0
Moses Moody,20220201,Jump Shot,3PT Field Goal,Right Corner 3,Right Side(R),22,225,13,0
Moses Moody,20220201,Jump Shot,3PT Field Goal,Above the Break 3,Right Side Center(RC),27,173,214,1
Moses Moody,20220201,Jump Shot,3PT Field Goal,Right Corner 3,Right Side(R),23,223,75,1
Moses Moody,20220201,Jump Shot,3PT Field Goal,Above the Break 3,Left Side Center(LC),24,-186,166,1
Moses Moody,20220201,Step Back Jump shot,2PT Field Goal,Mid-Range,Left Side(L),17,-173,19,0
Moses Moody,20220201,Jump Shot,3PT Field Goal,Above the Break 3,Right Side Center(RC),26,176,204,0
Moses Moody,20220201,Jump Shot,3PT Field Goal,Right Corner 3,Right Side(R),23,230,24,1
Moses Moody,20220201,Jump Shot,3PT Field Goal,Left Corner 3,Left Side(L),23,-237,28,1
Moses Moody,20220201,Jump Shot,3PT Field Goal,Right Corner 3,Right Side(R),23,234,-14,1
Moses Moody,20220201,Jump Shot,3PT Field Goal,Above the Break 3,Left Side Center(LC),25,-158,202,0
Moses Moody,20220201,Putback Layup Shot,2PT Field Goal,Restricted Area,Center(C),1,15,5,0
Moses Moody,20220203,Jump Shot,3PT Field Goal,Left Corner 3,Left Side(L),23,-234,2,1
Moses Moody,20220203,Jump Shot,3PT Field Goal,Right Corner 3,Right Side(R),22,229,15,0
Moses Moody,20220203,Cutting Layup Shot,2PT Field Goal,In The Paint (Non-RA),Center(C),4,37,24,0
Moses Moody,20220203,Jump Shot,3PT Field Goal,Above the Break 3,Left Side Center(LC),26,-196,184,0
Moses Moody,20220203,Jump Shot,3PT Field Goal,Above the Break 3,Right Side Center(RC),27,178,204,1
Moses Moody,20220203,Pullup Jump shot,2PT Field Goal,Mid-Range,Right Side(R),16,163,17,0
Moses Moody,20220203,Jump Shot,3PT Field Goal,Above the Break 3,Right Side Center(RC),28,93,272,0
Moses Moody,20220207,Jump Shot,3PT Field Goal,Above the Break 3,Center(C),27,74,260,1
Moses Moody,20220207,Jump Shot,3PT Field Goal,Left Corner 3,Left Side(L),23,-233,9,0
Moses Moody,20220207,Driving Dunk Shot,2PT Field Goal,In The Paint (Non-RA),Center(C),5,5,52,1
Moses Moody,20220207,Layup Shot,2PT Field Goal,Restricted Area,Center(C),3,-21,30,0
Moses Moody,20220209,Jump Shot,3PT Field Goal,Above the Break 3,Right Side Center(RC),27,186,199,1
Moses Moody,20220209,Jump Shot,2PT Field Goal,Mid-Range,Left Side(L),22,-216,47,0
Moses Moody,20220209,Pullup Jump shot,2PT Field Goal,In The Paint (Non-RA),Center(C),14,-39,136,1
Moses Moody,20220210,Jump Shot,3PT Field Goal,Above the Break 3,Center(C),25,27,256,0
Moses Moody,20220210,Jump Shot,3PT Field Goal,Above the Break 3,Left Side Center(LC),25,-210,146,0
Moses Moody,20220214,Driving Layup Shot,2PT Field Goal,Restricted Area,Center(C),3,-23,20,0
Moses Moody,20220214,Jump Shot,3PT Field Goal,Above the Break 3,Right Side Center(RC),26,196,180,1
Moses Moody,20220214,Jump Shot,3PT Field Goal,Above the Break 3,Left Side Center(LC),26,-180,190,0
Moses Moody,20220214,Jump Shot,3PT Field Goal,Above the Break 3,Right Side Center(RC),26,202,166,0
Moses Moody,20220224,Pullup Jump shot,3PT Field Goal,Left Corner 3,Left Side(L),23,-232,16,0
Moses Moody,20220224,Pullup Jump shot,3PT Field Goal,Above the Break 3,Right Side Center(RC),26,170,202,0
Moses Moody,20220224,Jump Shot,3PT Field Goal,Left Corner 3,Left Side(L),22,-225,39,0
Moses Moody,20220224,Jump Shot,3PT Field Goal,Above the Break 3,Left Side Center(LC),25,-143,210,1
Moses Moody,20220227,Running Layup Shot,2PT Field Goal,Restricted Area,Center(C),0,1,6,0
Moses Moody,20220227,Jump Shot,3PT Field Goal,Right Corner 3,Right Side(R),22,228,28,1
Moses Moody,20220227,Jump Shot,3PT Field Goal,Left Corner 3,Left Side(L),22,-224,28,0
Moses Moody,20220227,Jump Shot,3PT Field Goal,Right Corner 3,Right Side(R),23,227,53,0
Moses Moody,20220227,Jump Shot,2PT Field Goal,Mid-Range,Left Side(L),13,-121,51,1
Moses Moody,20220227,Jump Shot,3PT Field Goal,Above the Break 3,Left Side Center(LC),24,-148,193,0
Moses Moody,20220301,Layup Shot,2PT Field Goal,Restricted Area,Center(C),3,34,8,1
Moses Moody,20220301,Jump Shot,3PT Field Goal,Above the Break 3,Right Side Center(RC),24,217,113,1
Moses Moody,20220303,Jump Shot,3PT Field Goal,Above the Break 3,Right Side Center(RC),26,119,236,1
Moses Moody,20220303,Jump Shot,3PT Field Goal,Above the Break 3,Right Side Center(RC),24,190,160,1
Moses Moody,20220303,Driving Floating Jump Shot,2PT Field Goal,In The Paint (Non-RA),Center(C),5,-20,50,1
Moses Moody,20220303,Driving Reverse Layup Shot,2PT Field Goal,Restricted Area,Center(C),1,-11,1,1
Moses Moody,20220303,Jump Shot,3PT Field Goal,Above the Break 3,Left Side Center(LC),25,-138,217,1
Moses Moody,20220305,Driving Dunk Shot,2PT Field Goal,Restricted Area,Center(C),0,1,-3,1
Moses Moody,20220305,Running Layup Shot,2PT Field Goal,Restricted Area,Center(C),0,6,-3,1
Moses Moody,20220305,Driving Finger Roll Layup Shot,2PT Field Goal,Restricted Area,Center(C),3,4,31,1
Moses Moody,20220305,Jump Shot,3PT Field Goal,Left Corner 3,Left Side(L),22,-224,13,1
Moses Moody,20220308,Jump Shot,3PT Field Goal,Above the Break 3,Left Side Center(LC),24,-207,137,0
Moses Moody,20220308,Jump Shot,3PT Field Goal,Above the Break 3,Right Side Center(RC),23,206,122,0
Moses Moody,20220308,Jump Shot,3PT Field Goal,Left Corner 3,Left Side(L),23,-232,26,1
Moses Moody,20220308,Cutting Dunk Shot,2PT Field Goal,Restricted Area,Center(C),0,-2,8,1
Moses Moody,20220308,Running Layup Shot,2PT Field Goal,Restricted Area,Center(C),2,9,22,1
Moses Moody,20220308,Cutting Dunk Shot,2PT Field Goal,Restricted Area,Center(C),0,-2,2,1
Moses Moody,20220310,Jump Shot,3PT Field Goal,Left Corner 3,Left Side(L),23,-233,40,0
Moses Moody,20220310,Putback Layup Shot,2PT Field Goal,Restricted Area,Center(C),0,0,0,1
Moses Moody,20220312,Jump Shot,3PT Field Goal,Above the Break 3,Left Side Center(LC),25,-172,190,0
Moses Moody,20220312,Pullup Jump shot,3PT Field Goal,Above the Break 3,Center(C),26,60,261,0
Moses Moody,20220312,Jump Shot,3PT Field Goal,Left Corner 3,Left Side(L),23,-234,-9,0
Moses Moody,20220314,Jump Shot,3PT Field Goal,Left Corner 3,Left Side(L),23,-239,-17,1
Moses Moody,20220314,Jump Shot,3PT Field Goal,Right Corner 3,Right Side(R),24,237,65,0
Moses Moody,20220314,Jump Shot,3PT Field Goal,Above the Break 3,Right Side Center(RC),28,184,222,0
Moses Moody,20220316,Jump Shot,3PT Field Goal,Above the Break 3,Left Side Center(LC),25,-170,188,1
Moses Moody,20220323,Jump Shot,3PT Field Goal,Left Corner 3,Left Side(L),22,-227,22,0
Moses Moody,20220323,Driving Layup Shot,2PT Field Goal,Restricted Area,Center(C),1,17,10,0
Moses Moody,20220323,Step Back Jump shot,3PT Field Goal,Above the Break 3,Right Side Center(RC),24,203,143,0
Moses Moody,20220323,Jump Shot,2PT Field Goal,Mid-Range,Left Side(L),21,-217,19,0
Moses Moody,20220328,Floating Jump shot,2PT Field Goal,In The Paint (Non-RA),Left Side(L),9,-53,78,0
Moses Moody,20220328,Jump Shot,3PT Field Goal,Above the Break 3,Right Side Center(RC),29,145,256,0
Moses Moody,20220328,Jump Shot,3PT Field Goal,Above the Break 3,Left Side Center(LC),25,-140,216,0
Moses Moody,20220328,Pullup Jump shot,2PT Field Goal,Mid-Range,Right Side Center(RC),17,125,127,0
Moses Moody,20220328,Jump Shot,3PT Field Goal,Above the Break 3,Right Side Center(RC),25,113,228,1
Moses Moody,20220328,Jump Shot,3PT Field Goal,Above the Break 3,Left Side Center(LC),26,-120,232,0
Moses Moody,20220328,Jump Shot,3PT Field Goal,Above the Break 3,Center(C),25,21,251,1
Moses Moody,20220328,Floating Jump shot,2PT Field Goal,In The Paint (Non-RA),Center(C),11,51,99,1
Moses Moody,20220328,Jump Shot,3PT Field Goal,Above the Break 3,Right Side Center(RC),27,189,194,0
Moses Moody,20220328,Jump Shot,3PT Field Goal,Above the Break 3,Left Side Center(LC),25,-164,189,1
Moses Moody,20220328,Driving Finger Roll Layup Shot,2PT Field Goal,Restricted Area,Center(C),0,4,6,1
Moses Moody,20220328,Running Alley Oop Dunk Shot,2PT Field Goal,Restricted Area,Center(C),0,4,8,1
Moses Moody,20220328,Driving Reverse Layup Shot,2PT Field Goal,Restricted Area,Center(C),0,9,3,1
Moses Moody,20220328,Driving Layup Shot,2PT Field Goal,Restricted Area,Center(C),2,11,20,0
Moses Moody,20220403,Jump Shot,3PT Field Goal,Above the Break 3,Left Side Center(LC),24,-199,150,1
Moses Moody,20220407,Jump Shot,3PT Field Goal,Above the Break 3,Center(C),25,-40,253,1
Moses Moody,20220410,Driving Layup Shot,2PT Field Goal,Restricted Area,Center(C),1,-15,7,0
Moses Moody,20220410,Jump Shot,2PT Field Goal,Mid-Range,Left Side(L),19,-195,10,1
Moses Moody,20220410,Jump Shot,3PT Field Goal,Above the Break 3,Right Side Center(RC),25,195,169,1
Kevon Looney,20211019,Cutting Layup Shot,2PT Field Goal,Restricted Area,Center(C),1,-12,15,1
Kevon Looney,20211019,Alley Oop Layup shot,2PT Field Goal,Restricted Area,Center(C),0,-5,1,1
Kevon Looney,20211019,Jump Shot,2PT Field Goal,In The Paint (Non-RA),Center(C),7,69,32,0
Kevon Looney,20211019,Jump Shot,2PT Field Goal,In The Paint (Non-RA),Center(C),11,50,109,0
Kevon Looney,20211019,Reverse Layup Shot,2PT Field Goal,Restricted Area,Center(C),2,-9,27,1
Kevon Looney,20211021,Tip Layup Shot,2PT Field Goal,Restricted Area,Center(C),2,12,18,0
Kevon Looney,20211021,Putback Layup Shot,2PT Field Goal,Restricted Area,Center(C),0,0,0,1
Kevon Looney,20211021,Tip Layup Shot,2PT Field Goal,Restricted Area,Center(C),0,0,0,1
Kevon Looney,20211024,Alley Oop Layup shot,2PT Field Goal,Restricted Area,Center(C),3,-28,15,1
Kevon Looney,20211024,Hook Shot,2PT Field Goal,In The Paint (Non-RA),Center(C),4,-25,39,1
Kevon Looney,20211024,Layup Shot,2PT Field Goal,Restricted Area,Center(C),3,5,39,0
Kevon Looney,20211024,Pullup Jump shot,2PT Field Goal,Mid-Range,Right Side Center(RC),17,82,157,0
Kevon Looney,20211024,Reverse Layup Shot,2PT Field Goal,Restricted Area,Center(C),1,-17,8,1
Kevon Looney,20211026,Cutting Layup Shot,2PT Field Goal,In The Paint (Non-RA),Center(C),4,38,15,0
Kevon Looney,20211026,Putback Layup Shot,2PT Field Goal,Restricted Area,Center(C),1,4,11,1
Kevon Looney,20211026,Jump Shot,2PT Field Goal,Mid-Range,Right Side(R),9,94,-1,0
Kevon Looney,20211026,Cutting Dunk Shot,2PT Field Goal,Restricted Area,Center(C),0,0,3,1
Kevon Looney,20211026,Tip Layup Shot,2PT Field Goal,Restricted Area,Center(C),0,0,0,0
Kevon Looney,20211028,Cutting Dunk Shot,2PT Field Goal,In The Paint (Non-RA),Center(C),4,-20,38,1
Kevon Looney,20211028,Jump Shot,2PT Field Goal,Mid-Range,Right Side Center(RC),16,134,101,0
Kevon Looney,20211028,Cutting Dunk Shot,2PT Field Goal,Restricted Area,Center(C),1,13,11,1
Kevon Looney,20211030,Turnaround Fadeaway Bank Jump Shot,2PT Field Goal,In The Paint (Non-RA),Center(C),4,-36,33,1
Kevon Looney,20211030,Layup Shot,2PT Field Goal,Restricted Area,Center(C),2,-2,20,0
Kevon Looney,20211030,Cutting Layup Shot,2PT Field Goal,Restricted Area,Center(C),1,18,3,1
Kevon Looney,20211030,Jump Shot,2PT Field Goal,Mid-Range,Right Side(R),12,126,29,1
Kevon Looney,20211103,Dunk Shot,2PT Field Goal,Restricted Area,Center(C),2,11,25,1
Kevon Looney,20211103,Cutting Dunk Shot,2PT Field Goal,Restricted Area,Center(C),1,2,11,1
Kevon Looney,20211103,Cutting Dunk Shot,2PT Field Goal,Restricted Area,Center(C),2,22,15,1
Kevon Looney,20211105,Floating Jump shot,2PT Field Goal,Mid-Range,Right Side(R),10,94,57,0
Kevon Looney,20211107,Layup Shot,2PT Field Goal,Restricted Area,Center(C),0,2,5,0
Kevon Looney,20211107,Cutting Layup Shot,2PT Field Goal,Restricted Area,Center(C),1,6,13,1
Kevon Looney,20211108,Step Back Jump shot,2PT Field Goal,Mid-Range,Center(C),17,44,174,0
Kevon Looney,20211108,Turnaround Hook Shot,2PT Field Goal,Restricted Area,Center(C),3,-16,36,1
Kevon Looney,20211108,Driving Layup Shot,2PT Field Goal,Restricted Area,Center(C),3,27,17,1
Kevon Looney,20211110,Driving Floating Jump Shot,2PT Field Goal,In The Paint (Non-RA),Center(C),8,-4,83,0
Kevon Looney,20211110,Tip Layup Shot,2PT Field Goal,Restricted Area,Center(C),1,-11,15,0
Kevon Looney,20211110,Tip Layup Shot,2PT Field Goal,Restricted Area,Center(C),0,0,0,1
Kevon Looney,20211110,Putback Layup Shot,2PT Field Goal,Restricted Area,Center(C),2,13,22,0
Kevon Looney,20211110,Putback Layup Shot,2PT Field Goal,Restricted Area,Center(C),0,0,0,1
Kevon Looney,20211110,Finger Roll Layup Shot,2PT Field Goal,Restricted Area,Center(C),3,21,34,1
Kevon Looney,20211110,Cutting Dunk Shot,2PT Field Goal,Restricted Area,Center(C),2,-23,11,1
Kevon Looney,20211110,Tip Layup Shot,2PT Field Goal,Restricted Area,Center(C),0,0,0,0
Kevon Looney,20211110,Cutting Dunk Shot,2PT Field Goal,Restricted Area,Center(C),3,5,32,1
Kevon Looney,20211110,Tip Layup Shot,2PT Field Goal,Restricted Area,Center(C),0,0,0,0
Kevon Looney,20211110,Tip Layup Shot,2PT Field Goal,Restricted Area,Center(C),2,28,2,0
Kevon Looney,20211112,Cutting Layup Shot,2PT Field Goal,Restricted Area,Center(C),2,27,-4,1
Kevon Looney,20211112,Cutting Layup Shot,2PT Field Goal,Restricted Area,Center(C),3,29,24,0
Kevon Looney,20211112,Turnaround Hook Shot,2PT Field Goal,In The Paint (Non-RA),Center(C),7,26,72,0
Kevon Looney,20211112,Putback Layup Shot,2PT Field Goal,Restricted Area,Center(C),0,0,0,0
Kevon Looney,20211112,Driving Layup Shot,2PT Field Goal,Restricted Area,Center(C),2,-22,16,0
Kevon Looney,20211114,Layup Shot,2PT Field Goal,Restricted Area,Center(C),1,-4,11,0
Kevon Looney,20211114,Tip Layup Shot,2PT Field Goal,Restricted Area,Center(C),0,0,0,1
Kevon Looney,20211114,Jump Shot,2PT Field Goal,Mid-Range,Left Side Center(LC),18,-91,160,0
Kevon Looney,20211114,Cutting Layup Shot,2PT Field Goal,Restricted Area,Center(C),2,18,16,1
Kevon Looney,20211116,Driving Layup Shot,2PT Field Goal,Restricted Area,Center(C),3,-31,16,0
Kevon Looney,20211116,Cutting Dunk Shot,2PT Field Goal,Restricted Area,Center(C),0,0,5,1
Kevon Looney,20211118,Hook Shot,2PT Field Goal,Restricted Area,Center(C),2,-12,22,0
Kevon Looney,20211118,Jump Shot,2PT Field Goal,Mid-Range,Right Side(R),12,109,68,0
Kevon Looney,20211118,Running Layup Shot,2PT Field Goal,Restricted Area,Center(C),1,-1,14,1
Kevon Looney,20211119,Turnaround Fadeaway shot,2PT Field Goal,In The Paint (Non-RA),Right Side(R),8,76,48,0
Kevon Looney,20211119,Layup Shot,2PT Field Goal,Restricted Area,Center(C),2,21,13,0
Kevon Looney,20211119,Layup Shot,2PT Field Goal,Restricted Area,Center(C),0,7,0,0
Kevon Looney,20211119,Driving Layup Shot,2PT Field Goal,Restricted Area,Center(C),1,12,2,0
Kevon Looney,20211119,Tip Layup Shot,2PT Field Goal,Restricted Area,Center(C),0,0,0,0
Kevon Looney,20211119,Cutting Dunk Shot,2PT Field Goal,Restricted Area,Center(C),1,0,18,1
Kevon Looney,20211121,Layup Shot,2PT Field Goal,Restricted Area,Center(C),2,26,5,1
Kevon Looney,20211121,Putback Dunk Shot,2PT Field Goal,Restricted Area,Center(C),0,0,0,1
Kevon Looney,20211121,Putback Layup Shot,2PT Field Goal,Restricted Area,Center(C),0,0,0,0
Kevon Looney,20211121,Cutting Dunk Shot,2PT Field Goal,Restricted Area,Center(C),2,-16,17,1
Kevon Looney,20211124,Dunk Shot,2PT Field Goal,Restricted Area,Center(C),3,12,37,1
Kevon Looney,20211124,Tip Layup Shot,2PT Field Goal,Restricted Area,Center(C),0,0,0,0
Kevon Looney,20211124,Pullup Jump shot,2PT Field Goal,Mid-Range,Left Side Center(LC),17,-138,115,0
Kevon Looney,20211124,Dunk Shot,2PT Field Goal,Restricted Area,Center(C),3,11,31,1
Kevon Looney,20211124,Driving Reverse Layup Shot,2PT Field Goal,Restricted Area,Center(C),3,-22,27,1
Kevon Looney,20211124,Floating Jump shot,2PT Field Goal,In The Paint (Non-RA),Center(C),6,45,45,0
Kevon Looney,20211126,Cutting Layup Shot,2PT Field Goal,In The Paint (Non-RA),Center(C),4,42,16,1
Kevon Looney,20211126,Pullup Jump shot,2PT Field Goal,In The Paint (Non-RA),Left Side(L),12,-66,101,0
Kevon Looney,20211126,Putback Layup Shot,2PT Field Goal,Restricted Area,Center(C),0,0,0,1
Kevon Looney,20211126,Tip Layup Shot,2PT Field Goal,Restricted Area,Center(C),0,0,0,1
Kevon Looney,20211126,Dunk Shot,2PT Field Goal,Restricted Area,Center(C),2,11,19,1
Kevon Looney,20211126,Layup Shot,2PT Field Goal,Restricted Area,Center(C),3,-25,22,1
Kevon Looney,20211126,Dunk Shot,2PT Field Goal,Restricted Area,Center(C),3,22,26,1
Kevon Looney,20211128,Layup Shot,2PT Field Goal,Restricted Area,Center(C),2,-22,17,1
Kevon Looney,20211130,Cutting Layup Shot,2PT Field Goal,Restricted Area,Center(C),3,22,27,1
Kevon Looney,20211130,Alley Oop Layup shot,2PT Field Goal,In The Paint (Non-RA),Center(C),4,47,15,1
Kevon Looney,20211130,Putback Layup Shot,2PT Field Goal,In The Paint (Non-RA),Center(C),4,-33,30,0
Kevon Looney,20211130,Putback Layup Shot,2PT Field Goal,Restricted Area,Center(C),3,-26,20,0
Kevon Looney,20211130,Layup Shot,2PT Field Goal,In The Paint (Non-RA),Center(C),5,54,-1,0
Kevon Looney,20211130,Tip Layup Shot,2PT Field Goal,Restricted Area,Center(C),1,-9,13,0
Kevon Looney,20211203,Cutting Layup Shot,2PT Field Goal,Restricted Area,Center(C),3,34,21,0
Kevon Looney,20211203,Running Dunk Shot,2PT Field Goal,Restricted Area,Center(C),2,5,25,1
Kevon Looney,20211203,Jump Shot,2PT Field Goal,Mid-Range,Right Side(R),16,158,32,0
Kevon Looney,20211203,Tip Layup Shot,2PT Field Goal,Restricted Area,Center(C),0,0,0,0
Kevon Looney,20211204,Jump Shot,3PT Field Goal,Above the Break 3,Left Side Center(LC),24,-148,197,0
Kevon Looney,20211204,Cutting Layup Shot,2PT Field Goal,Restricted Area,Center(C),1,9,7,0
Kevon Looney,20211204,Hook Shot,2PT Field Goal,In The Paint (Non-RA),Center(C),4,12,42,1
Kevon Looney,20211206,Alley Oop Dunk Shot,2PT Field Goal,Restricted Area,Center(C),2,-28,8,1
Kevon Looney,20211206,Layup Shot,2PT Field Goal,In The Paint (Non-RA),Center(C),5,12,49,0
Kevon Looney,20211206,Cutting Dunk Shot,2PT Field Goal,Restricted Area,Center(C),3,7,33,1
Kevon Looney,20211208,Dunk Shot,2PT Field Goal,Restricted Area,Center(C),2,1,23,1
Kevon Looney,20211208,Cutting Dunk Shot,2PT Field Goal,Restricted Area,Center(C),3,12,34,1
Kevon Looney,20211208,Hook Shot,2PT Field Goal,In The Paint (Non-RA),Center(C),8,-13,84,0
Kevon Looney,20211208,Jump Shot,2PT Field Goal,Mid-Range,Right Side Center(RC),16,124,111,0
Kevon Looney,20211208,Reverse Layup Shot,2PT Field Goal,Restricted Area,Center(C),3,34,11,1
Kevon Looney,20211208,Cutting Dunk Shot,2PT Field Goal,Restricted Area,Center(C),3,16,29,1
Kevon Looney,20211208,Jump Shot,2PT Field Goal,Mid-Range,Right Side(R),15,151,-18,0
Kevon Looney,20211208,Cutting Dunk Shot,2PT Field Goal,Restricted Area,Center(C),2,-6,22,1
Kevon Looney,20211211,Tip Layup Shot,2PT Field Goal,Restricted Area,Center(C),0,0,0,1
Kevon Looney,20211211,Pullup Jump shot,2PT Field Goal,Mid-Range,Left Side(L),15,-138,70,0
Kevon Looney,20211211,Dunk Shot,2PT Field Goal,Restricted Area,Center(C),0,-1,0,1
Kevon Looney,20211211,Cutting Layup Shot,2PT Field Goal,Restricted Area,Center(C),0,2,8,1
Kevon Looney,20211211,Layup Shot,2PT Field Goal,Restricted Area,Center(C),0,4,7,0
Kevon Looney,20211211,Dunk Shot,2PT Field Goal,Restricted Area,Center(C),1,-12,-15,1
Kevon Looney,20211213,Driving Finger Roll Layup Shot,2PT Field Goal,Restricted Area,Center(C),2,26,13,0
Kevon Looney,20211213,Cutting Layup Shot,2PT Field Goal,Restricted Area,Center(C),1,0,14,1
Kevon Looney,20211213,Pullup Jump shot,2PT Field Goal,In The Paint (Non-RA),Center(C),6,43,46,0
Kevon Looney,20211213,Jump Shot,2PT Field Goal,Restricted Area,Center(C),2,16,20,0
Kevon Looney,20211213,Driving Dunk Shot,2PT Field Goal,Restricted Area,Center(C),0,-5,8,1
Kevon Looney,20211213,Cutting Dunk Shot,2PT Field Goal,Restricted Area,Center(C),1,0,13,1
Kevon Looney,20211213,Cutting Dunk Shot,2PT Field Goal,Restricted Area,Center(C),0,2,8,1
Kevon Looney,20211213,Driving Finger Roll Layup Shot,2PT Field Goal,Restricted Area,Center(C),1,-18,5,1
Kevon Looney,20211213,Layup Shot,2PT Field Goal,Restricted Area,Center(C),0,-4,7,1
Kevon Looney,20211213,Putback Layup Shot,2PT Field Goal,Restricted Area,Center(C),3,12,32,1
Kevon Looney,20211214,Finger Roll Layup Shot,2PT Field Goal,Restricted Area,Center(C),2,-1,25,0
Kevon Looney,20211214,Cutting Dunk Shot,2PT Field Goal,Restricted Area,Center(C),0,2,5,1
Kevon Looney,20211214,Running Finger Roll Layup Shot,2PT Field Goal,Restricted Area,Center(C),1,11,16,1
Kevon Looney,20211214,Cutting Layup Shot,2PT Field Goal,Restricted Area,Center(C),3,-18,27,0
Kevon Looney,20211217,Cutting Layup Shot,2PT Field Goal,Restricted Area,Center(C),1,11,15,1
Kevon Looney,20211217,Putback Layup Shot,2PT Field Goal,Restricted Area,Center(C),2,-7,26,1
Kevon Looney,20211217,Tip Layup Shot,2PT Field Goal,Restricted Area,Center(C),0,0,0,0
Kevon Looney,20211218,Jump Shot,2PT Field Goal,Mid-Range,Center(C),20,12,206,0
Kevon Looney,20211218,Cutting Dunk Shot,2PT Field Goal,Restricted Area,Center(C),1,4,19,1
Kevon Looney,20211218,Turnaround Fadeaway shot,2PT Field Goal,Mid-Range,Left Side(L),12,-123,15,0
Kevon Looney,20211218,Cutting Dunk Shot,2PT Field Goal,Restricted Area,Center(C),1,5,10,1
Kevon Looney,20211218,Cutting Finger Roll Layup Shot,2PT Field Goal,Restricted Area,Center(C),2,-12,16,0
Kevon Looney,20211218,Dunk Shot,2PT Field Goal,Restricted Area,Center(C),1,11,9,1
Kevon Looney,20211218,Layup Shot,2PT Field Goal,In The Paint (Non-RA),Center(C),5,42,29,1
Kevon Looney,20211220,Jump Shot,2PT Field Goal,Mid-Range,Right Side(R),9,94,-1,0
Kevon Looney,20211223,Cutting Layup Shot,2PT Field Goal,In The Paint (Non-RA),Center(C),5,-11,52,0
Kevon Looney,20211223,Jump Shot,2PT Field Goal,Mid-Range,Right Side Center(RC),19,76,182,1
Kevon Looney,20211223,Cutting Dunk Shot,2PT Field Goal,Restricted Area,Center(C),2,-17,11,1
Kevon Looney,20211223,Pullup Jump shot,2PT Field Goal,In The Paint (Non-RA),Center(C),13,-49,123,1
Kevon Looney,20211225,Layup Shot,2PT Field Goal,Restricted Area,Center(C),1,5,11,1
Kevon Looney,20211225,Jump Shot,2PT Field Goal,Mid-Range,Center(C),20,-11,203,0
Kevon Looney,20211225,Layup Shot,2PT Field Goal,In The Paint (Non-RA),Center(C),4,4,45,0
Kevon Looney,20211225,Cutting Layup Shot,2PT Field Goal,Restricted Area,Center(C),1,-6,15,0
Kevon Looney,20211225,Layup Shot,2PT Field Goal,Restricted Area,Center(C),2,-2,20,0
Kevon Looney,20211225,Tip Dunk Shot,2PT Field Goal,Restricted Area,Center(C),0,0,0,1
Kevon Looney,20211225,Driving Layup Shot,2PT Field Goal,Restricted Area,Center(C),2,23,16,1
Kevon Looney,20211228,Cutting Dunk Shot,2PT Field Goal,Restricted Area,Center(C),2,11,25,1
Kevon Looney,20211228,Pullup Jump shot,2PT Field Goal,Mid-Range,Left Side Center(LC),17,-121,126,0
Kevon Looney,20211228,Layup Shot,2PT Field Goal,In The Paint (Non-RA),Center(C),5,-44,29,1
Kevon Looney,20211228,Jump Shot,2PT Field Goal,Mid-Range,Right Side(R),15,137,63,0
Kevon Looney,20211228,Dunk Shot,2PT Field Goal,Restricted Area,Center(C),1,1,15,1
Kevon Looney,20220307,Reverse Layup Shot,2PT Field Goal,Restricted Area,Center(C),2,-20,14,1
Kevon Looney,20220307,Jump Shot,2PT Field Goal,Mid-Range,Right Side(R),14,115,80,0
Kevon Looney,20220307,Jump Shot,2PT Field Goal,Mid-Range,Right Side(R),16,162,13,0
Kevon Looney,20220307,Driving Reverse Layup Shot,2PT Field Goal,In The Paint (Non-RA),Center(C),4,-32,26,0
Kevon Looney,20220307,Cutting Dunk Shot,2PT Field Goal,Restricted Area,Center(C),1,2,13,1
Kevon Looney,20220307,Cutting Layup Shot,2PT Field Goal,Restricted Area,Center(C),3,-27,21,1
Kevon Looney,20220307,Driving Layup Shot,2PT Field Goal,Restricted Area,Center(C),2,20,6,1
Kevon Looney,20220307,Tip Dunk Shot,2PT Field Goal,Restricted Area,Center(C),0,0,0,1
Kevon Looney,20220101,Jump Shot,2PT Field Goal,Mid-Range,Right Side(R),15,157,-18,1
Kevon Looney,20220101,Cutting Layup Shot,2PT Field Goal,Restricted Area,Center(C),2,17,15,0
Kevon Looney,20220101,Cutting Dunk Shot,2PT Field Goal,Restricted Area,Center(C),2,-4,20,1
Kevon Looney,20220101,Cutting Layup Shot,2PT Field Goal,Restricted Area,Center(C),2,-23,1,1
Kevon Looney,20220101,Jump Shot,2PT Field Goal,Mid-Range,Right Side Center(RC),19,97,168,1
Kevon Looney,20220101,Tip Layup Shot,2PT Field Goal,Restricted Area,Center(C),0,0,0,0
Kevon Looney,20220101,Cutting Layup Shot,2PT Field Goal,In The Paint (Non-RA),Center(C),5,45,25,0
Kevon Looney,20220103,Reverse Layup Shot,2PT Field Goal,In The Paint (Non-RA),Center(C),4,-38,18,0
Kevon Looney,20220103,Cutting Dunk Shot,2PT Field Goal,Restricted Area,Center(C),2,4,20,1
Kevon Looney,20220103,Cutting Dunk Shot,2PT Field Goal,Restricted Area,Center(C),3,18,28,1
Kevon Looney,20220103,Layup Shot,2PT Field Goal,Restricted Area,Center(C),0,-4,9,0
Kevon Looney,20220103,Turnaround Hook Shot,2PT Field Goal,In The Paint (Non-RA),Center(C),5,10,52,1
Kevon Looney,20220105,Cutting Dunk Shot,2PT Field Goal,Restricted Area,Center(C),1,0,14,1
Kevon Looney,20220105,Driving Layup Shot,2PT Field Goal,Restricted Area,Center(C),1,12,11,1
Kevon Looney,20220105,Cutting Layup Shot,2PT Field Goal,Restricted Area,Center(C),1,-6,9,0
Kevon Looney,20220105,Putback Layup Shot,2PT Field Goal,Restricted Area,Center(C),1,-10,-1,1
Kevon Looney,20220105,Cutting Layup Shot,2PT Field Goal,Restricted Area,Center(C),1,7,11,0
Kevon Looney,20220105,Cutting Dunk Shot,2PT Field Goal,Restricted Area,Center(C),2,21,10,0
Kevon Looney,20220106,Putback Layup Shot,2PT Field Goal,Restricted Area,Center(C),0,0,0,1
Kevon Looney,20220106,Pullup Jump shot,2PT Field Goal,Mid-Range,Right Side Center(RC),18,143,115,0
Kevon Looney,20220106,Cutting Layup Shot,2PT Field Goal,Restricted Area,Center(C),2,-16,15,0
Kevon Looney,20220106,Tip Layup Shot,2PT Field Goal,Restricted Area,Center(C),0,0,0,0
Kevon Looney,20220106,Cutting Layup Shot,2PT Field Goal,Restricted Area,Center(C),1,17,4,1
Kevon Looney,20220106,Fadeaway Jump Shot,2PT Field Goal,Mid-Range,Left Side(L),8,-83,32,1
Kevon Looney,20220106,Jump Shot,2PT Field Goal,Mid-Range,Left Side Center(LC),17,-82,155,0
Kevon Looney,20220109,Layup Shot,2PT Field Goal,In The Paint (Non-RA),Center(C),5,-42,38,0
Kevon Looney,20220109,Turnaround Fadeaway shot,2PT Field Goal,Mid-Range,Right Side(R),14,142,21,1
Kevon Looney,20220109,Tip Layup Shot,2PT Field Goal,Restricted Area,Center(C),0,0,0,0
Kevon Looney,20220109,Putback Layup Shot,2PT Field Goal,Restricted Area,Center(C),0,0,0,0
Kevon Looney,20220109,Cutting Dunk Shot,2PT Field Goal,Restricted Area,Center(C),3,7,32,1
Kevon Looney,20220109,Driving Floating Bank Jump Shot,2PT Field Goal,In The Paint (Non-RA),Center(C),7,56,42,1
Kevon Looney,20220111,Jump Shot,2PT Field Goal,Mid-Range,Right Side Center(RC),18,134,131,0
Kevon Looney,20220111,Reverse Layup Shot,2PT Field Goal,Restricted Area,Center(C),1,-15,11,0
Kevon Looney,20220111,Tip Layup Shot,2PT Field Goal,Restricted Area,Center(C),0,0,0,1
Kevon Looney,20220113,Putback Layup Shot,2PT Field Goal,Restricted Area,Center(C),1,1,13,0
Kevon Looney,20220113,Jump Shot,2PT Field Goal,Mid-Range,Center(C),17,16,176,1
Kevon Looney,20220113,Layup Shot,2PT Field Goal,Restricted Area,Center(C),2,6,26,0
Kevon Looney,20220113,Driving Dunk Shot,2PT Field Goal,Restricted Area,Center(C),0,-4,9,1
Kevon Looney,20220113,Layup Shot,2PT Field Goal,Restricted Area,Center(C),2,4,29,0
Kevon Looney,20220114,Cutting Dunk Shot,2PT Field Goal,Restricted Area,Center(C),0,4,6,1
Kevon Looney,20220114,Jump Shot,2PT Field Goal,Mid-Range,Right Side(R),17,179,17,0
Kevon Looney,20220114,Putback Layup Shot,2PT Field Goal,Restricted Area,Center(C),0,0,0,1
Kevon Looney,20220114,Dunk Shot,2PT Field Goal,Restricted Area,Center(C),0,-6,5,1
Kevon Looney,20220114,Cutting Dunk Shot,2PT Field Goal,Restricted Area,Center(C),0,7,6,1
Kevon Looney,20220116,Cutting Layup Shot,2PT Field Goal,In The Paint (Non-RA),Center(C),5,-36,41,0
Kevon Looney,20220116,Layup Shot,2PT Field Goal,In The Paint (Non-RA),Center(C),4,34,23,0
Kevon Looney,20220116,Putback Layup Shot,2PT Field Goal,Restricted Area,Center(C),1,2,12,1
Kevon Looney,20220116,Tip Layup Shot,2PT Field Goal,Restricted Area,Center(C),0,0,0,1
Kevon Looney,20220116,Putback Layup Shot,2PT Field Goal,Restricted Area,Center(C),1,-6,19,0
Kevon Looney,20220118,Driving Layup Shot,2PT Field Goal,In The Paint (Non-RA),Center(C),7,61,47,0
Kevon Looney,20220118,Cutting Layup Shot,2PT Field Goal,In The Paint (Non-RA),Center(C),4,2,46,0
Kevon Looney,20220120,Reverse Layup Shot,2PT Field Goal,Restricted Area,Center(C),3,31,21,1
Kevon Looney,20220120,Dunk Shot,2PT Field Goal,Restricted Area,Center(C),2,-16,15,1
Kevon Looney,20220120,Tip Dunk Shot,2PT Field Goal,Restricted Area,Center(C),0,0,0,1
Kevon Looney,20220120,Driving Layup Shot,2PT Field Goal,In The Paint (Non-RA),Center(C),5,-1,59,0
Kevon Looney,20220120,Dunk Shot,2PT Field Goal,Restricted Area,Center(C),2,21,9,1
Kevon Looney,20220120,Putback Dunk Shot,2PT Field Goal,Restricted Area,Center(C),0,0,0,1
Kevon Looney,20220121,Reverse Layup Shot,2PT Field Goal,In The Paint (Non-RA),Center(C),5,-49,31,1
Kevon Looney,20220121,Driving Dunk Shot,2PT Field Goal,Restricted Area,Center(C),2,-6,23,1
Kevon Looney,20220121,Cutting Dunk Shot,2PT Field Goal,Restricted Area,Center(C),3,-21,30,1
Kevon Looney,20220123,Pullup Jump shot,2PT Field Goal,Mid-Range,Center(C),16,-28,162,1
Kevon Looney,20220123,Driving Layup Shot,2PT Field Goal,Restricted Area,Center(C),3,28,21,1
Kevon Looney,20220123,Jump Shot,2PT Field Goal,Mid-Range,Right Side(R),14,142,21,0
Kevon Looney,20220123,Cutting Layup Shot,2PT Field Goal,Restricted Area,Center(C),3,-26,25,1
Kevon Looney,20220123,Putback Layup Shot,2PT Field Goal,Restricted Area,Center(C),0,0,0,1
Kevon Looney,20220127,Turnaround Jump Shot,2PT Field Goal,Restricted Area,Center(C),3,29,20,0
Kevon Looney,20220127,Tip Layup Shot,2PT Field Goal,Restricted Area,Center(C),0,0,0,0
Kevon Looney,20220127,Layup Shot,2PT Field Goal,Restricted Area,Center(C),2,-22,4,1
Kevon Looney,20220127,Cutting Layup Shot,2PT Field Goal,Restricted Area,Center(C),0,-6,3,0
Kevon Looney,20220127,Cutting Dunk Shot,2PT Field Goal,Restricted Area,Center(C),1,6,8,1
Kevon Looney,20220129,Cutting Dunk Shot,2PT Field Goal,Restricted Area,Center(C),2,-6,22,1
Kevon Looney,20220129,Putback Layup Shot,2PT Field Goal,Restricted Area,Center(C),3,-29,22,0
Kevon Looney,20220129,Tip Layup Shot,2PT Field Goal,Restricted Area,Center(C),0,0,0,1
Kevon Looney,20220129,Running Layup Shot,2PT Field Goal,In The Paint (Non-RA),Center(C),5,53,15,0
Kevon Looney,20220129,Putback Layup Shot,2PT Field Goal,Restricted Area,Center(C),2,-29,1,1
Kevon Looney,20220129,Pullup Jump shot,2PT Field Goal,In The Paint (Non-RA),Center(C),9,45,88,0
Kevon Looney,20220129,Layup Shot,2PT Field Goal,Restricted Area,Center(C),2,29,4,0
Kevon Looney,20220131,Cutting Layup Shot,2PT Field Goal,Restricted Area,Center(C),2,-11,26,1
Kevon Looney,20220131,Tip Layup Shot,2PT Field Goal,Restricted Area,Center(C),0,0,0,0
Kevon Looney,20220131,Tip Layup Shot,2PT Field Goal,Restricted Area,Center(C),0,0,0,0
Kevon Looney,20220131,Cutting Dunk Shot,2PT Field Goal,Restricted Area,Center(C),2,18,22,1
Kevon Looney,20220131,Driving Layup Shot,2PT Field Goal,Restricted Area,Center(C),3,34,20,0
Kevon Looney,20220131,Putback Layup Shot,2PT Field Goal,Restricted Area,Center(C),2,15,15,1
Kevon Looney,20220201,Layup Shot,2PT Field Goal,Restricted Area,Center(C),1,-18,5,1
Kevon Looney,20220201,Layup Shot,2PT Field Goal,Restricted Area,Center(C),0,0,0,1
Kevon Looney,20220201,Jump Shot,2PT Field Goal,Mid-Range,Left Side(L),14,-92,113,0
Kevon Looney,20220201,Tip Layup Shot,2PT Field Goal,Restricted Area,Center(C),0,0,0,1
Kevon Looney,20220201,Layup Shot,2PT Field Goal,Restricted Area,Center(C),1,16,8,1
Kevon Looney,20220201,Putback Layup Shot,2PT Field Goal,Restricted Area,Center(C),0,0,0,0
Kevon Looney,20220201,Layup Shot,2PT Field Goal,Restricted Area,Center(C),2,16,17,1
Kevon Looney,20220201,Jump Shot,2PT Field Goal,Mid-Range,Right Side(R),12,116,34,0
Kevon Looney,20220203,Putback Dunk Shot,2PT Field Goal,Restricted Area,Center(C),0,0,0,1
Kevon Looney,20220203,Cutting Dunk Shot,2PT Field Goal,Restricted Area,Center(C),3,5,33,1
Kevon Looney,20220203,Driving Dunk Shot,2PT Field Goal,Restricted Area,Center(C),2,-13,20,1
Kevon Looney,20220207,Jump Shot,2PT Field Goal,Mid-Range,Left Side(L),16,-163,48,0
Kevon Looney,20220207,Cutting Dunk Shot,2PT Field Goal,In The Paint (Non-RA),Center(C),5,20,50,1
Kevon Looney,20220207,Layup Shot,2PT Field Goal,In The Paint (Non-RA),Center(C),4,-25,39,1
Kevon Looney,20220207,Cutting Layup Shot,2PT Field Goal,In The Paint (Non-RA),Center(C),4,38,20,0
Kevon Looney,20220207,Jump Shot,2PT Field Goal,In The Paint (Non-RA),Center(C),12,55,110,1
Kevon Looney,20220207,Cutting Layup Shot,2PT Field Goal,In The Paint (Non-RA),Center(C),5,-43,41,1
Kevon Looney,20220209,Reverse Layup Shot,2PT Field Goal,Restricted Area,Center(C),2,-25,-1,1
Kevon Looney,20220209,Jump Shot,2PT Field Goal,Mid-Range,Right Side Center(RC),18,72,169,0
Kevon Looney,20220209,Layup Shot,2PT Field Goal,Restricted Area,Center(C),2,-21,16,0
Kevon Looney,20220209,Driving Floating Bank Jump Shot,2PT Field Goal,Restricted Area,Center(C),3,26,25,0
Kevon Looney,20220210,Layup Shot,2PT Field Goal,In The Paint (Non-RA),Center(C),5,-51,28,0
Kevon Looney,20220210,Cutting Dunk Shot,2PT Field Goal,Restricted Area,Center(C),2,10,18,1
Kevon Looney,20220210,Reverse Layup Shot,2PT Field Goal,In The Paint (Non-RA),Center(C),4,40,22,1
Kevon Looney,20220210,Tip Layup Shot,2PT Field Goal,Restricted Area,Center(C),0,0,0,1
Kevon Looney,20220212,Layup Shot,2PT Field Goal,Restricted Area,Center(C),3,33,15,0
Kevon Looney,20220212,Layup Shot,2PT Field Goal,In The Paint (Non-RA),Center(C),5,42,38,0
Kevon Looney,20220212,Pullup Jump shot,2PT Field Goal,Mid-Range,Right Side(R),16,159,21,0
Kevon Looney,20220212,Layup Shot,2PT Field Goal,In The Paint (Non-RA),Center(C),7,70,24,0
Kevon Looney,20220212,Putback Layup Shot,2PT Field Goal,Restricted Area,Center(C),3,31,22,1
Kevon Looney,20220212,Driving Layup Shot,2PT Field Goal,In The Paint (Non-RA),Center(C),4,43,4,0
Kevon Looney,20220214,Cutting Dunk Shot,2PT Field Goal,Restricted Area,Center(C),0,1,0,1
Kevon Looney,20220214,Layup Shot,2PT Field Goal,Restricted Area,Center(C),3,29,17,0
Kevon Looney,20220214,Cutting Dunk Shot,2PT Field Goal,Restricted Area,Center(C),1,-1,13,1
Kevon Looney,20220214,Jump Shot,2PT Field Goal,Mid-Range,Right Side(R),16,161,40,0
Kevon Looney,20220214,Layup Shot,2PT Field Goal,Restricted Area,Center(C),3,13,32,1
Kevon Looney,20220216,Reverse Layup Shot,2PT Field Goal,Restricted Area,Center(C),3,26,18,1
Kevon Looney,20220216,Driving Layup Shot,2PT Field Goal,In The Paint (Non-RA),Center(C),4,-40,23,0
Kevon Looney,20220216,Dunk Shot,2PT Field Goal,Restricted Area,Center(C),3,-26,17,0
Kevon Looney,20220216,Jump Shot,2PT Field Goal,Mid-Range,Right Side(R),14,145,10,1
Kevon Looney,20220216,Cutting Finger Roll Layup Shot,2PT Field Goal,In The Paint (Non-RA),Center(C),4,39,22,1
Kevon Looney,20220216,Running Dunk Shot,2PT Field Goal,Restricted Area,Center(C),2,11,26,1
Kevon Looney,20220216,Cutting Dunk Shot,2PT Field Goal,Restricted Area,Center(C),1,2,16,1
Kevon Looney,20220216,Cutting Finger Roll Layup Shot,2PT Field Goal,In The Paint (Non-RA),Center(C),5,47,22,0
Kevon Looney,20220224,Tip Dunk Shot,2PT Field Goal,Restricted Area,Center(C),0,0,0,1
Kevon Looney,20220224,Driving Layup Shot,2PT Field Goal,Restricted Area,Center(C),3,25,30,1
Kevon Looney,20220224,Cutting Layup Shot,2PT Field Goal,Restricted Area,Center(C),2,-21,11,0
Kevon Looney,20220224,Cutting Dunk Shot,2PT Field Goal,Restricted Area,Center(C),1,2,10,1
Kevon Looney,20220224,Driving Layup Shot,2PT Field Goal,Restricted Area,Center(C),3,9,38,1
Kevon Looney,20220224,Dunk Shot,2PT Field Goal,Restricted Area,Center(C),1,6,8,1
Kevon Looney,20220227,Cutting Dunk Shot,2PT Field Goal,Restricted Area,Center(C),0,-2,6,1
Kevon Looney,20220227,Putback Layup Shot,2PT Field Goal,Restricted Area,Center(C),0,0,0,1
Kevon Looney,20220227,Cutting Dunk Shot,2PT Field Goal,Restricted Area,Center(C),0,5,8,1
Kevon Looney,20220227,Reverse Layup Shot,2PT Field Goal,Restricted Area,Center(C),1,1,10,1
Kevon Looney,20220227,Layup Shot,2PT Field Goal,Restricted Area,Center(C),0,6,4,0
Kevon Looney,20220301,Jump Shot,2PT Field Goal,Mid-Range,Center(C),19,-26,194,0
Kevon Looney,20220301,Cutting Dunk Shot,2PT Field Goal,Restricted Area,Center(C),0,-2,-1,1
Kevon Looney,20220303,Cutting Layup Shot,2PT Field Goal,Restricted Area,Center(C),1,-7,11,1
Kevon Looney,20220303,Cutting Dunk Shot,2PT Field Goal,Restricted Area,Center(C),1,-5,12,1
Kevon Looney,20220303,Tip Layup Shot,2PT Field Goal,Restricted Area,Center(C),0,0,0,1
Kevon Looney,20220303,Alley Oop Layup shot,2PT Field Goal,Restricted Area,Center(C),3,33,15,1
Kevon Looney,20220305,Putback Dunk Shot,2PT Field Goal,Restricted Area,Center(C),0,0,0,0
Kevon Looney,20220308,Cutting Layup Shot,2PT Field Goal,Restricted Area,Center(C),2,25,-6,0
Kevon Looney,20220308,Cutting Dunk Shot,2PT Field Goal,Restricted Area,Center(C),0,-2,4,1
Kevon Looney,20220308,Tip Layup Shot,2PT Field Goal,Restricted Area,Center(C),0,0,0,0
Kevon Looney,20220308,Putback Layup Shot,2PT Field Goal,Restricted Area,Center(C),2,12,20,1
Kevon Looney,20220308,Driving Layup Shot,2PT Field Goal,Restricted Area,Center(C),0,-4,0,1
Kevon Looney,20220308,Cutting Layup Shot,2PT Field Goal,Restricted Area,Center(C),2,18,14,0
Kevon Looney,20220308,Driving Layup Shot,2PT Field Goal,Restricted Area,Center(C),2,21,0,0
Kevon Looney,20220310,Pullup Jump shot,2PT Field Goal,Mid-Range,Left Side(L),14,-108,100,1
Kevon Looney,20220310,Cutting Dunk Shot,2PT Field Goal,Restricted Area,Center(C),2,-5,22,1
Kevon Looney,20220310,Cutting Dunk Shot,2PT Field Goal,Restricted Area,Center(C),0,-2,3,1
Kevon Looney,20220310,Hook Bank Shot,2PT Field Goal,Restricted Area,Center(C),3,-34,10,1
Kevon Looney,20220310,Cutting Finger Roll Layup Shot,2PT Field Goal,Restricted Area,Center(C),2,25,12,1
Kevon Looney,20220312,Cutting Layup Shot,2PT Field Goal,In The Paint (Non-RA),Center(C),4,40,15,1
Kevon Looney,20220312,Jump Shot,2PT Field Goal,In The Paint (Non-RA),Center(C),10,28,100,0
Kevon Looney,20220314,Layup Shot,2PT Field Goal,Restricted Area,Center(C),2,20,18,0
Kevon Looney,20220314,Layup Shot,2PT Field Goal,In The Paint (Non-RA),Center(C),5,49,32,0
Kevon Looney,20220314,Cutting Layup Shot,2PT Field Goal,Restricted Area,Center(C),3,28,25,1
Kevon Looney,20220314,Cutting Dunk Shot,2PT Field Goal,Restricted Area,Center(C),2,-20,21,1
Kevon Looney,20220314,Jump Shot,2PT Field Goal,Mid-Range,Right Side(R),18,173,55,0
Kevon Looney,20220316,Cutting Layup Shot,2PT Field Goal,Restricted Area,Center(C),3,32,9,1
Kevon Looney,20220316,Jump Shot,2PT Field Goal,Mid-Range,Left Side(L),13,-119,73,0
Kevon Looney,20220316,Layup Shot,2PT Field Goal,In The Paint (Non-RA),Center(C),4,-26,33,1
Kevon Looney,20220316,Layup Shot,2PT Field Goal,Restricted Area,Center(C),3,38,10,1
Kevon Looney,20220316,Layup Shot,2PT Field Goal,In The Paint (Non-RA),Center(C),4,44,0,1
Kevon Looney,20220316,Pullup Jump shot,2PT Field Goal,In The Paint (Non-RA),Center(C),10,-4,109,0
Kevon Looney,20220320,Driving Dunk Shot,2PT Field Goal,Restricted Area,Center(C),2,-22,15,1
Kevon Looney,20220320,Jump Shot,2PT Field Goal,Mid-Range,Left Side Center(LC),19,-135,146,0
Kevon Looney,20220322,Driving Hook Shot,2PT Field Goal,Restricted Area,Center(C),3,-21,33,0
Kevon Looney,20220322,Cutting Layup Shot,2PT Field Goal,Restricted Area,Center(C),3,23,21,1
Kevon Looney,20220322,Layup Shot,2PT Field Goal,Restricted Area,Center(C),1,18,5,1
Kevon Looney,20220323,Jump Shot,2PT Field Goal,Mid-Range,Right Side(R),16,161,14,1
Kevon Looney,20220323,Alley Oop Layup shot,2PT Field Goal,Restricted Area,Center(C),3,-32,19,0
Kevon Looney,20220325,Cutting Layup Shot,2PT Field Goal,Restricted Area,Center(C),1,-7,15,1
Kevon Looney,20220325,Jump Shot,2PT Field Goal,Mid-Range,Center(C),17,-37,175,1
Kevon Looney,20220325,Cutting Dunk Shot,2PT Field Goal,Restricted Area,Center(C),1,-5,12,1
Kevon Looney,20220325,Cutting Dunk Shot,2PT Field Goal,Restricted Area,Center(C),0,-1,5,1
Kevon Looney,20220325,Turnaround Jump Shot,2PT Field Goal,Mid-Range,Right Side(R),11,118,17,0
Kevon Looney,20220327,Cutting Layup Shot,2PT Field Goal,In The Paint (Non-RA),Center(C),5,40,34,0
Kevon Looney,20220327,Cutting Dunk Shot,2PT Field Goal,Restricted Area,Center(C),2,29,5,1
Kevon Looney,20220327,Dunk Shot,2PT Field Goal,Restricted Area,Center(C),3,28,25,1
Kevon Looney,20220328,Tip Layup Shot,2PT Field Goal,Restricted Area,Center(C),0,0,0,1
Kevon Looney,20220328,Jump Shot,2PT Field Goal,Mid-Range,Right Side Center(RC),17,86,150,0
Kevon Looney,20220330,Turnaround Jump Shot,2PT Field Goal,Mid-Range,Right Side(R),15,151,5,0
Kevon Looney,20220330,Layup Shot,2PT Field Goal,Restricted Area,Center(C),3,-2,34,1
Kevon Looney,20220402,Dunk Shot,2PT Field Goal,Restricted Area,Center(C),2,17,18,1
Kevon Looney,20220403,Jump Shot,2PT Field Goal,Mid-Range,Right Side Center(RC),20,146,147,0
Kevon Looney,20220407,Jump Bank Shot,2PT Field Goal,In The Paint (Non-RA),Center(C),4,39,25,1
Kevon Looney,20220407,Turnaround Fadeaway Bank Jump Shot,2PT Field Goal,In The Paint (Non-RA),Center(C),6,40,47,1
Kevon Looney,20220409,Putback Layup Shot,2PT Field Goal,Restricted Area,Center(C),0,0,0,1
Kevon Looney,20220409,Hook Shot,2PT Field Goal,In The Paint (Non-RA),Center(C),4,-43,-1,1
Kevon Looney,20220409,Driving Layup Shot,2PT Field Goal,Restricted Area,Center(C),1,-15,-1,0
Kevon Looney,20220409,Dunk Shot,2PT Field Goal,Restricted Area,Center(C),0,0,0,0
Kevon Looney,20220409,Cutting Finger Roll Layup Shot,2PT Field Goal,Restricted Area,Center(C),2,7,25,1
Kevon Looney,20220409,Tip Layup Shot,2PT Field Goal,Restricted Area,Center(C),0,0,0,0
Kevon Looney,20220410,Dunk Shot,2PT Field Goal,Restricted Area,Center(C),0,-6,0,1
Kevon Looney,20220410,Turnaround Hook Shot,2PT Field Goal,Restricted Area,Center(C),1,18,-1,0
Kevon Looney,20220410,Layup Shot,2PT Field Goal,Restricted Area,Center(C),2,17,17,1
Nemanja Bjelica,20211019,Driving Floating Jump Shot,2PT Field Goal,Mid-Range,Left Side Center(LC),19,-110,163,1
Nemanja Bjelica,20211019,Driving Reverse Layup Shot,2PT Field Goal,Restricted Area,Center(C),1,-13,13,1
Nemanja Bjelica,20211019,Running Layup Shot,2PT Field Goal,Restricted Area,Center(C),1,-5,10,1
Nemanja Bjelica,20211019,Tip Layup Shot,2PT Field Goal,Restricted Area,Center(C),0,0,0,1
Nemanja Bjelica,20211019,Floating Jump shot,2PT Field Goal,Mid-Range,Right Side(R),15,135,84,1
Nemanja Bjelica,20211019,Driving Layup Shot,2PT Field Goal,Restricted Area,Center(C),1,-10,13,0
Nemanja Bjelica,20211019,Jump Shot,3PT Field Goal,Above the Break 3,Left Side Center(LC),25,-97,241,1
Nemanja Bjelica,20211021,Dunk Shot,2PT Field Goal,Restricted Area,Center(C),0,-4,-5,1
Nemanja Bjelica,20211021,Layup Shot,2PT Field Goal,Restricted Area,Center(C),1,17,8,1
Nemanja Bjelica,20211021,Cutting Dunk Shot,2PT Field Goal,Restricted Area,Center(C),1,2,15,1
Nemanja Bjelica,20211021,Layup Shot,2PT Field Goal,Restricted Area,Center(C),1,12,12,0
Nemanja Bjelica,20211021,Tip Layup Shot,2PT Field Goal,Restricted Area,Center(C),0,0,0,0
Nemanja Bjelica,20211024,Jump Shot,3PT Field Goal,Above the Break 3,Left Side Center(LC),28,-157,235,0
Nemanja Bjelica,20211024,Driving Layup Shot,2PT Field Goal,Restricted Area,Center(C),2,-21,20,0
Nemanja Bjelica,20211024,Jump Shot,3PT Field Goal,Above the Break 3,Left Side Center(LC),25,-163,190,0
Nemanja Bjelica,20211024,Jump Shot,2PT Field Goal,In The Paint (Non-RA),Center(C),4,22,36,0
Nemanja Bjelica,20211024,Layup Shot,2PT Field Goal,Restricted Area,Center(C),2,6,27,0
Nemanja Bjelica,20211026,Cutting Layup Shot,2PT Field Goal,Restricted Area,Center(C),1,-13,11,1
Nemanja Bjelica,20211028,Jump Shot,2PT Field Goal,In The Paint (Non-RA),Center(C),6,59,22,0
Nemanja Bjelica,20211028,Tip Layup Shot,2PT Field Goal,Restricted Area,Center(C),0,0,0,1
Nemanja Bjelica,20211028,Jump Shot,3PT Field Goal,Above the Break 3,Left Side Center(LC),27,-150,231,0
Nemanja Bjelica,20211028,Driving Floating Jump Shot,2PT Field Goal,In The Paint (Non-RA),Center(C),7,67,35,0
Nemanja Bjelica,20211028,Layup Shot,2PT Field Goal,Restricted Area,Center(C),2,-1,25,1
Nemanja Bjelica,20211028,Driving Floating Jump Shot,2PT Field Goal,In The Paint (Non-RA),Center(C),9,13,90,0
Nemanja Bjelica,20211030,Driving Layup Shot,2PT Field Goal,Restricted Area,Center(C),0,-5,4,1
Nemanja Bjelica,20211030,Jump Shot,3PT Field Goal,Above the Break 3,Right Side Center(RC),26,92,248,0
Nemanja Bjelica,20211030,Jump Shot,2PT Field Goal,In The Paint (Non-RA),Center(C),5,42,29,0
Nemanja Bjelica,20211030,Jump Shot,2PT Field Goal,In The Paint (Non-RA),Center(C),4,20,39,0
Nemanja Bjelica,20211030,Jump Shot,3PT Field Goal,Above the Break 3,Center(C),26,66,258,1
Nemanja Bjelica,20211030,Jump Shot,3PT Field Goal,Above the Break 3,Right Side Center(RC),27,120,247,0
Nemanja Bjelica,20211103,Jump Shot,3PT Field Goal,Above the Break 3,Left Side Center(LC),27,-189,206,1
Nemanja Bjelica,20211103,Cutting Layup Shot,2PT Field Goal,Restricted Area,Center(C),3,28,20,1
Nemanja Bjelica,20211103,Jump Shot,3PT Field Goal,Right Corner 3,Right Side(R),22,227,1,1
Nemanja Bjelica,20211103,Driving Layup Shot,2PT Field Goal,In The Paint (Non-RA),Center(C),6,29,57,0
Nemanja Bjelica,20211105,Jump Shot,3PT Field Goal,Above the Break 3,Left Side Center(LC),26,-151,216,0
Nemanja Bjelica,20211105,Jump Shot,3PT Field Goal,Above the Break 3,Left Side Center(LC),26,-184,187,0
Nemanja Bjelica,20211105,Jump Shot,3PT Field Goal,Left Corner 3,Left Side(L),23,-230,-21,1
Nemanja Bjelica,20211105,Cutting Layup Shot,2PT Field Goal,Restricted Area,Center(C),0,-9,-4,1
Nemanja Bjelica,20211105,Jump Shot,3PT Field Goal,Left Corner 3,Left Side(L),24,-233,65,1
Nemanja Bjelica,20211105,Cutting Layup Shot,2PT Field Goal,Restricted Area,Center(C),2,-1,21,1
Nemanja Bjelica,20211105,Jump Shot,3PT Field Goal,Above the Break 3,Left Side Center(LC),26,-212,167,1
Nemanja Bjelica,20211107,Jump Shot,3PT Field Goal,Above the Break 3,Right Side Center(RC),28,142,245,0
Nemanja Bjelica,20211107,Jump Shot,3PT Field Goal,Above the Break 3,Center(C),25,-19,251,1
Nemanja Bjelica,20211107,Jump Shot,3PT Field Goal,Right Corner 3,Right Side(R),22,229,0,1
Nemanja Bjelica,20211107,Jump Shot,3PT Field Goal,Above the Break 3,Right Side Center(RC),27,140,234,1
Nemanja Bjelica,20211108,Driving Layup Shot,2PT Field Goal,In The Paint (Non-RA),Center(C),4,42,7,1
Nemanja Bjelica,20211108,Jump Shot,3PT Field Goal,Above the Break 3,Right Side Center(RC),29,130,263,1
Nemanja Bjelica,20211110,Driving Layup Shot,2PT Field Goal,In The Paint (Non-RA),Center(C),5,32,41,1
Nemanja Bjelica,20211110,Cutting Layup Shot,2PT Field Goal,In The Paint (Non-RA),Center(C),6,50,36,1
Nemanja Bjelica,20211110,Jump Shot,3PT Field Goal,Above the Break 3,Left Side Center(LC),26,-145,219,0
Nemanja Bjelica,20211110,Jump Shot,3PT Field Goal,Above the Break 3,Left Side Center(LC),24,-201,147,1
Nemanja Bjelica,20211110,Tip Layup Shot,2PT Field Goal,Restricted Area,Center(C),0,0,0,0
Nemanja Bjelica,20211110,Jump Shot,3PT Field Goal,Above the Break 3,Left Side Center(LC),27,-158,220,0
Nemanja Bjelica,20211110,Jump Shot,3PT Field Goal,Above the Break 3,Left Side Center(LC),27,-138,242,0
Nemanja Bjelica,20211112,Jump Shot,3PT Field Goal,Right Corner 3,Right Side(R),23,237,6,0
Nemanja Bjelica,20211112,Pullup Jump shot,3PT Field Goal,Above the Break 3,Center(C),26,45,261,1
Nemanja Bjelica,20211112,Jump Shot,3PT Field Goal,Above the Break 3,Right Side Center(RC),27,184,203,0
Nemanja Bjelica,20211112,Cutting Layup Shot,2PT Field Goal,Restricted Area,Center(C),3,17,25,0
Nemanja Bjelica,20211112,Driving Layup Shot,2PT Field Goal,In The Paint (Non-RA),Center(C),4,22,39,0
Nemanja Bjelica,20211112,Jump Shot,3PT Field Goal,Above the Break 3,Right Side Center(RC),29,158,247,0
Nemanja Bjelica,20211112,Jump Shot,3PT Field Goal,Above the Break 3,Center(C),30,-90,294,1
Nemanja Bjelica,20211114,Jump Shot,3PT Field Goal,Above the Break 3,Right Side Center(RC),28,131,252,0
Nemanja Bjelica,20211114,Floating Jump shot,2PT Field Goal,Restricted Area,Center(C),2,5,29,0
Nemanja Bjelica,20211114,Driving Layup Shot,2PT Field Goal,In The Paint (Non-RA),Center(C),6,-23,60,0
Nemanja Bjelica,20211114,Jump Shot,3PT Field Goal,Above the Break 3,Left Side Center(LC),28,-175,225,0
Nemanja Bjelica,20211116,Jump Shot,3PT Field Goal,Above the Break 3,Right Side Center(RC),24,162,188,0
Nemanja Bjelica,20211116,Driving Layup Shot,2PT Field Goal,Mid-Range,Left Side(L),12,-118,46,0
Nemanja Bjelica,20211116,Jump Shot,3PT Field Goal,Above the Break 3,Left Side Center(LC),27,-181,204,0
Nemanja Bjelica,20211118,Driving Layup Shot,2PT Field Goal,In The Paint (Non-RA),Center(C),6,-67,0,1
Nemanja Bjelica,20211118,Jump Shot,3PT Field Goal,Above the Break 3,Center(C),28,70,281,1
Nemanja Bjelica,20211118,Jump Shot,3PT Field Goal,Above the Break 3,Left Side Center(LC),27,-143,230,0
Nemanja Bjelica,20211118,Turnaround Jump Shot,2PT Field Goal,In The Paint (Non-RA),Center(C),5,50,8,1
Nemanja Bjelica,20211118,Driving Layup Shot,2PT Field Goal,Restricted Area,Center(C),0,-5,5,0
Nemanja Bjelica,20211118,Driving Hook Shot,2PT Field Goal,In The Paint (Non-RA),Center(C),5,54,19,1
Nemanja Bjelica,20211118,Jump Shot,3PT Field Goal,Right Corner 3,Right Side(R),23,238,26,1
Nemanja Bjelica,20211118,Driving Floating Jump Shot,2PT Field Goal,In The Paint (Non-RA),Center(C),5,-1,50,1
Nemanja Bjelica,20211118,Jump Shot,3PT Field Goal,Above the Break 3,Right Side Center(RC),29,173,235,0
Nemanja Bjelica,20211118,Jump Shot,3PT Field Goal,Above the Break 3,Left Side Center(LC),29,-126,268,0
Nemanja Bjelica,20211118,Jump Shot,3PT Field Goal,Above the Break 3,Left Side Center(LC),29,-216,206,0
Nemanja Bjelica,20211119,Jump Shot,3PT Field Goal,Above the Break 3,Right Side Center(RC),25,97,239,0
Nemanja Bjelica,20211119,Jump Shot,3PT Field Goal,Left Corner 3,Left Side(L),23,-232,-1,0
Nemanja Bjelica,20211119,Tip Layup Shot,2PT Field Goal,Restricted Area,Center(C),1,-17,6,1
Nemanja Bjelica,20211119,Jump Shot,3PT Field Goal,Above the Break 3,Center(C),26,43,257,0
Nemanja Bjelica,20211119,Jump Shot,3PT Field Goal,Above the Break 3,Right Side Center(RC),26,131,232,1
Nemanja Bjelica,20211119,Jump Shot,3PT Field Goal,Above the Break 3,Right Side Center(RC),27,109,248,1
Nemanja Bjelica,20211119,Driving Layup Shot,2PT Field Goal,Restricted Area,Center(C),1,-10,11,1
Nemanja Bjelica,20211119,Alley Oop Layup shot,2PT Field Goal,Restricted Area,Center(C),2,-22,6,1
Nemanja Bjelica,20211121,Jump Shot,3PT Field Goal,Above the Break 3,Left Side Center(LC),28,-212,196,0
Nemanja Bjelica,20211121,Running Layup Shot,2PT Field Goal,In The Paint (Non-RA),Center(C),7,-5,70,0
Nemanja Bjelica,20211121,Driving Floating Jump Shot,2PT Field Goal,In The Paint (Non-RA),Center(C),9,7,90,0
Nemanja Bjelica,20211121,Pullup Jump shot,3PT Field Goal,Above the Break 3,Right Side Center(RC),26,129,233,0
Nemanja Bjelica,20211124,Pullup Jump shot,3PT Field Goal,Above the Break 3,Right Side Center(RC),25,188,175,0
Nemanja Bjelica,20211124,Driving Layup Shot,2PT Field Goal,Mid-Range,Right Side(R),10,102,27,0
Nemanja Bjelica,20211126,Jump Shot,3PT Field Goal,Right Corner 3,Right Side(R),23,229,46,0
Nemanja Bjelica,20211126,Tip Layup Shot,2PT Field Goal,Restricted Area,Center(C),0,0,0,1
Nemanja Bjelica,20211126,Jump Shot,3PT Field Goal,Above the Break 3,Left Side Center(LC),28,-194,210,0
Nemanja Bjelica,20211128,Tip Layup Shot,2PT Field Goal,Restricted Area,Center(C),0,0,0,1
Nemanja Bjelica,20211128,Floating Jump shot,2PT Field Goal,In The Paint (Non-RA),Center(C),4,-20,41,0
Nemanja Bjelica,20211130,Driving Layup Shot,2PT Field Goal,In The Paint (Non-RA),Center(C),4,-23,33,0
Nemanja Bjelica,20211130,Jump Shot,3PT Field Goal,Above the Break 3,Right Side Center(RC),27,167,222,0
Nemanja Bjelica,20211130,Layup Shot,2PT Field Goal,Mid-Range,Right Side(R),11,113,21,1
Nemanja Bjelica,20211130,Jump Shot,3PT Field Goal,Above the Break 3,Right Side Center(RC),29,135,261,0
Nemanja Bjelica,20211203,Driving Layup Shot,2PT Field Goal,In The Paint (Non-RA),Center(C),4,-4,40,0
Nemanja Bjelica,20211203,Tip Layup Shot,2PT Field Goal,Restricted Area,Center(C),0,0,0,0
Nemanja Bjelica,20211203,Driving Layup Shot,2PT Field Goal,Restricted Area,Center(C),3,-32,22,1
Nemanja Bjelica,20211203,Jump Shot,3PT Field Goal,Above the Break 3,Center(C),27,25,274,1
Nemanja Bjelica,20211203,Layup Shot,2PT Field Goal,In The Paint (Non-RA),Center(C),5,-47,36,0
Nemanja Bjelica,20211203,Jump Shot,3PT Field Goal,Above the Break 3,Right Side Center(RC),28,114,262,1
Nemanja Bjelica,20211203,Jump Shot,3PT Field Goal,Above the Break 3,Center(C),28,-29,283,0
Nemanja Bjelica,20211203,Driving Layup Shot,2PT Field Goal,In The Paint (Non-RA),Center(C),6,51,34,0
Nemanja Bjelica,20211204,Layup Shot,2PT Field Goal,Restricted Area,Center(C),2,-23,12,1
Nemanja Bjelica,20211204,Driving Layup Shot,2PT Field Goal,Restricted Area,Center(C),0,-1,-1,1
Nemanja Bjelica,20211204,Cutting Layup Shot,2PT Field Goal,Restricted Area,Center(C),2,-17,16,1
Nemanja Bjelica,20211204,Jump Shot,3PT Field Goal,Above the Break 3,Right Side Center(RC),24,173,172,0
Nemanja Bjelica,20211204,Driving Layup Shot,2PT Field Goal,In The Paint (Non-RA),Center(C),4,9,48,0
Nemanja Bjelica,20211204,Cutting Layup Shot,2PT Field Goal,Restricted Area,Center(C),3,-18,29,1
Nemanja Bjelica,20211206,Layup Shot,2PT Field Goal,Restricted Area,Center(C),2,17,21,1
Nemanja Bjelica,20211206,Jump Shot,3PT Field Goal,Above the Break 3,Center(C),27,25,277,1
Nemanja Bjelica,20211206,Jump Shot,3PT Field Goal,Left Corner 3,Left Side(L),23,-233,21,1
Nemanja Bjelica,20211206,Jump Shot,3PT Field Goal,Above the Break 3,Right Side Center(RC),26,151,221,0
Nemanja Bjelica,20211206,Driving Layup Shot,2PT Field Goal,In The Paint (Non-RA),Center(C),4,31,26,1
Nemanja Bjelica,20211208,Pullup Jump shot,3PT Field Goal,Above the Break 3,Right Side Center(RC),25,157,201,0
Nemanja Bjelica,20211208,Jump Shot,3PT Field Goal,Above the Break 3,Left Side Center(LC),28,-176,227,0
Nemanja Bjelica,20211208,Tip Layup Shot,2PT Field Goal,Restricted Area,Center(C),0,0,0,1
Nemanja Bjelica,20211208,Jump Shot,3PT Field Goal,Above the Break 3,Left Side Center(LC),26,-194,183,0
Nemanja Bjelica,20211208,Driving Floating Jump Shot,2PT Field Goal,Mid-Range,Left Side(L),11,-110,20,0
Nemanja Bjelica,20211208,Driving Floating Bank Jump Shot,2PT Field Goal,In The Paint (Non-RA),Center(C),6,58,20,1
Nemanja Bjelica,20211208,Driving Floating Jump Shot,2PT Field Goal,In The Paint (Non-RA),Right Side(R),8,58,58,0
Nemanja Bjelica,20211208,Tip Layup Shot,2PT Field Goal,Restricted Area,Center(C),0,0,0,1
Nemanja Bjelica,20211208,Jump Shot,3PT Field Goal,Above the Break 3,Right Side Center(RC),31,180,255,0
Nemanja Bjelica,20211211,Jump Shot,3PT Field Goal,Above the Break 3,Left Side Center(LC),25,-131,222,0
Nemanja Bjelica,20211211,Jump Shot,3PT Field Goal,Above the Break 3,Left Side Center(LC),27,-180,205,0
Nemanja Bjelica,20211211,Jump Shot,3PT Field Goal,Above the Break 3,Right Side Center(RC),27,109,252,0
Nemanja Bjelica,20211211,Jump Shot,3PT Field Goal,Above the Break 3,Left Side Center(LC),27,-98,253,1
Nemanja Bjelica,20211213,Jump Shot,3PT Field Goal,Above the Break 3,Center(C),27,-29,269,1
Nemanja Bjelica,20211214,Jump Shot,3PT Field Goal,Above the Break 3,Center(C),29,59,290,1
Nemanja Bjelica,20211214,Jump Shot,3PT Field Goal,Above the Break 3,Right Side Center(RC),28,168,225,1
Nemanja Bjelica,20211214,Jump Shot,3PT Field Goal,Above the Break 3,Left Side Center(LC),25,-214,138,1
Nemanja Bjelica,20211214,Jump Shot,3PT Field Goal,Above the Break 3,Right Side Center(RC),28,115,256,1
Nemanja Bjelica,20211214,Layup Shot,2PT Field Goal,Restricted Area,Center(C),1,13,2,1
Nemanja Bjelica,20211217,Layup Shot,2PT Field Goal,In The Paint (Non-RA),Center(C),7,66,31,0
Nemanja Bjelica,20211217,Running Layup Shot,2PT Field Goal,Restricted Area,Center(C),2,16,24,0
Nemanja Bjelica,20211217,Tip Layup Shot,2PT Field Goal,Restricted Area,Center(C),0,0,0,1
Nemanja Bjelica,20211217,Jump Shot,3PT Field Goal,Above the Break 3,Left Side Center(LC),27,-147,237,0
Nemanja Bjelica,20211217,Driving Floating Jump Shot,2PT Field Goal,Mid-Range,Left Side Center(LC),16,-58,153,0
Nemanja Bjelica,20211217,Jump Shot,3PT Field Goal,Above the Break 3,Right Side Center(RC),26,140,222,1
Nemanja Bjelica,20211217,Driving Floating Jump Shot,2PT Field Goal,Mid-Range,Right Side Center(RC),19,131,139,0
Nemanja Bjelica,20211218,Driving Layup Shot,2PT Field Goal,In The Paint (Non-RA),Center(C),5,17,55,0
Nemanja Bjelica,20211218,Driving Reverse Layup Shot,2PT Field Goal,Restricted Area,Center(C),1,10,15,0
Nemanja Bjelica,20211218,Putback Layup Shot,2PT Field Goal,In The Paint (Non-RA),Center(C),5,58,10,0
Nemanja Bjelica,20211218,Tip Layup Shot,2PT Field Goal,Restricted Area,Center(C),0,0,0,1
Nemanja Bjelica,20211218,Driving Hook Shot,2PT Field Goal,In The Paint (Non-RA),Center(C),6,0,69,1
Nemanja Bjelica,20211218,Jump Shot,3PT Field Goal,Above the Break 3,Left Side Center(LC),26,-169,204,1
Nemanja Bjelica,20211218,Jump Shot,3PT Field Goal,Above the Break 3,Left Side Center(LC),29,-183,236,0
Nemanja Bjelica,20211218,Driving Bank Hook Shot,2PT Field Goal,In The Paint (Non-RA),Center(C),6,-13,65,1
Nemanja Bjelica,20211220,Pullup Jump shot,3PT Field Goal,Above the Break 3,Left Side Center(LC),27,-157,230,0
Nemanja Bjelica,20211220,Turnaround Hook Shot,2PT Field Goal,In The Paint (Non-RA),Center(C),5,48,17,0
Nemanja Bjelica,20211220,Putback Layup Shot,2PT Field Goal,Restricted Area,Center(C),0,0,0,1
Nemanja Bjelica,20211220,Layup Shot,2PT Field Goal,In The Paint (Non-RA),Center(C),4,-6,41,0
Nemanja Bjelica,20211220,Tip Layup Shot,2PT Field Goal,Restricted Area,Center(C),0,0,0,0
Nemanja Bjelica,20211220,Tip Layup Shot,2PT Field Goal,Restricted Area,Center(C),0,0,0,1
Nemanja Bjelica,20211220,Jump Shot,2PT Field Goal,Mid-Range,Center(C),18,-54,173,0
Nemanja Bjelica,20211223,Driving Layup Shot,2PT Field Goal,In The Paint (Non-RA),Center(C),7,58,51,0
Nemanja Bjelica,20211223,Jump Shot,3PT Field Goal,Above the Break 3,Left Side Center(LC),25,-173,192,1
Nemanja Bjelica,20211223,Jump Shot,3PT Field Goal,Above the Break 3,Left Side Center(LC),26,-170,201,1
Nemanja Bjelica,20211223,Jump Shot,3PT Field Goal,Left Corner 3,Left Side(L),22,-227,-1,0
Nemanja Bjelica,20211223,Layup Shot,2PT Field Goal,Restricted Area,Center(C),3,-27,29,0
Nemanja Bjelica,20211223,Jump Shot,3PT Field Goal,Above the Break 3,Left Side Center(LC),28,-178,223,0
Nemanja Bjelica,20211223,Jump Shot,3PT Field Goal,Above the Break 3,Right Side Center(RC),26,140,223,0
Nemanja Bjelica,20211223,Jump Shot,3PT Field Goal,Above the Break 3,Center(C),30,-16,306,1
Nemanja Bjelica,20211225,Jump Shot,3PT Field Goal,Above the Break 3,Left Side Center(LC),27,-164,216,0
Nemanja Bjelica,20211225,Floating Jump shot,2PT Field Goal,Restricted Area,Center(C),1,-2,13,1
Nemanja Bjelica,20211225,Jump Shot,3PT Field Goal,Above the Break 3,Left Side Center(LC),24,-131,211,0
Nemanja Bjelica,20211225,Driving Floating Jump Shot,2PT Field Goal,Mid-Range,Left Side(L),14,-94,105,0
Nemanja Bjelica,20211225,Jump Shot,3PT Field Goal,Above the Break 3,Left Side Center(LC),27,-136,239,0
Nemanja Bjelica,20211225,Jump Shot,3PT Field Goal,Above the Break 3,Center(C),30,25,306,0
Nemanja Bjelica,20211225,Jump Shot,3PT Field Goal,Above the Break 3,Right Side Center(RC),26,201,167,1
Nemanja Bjelica,20211225,Floating Jump shot,2PT Field Goal,In The Paint (Non-RA),Center(C),7,72,1,1
Nemanja Bjelica,20211228,Driving Layup Shot,2PT Field Goal,In The Paint (Non-RA),Center(C),6,-6,65,0
Nemanja Bjelica,20211228,Layup Shot,2PT Field Goal,Restricted Area,Center(C),2,-27,1,1
Nemanja Bjelica,20211228,Putback Layup Shot,2PT Field Goal,Restricted Area,Center(C),0,0,0,1
Nemanja Bjelica,20211228,Turnaround Jump Shot,2PT Field Goal,In The Paint (Non-RA),Center(C),4,1,47,0
Nemanja Bjelica,20211228,Jump Shot,3PT Field Goal,Above the Break 3,Right Side Center(RC),28,153,235,0
Nemanja Bjelica,20220307,Driving Finger Roll Layup Shot,2PT Field Goal,In The Paint (Non-RA),Center(C),4,-38,14,0
Nemanja Bjelica,20220307,Jump Shot,3PT Field Goal,Above the Break 3,Center(C),26,27,267,0
Nemanja Bjelica,20220307,Driving Finger Roll Layup Shot,2PT Field Goal,Restricted Area,Center(C),2,25,10,0
Nemanja Bjelica,20220307,Driving Layup Shot,2PT Field Goal,Restricted Area,Center(C),2,-25,11,0
Nemanja Bjelica,20220307,Jump Shot,3PT Field Goal,Above the Break 3,Right Side Center(RC),27,152,232,0
Nemanja Bjelica,20220307,Dunk Shot,2PT Field Goal,Restricted Area,Center(C),1,4,11,1
Nemanja Bjelica,20220101,Finger Roll Layup Shot,2PT Field Goal,Restricted Area,Center(C),2,21,7,1
Nemanja Bjelica,20220103,Cutting Finger Roll Layup Shot,2PT Field Goal,In The Paint (Non-RA),Center(C),5,2,53,1
Nemanja Bjelica,20220103,Jump Shot,2PT Field Goal,Mid-Range,Left Side(L),19,-163,107,0
Nemanja Bjelica,20220103,Tip Layup Shot,2PT Field Goal,Restricted Area,Center(C),0,0,0,1
Nemanja Bjelica,20220103,Jump Shot,3PT Field Goal,Above the Break 3,Left Side Center(LC),27,-199,188,1
Nemanja Bjelica,20220103,Pullup Jump shot,3PT Field Goal,Above the Break 3,Right Side Center(RC),29,127,264,1
Nemanja Bjelica,20220103,Jump Shot,3PT Field Goal,Above the Break 3,Left Side Center(LC),27,-136,242,0
Nemanja Bjelica,20220103,Layup Shot,2PT Field Goal,In The Paint (Non-RA),Center(C),4,-37,22,0
Nemanja Bjelica,20220103,Layup Shot,2PT Field Goal,In The Paint (Non-RA),Center(C),7,53,57,0
Nemanja Bjelica,20220105,Driving Floating Jump Shot,2PT Field Goal,In The Paint (Non-RA),Left Side(L),9,-76,59,0
Nemanja Bjelica,20220105,Putback Layup Shot,2PT Field Goal,Restricted Area,Center(C),0,-6,5,1
Nemanja Bjelica,20220105,Jump Shot,3PT Field Goal,Above the Break 3,Right Side Center(RC),29,163,250,0
Nemanja Bjelica,20220105,Jump Shot,3PT Field Goal,Left Corner 3,Left Side(L),22,-227,13,0
Nemanja Bjelica,20220105,Driving Finger Roll Layup Shot,2PT Field Goal,Restricted Area,Center(C),1,-2,15,1
Nemanja Bjelica,20220106,Jump Shot,3PT Field Goal,Above the Break 3,Right Side Center(RC),25,114,230,1
Nemanja Bjelica,20220106,Layup Shot,2PT Field Goal,Restricted Area,Center(C),2,4,24,1
Nemanja Bjelica,20220106,Layup Shot,2PT Field Goal,Restricted Area,Center(C),1,-4,-12,1
Nemanja Bjelica,20220106,Jump Shot,3PT Field Goal,Above the Break 3,Right Side Center(RC),29,168,238,0
Nemanja Bjelica,20220106,Layup Shot,2PT Field Goal,In The Paint (Non-RA),Center(C),4,45,8,1
Nemanja Bjelica,20220106,Jump Shot,3PT Field Goal,Above the Break 3,Right Side Center(RC),28,109,264,0
Nemanja Bjelica,20220109,Jump Shot,3PT Field Goal,Above the Break 3,Center(C),30,5,300,0
Nemanja Bjelica,20220109,Jump Shot,3PT Field Goal,Right Corner 3,Right Side(R),22,224,-4,0
Nemanja Bjelica,20220109,Jump Shot,3PT Field Goal,Above the Break 3,Center(C),27,-9,279,0
Nemanja Bjelica,20220109,Jump Shot,3PT Field Goal,Above the Break 3,Right Side Center(RC),30,135,268,0
Nemanja Bjelica,20220109,Jump Shot,3PT Field Goal,Above the Break 3,Right Side Center(RC),28,102,261,0
Nemanja Bjelica,20220111,Jump Shot,3PT Field Goal,Above the Break 3,Left Side Center(LC),25,-134,221,1
Nemanja Bjelica,20220111,Jump Shot,3PT Field Goal,Above the Break 3,Left Side Center(LC),27,-103,259,1
Nemanja Bjelica,20220111,Jump Shot,3PT Field Goal,Above the Break 3,Right Side Center(RC),28,102,262,0
Nemanja Bjelica,20220113,Jump Shot,3PT Field Goal,Above the Break 3,Left Side Center(LC),27,-180,214,0
Nemanja Bjelica,20220113,Jump Shot,3PT Field Goal,Left Corner 3,Left Side(L),23,-233,0,0
Nemanja Bjelica,20220113,Jump Shot,3PT Field Goal,Above the Break 3,Left Side Center(LC),29,-141,259,0
Nemanja Bjelica,20220113,Jump Bank Shot,2PT Field Goal,In The Paint (Non-RA),Center(C),7,47,64,0
Nemanja Bjelica,20220113,Cutting Layup Shot,2PT Field Goal,Restricted Area,Center(C),1,-7,16,0
Nemanja Bjelica,20220113,Jump Shot,3PT Field Goal,Above the Break 3,Left Side Center(LC),26,-150,222,0
Nemanja Bjelica,20220113,Driving Floating Jump Shot,2PT Field Goal,In The Paint (Non-RA),Center(C),6,44,52,0
Nemanja Bjelica,20220114,Jump Shot,3PT Field Goal,Above the Break 3,Right Side Center(RC),26,162,214,0
Nemanja Bjelica,20220114,Driving Layup Shot,2PT Field Goal,Restricted Area,Center(C),2,28,10,1
Nemanja Bjelica,20220114,Jump Shot,3PT Field Goal,Above the Break 3,Center(C),27,69,262,0
Nemanja Bjelica,20220114,Cutting Layup Shot,2PT Field Goal,Restricted Area,Center(C),1,16,0,1
Nemanja Bjelica,20220114,Jump Shot,2PT Field Goal,Mid-Range,Right Side(R),21,200,75,1
Nemanja Bjelica,20220116,Jump Shot,3PT Field Goal,Above the Break 3,Left Side Center(LC),26,-143,222,0
Nemanja Bjelica,20220116,Layup Shot,2PT Field Goal,Restricted Area,Center(C),1,6,13,1
Nemanja Bjelica,20220116,Jump Shot,3PT Field Goal,Above the Break 3,Left Side Center(LC),26,-127,235,0
Nemanja Bjelica,20220116,Layup Shot,2PT Field Goal,Restricted Area,Center(C),1,12,6,0
Nemanja Bjelica,20220116,Driving Layup Shot,2PT Field Goal,In The Paint (Non-RA),Center(C),5,26,46,0
Nemanja Bjelica,20220116,Jump Shot,3PT Field Goal,Above the Break 3,Right Side Center(RC),25,104,234,0
Nemanja Bjelica,20220118,Jump Shot,3PT Field Goal,Above the Break 3,Right Side Center(RC),26,154,218,1
Nemanja Bjelica,20220118,Driving Layup Shot,2PT Field Goal,Restricted Area,Center(C),2,21,21,1
Nemanja Bjelica,20220118,Driving Layup Shot,2PT Field Goal,Restricted Area,Center(C),3,-2,31,1
Nemanja Bjelica,20220118,Jump Shot,3PT Field Goal,Above the Break 3,Right Side Center(RC),29,188,221,0
Nemanja Bjelica,20220118,Tip Layup Shot,2PT Field Goal,Restricted Area,Center(C),0,0,0,0
Nemanja Bjelica,20220118,Putback Layup Shot,2PT Field Goal,Restricted Area,Center(C),0,0,0,0
Nemanja Bjelica,20220120,Turnaround Hook Shot,2PT Field Goal,In The Paint (Non-RA),Center(C),7,-5,78,1
Nemanja Bjelica,20220120,Putback Layup Shot,2PT Field Goal,Restricted Area,Center(C),3,-6,36,1
Nemanja Bjelica,20220120,Driving Hook Shot,2PT Field Goal,In The Paint (Non-RA),Center(C),8,27,81,1
Nemanja Bjelica,20220120,Cutting Layup Shot,2PT Field Goal,Restricted Area,Center(C),3,26,17,1
Nemanja Bjelica,20220120,Jump Shot,3PT Field Goal,Left Corner 3,Left Side(L),22,-221,61,0
Nemanja Bjelica,20220121,Cutting Layup Shot,2PT Field Goal,In The Paint (Non-RA),Center(C),4,44,17,1
Nemanja Bjelica,20220121,Running Layup Shot,2PT Field Goal,In The Paint (Non-RA),Center(C),4,-37,22,0
Nemanja Bjelica,20220123,Driving Layup Shot,2PT Field Goal,In The Paint (Non-RA),Center(C),4,9,43,1
Nemanja Bjelica,20220123,Cutting Dunk Shot,2PT Field Goal,Restricted Area,Center(C),2,9,18,1
Nemanja Bjelica,20220123,Layup Shot,2PT Field Goal,Restricted Area,Center(C),3,-4,34,0
Nemanja Bjelica,20220123,Jump Shot,3PT Field Goal,Above the Break 3,Right Side Center(RC),27,194,194,0
Nemanja Bjelica,20220125,Driving Floating Jump Shot,2PT Field Goal,In The Paint (Non-RA),Center(C),8,-40,75,1
Nemanja Bjelica,20220125,Layup Shot,2PT Field Goal,In The Paint (Non-RA),Center(C),4,-43,21,0
Nemanja Bjelica,20220125,Jump Shot,2PT Field Goal,Mid-Range,Left Side(L),19,-192,-13,1
Nemanja Bjelica,20220125,Tip Layup Shot,2PT Field Goal,Restricted Area,Center(C),0,0,0,0
Nemanja Bjelica,20220125,Driving Layup Shot,2PT Field Goal,Restricted Area,Center(C),3,-38,8,1
Nemanja Bjelica,20220125,Jump Shot,3PT Field Goal,Above the Break 3,Left Side Center(LC),26,-94,243,0
Nemanja Bjelica,20220127,Alley Oop Layup shot,2PT Field Goal,Restricted Area,Center(C),0,2,2,1
Nemanja Bjelica,20220127,Layup Shot,2PT Field Goal,Restricted Area,Center(C),1,12,13,1
Nemanja Bjelica,20220210,Jump Shot,3PT Field Goal,Above the Break 3,Left Side Center(LC),27,-190,204,0
Nemanja Bjelica,20220210,Driving Layup Shot,2PT Field Goal,Restricted Area,Center(C),3,33,17,1
Nemanja Bjelica,20220210,Layup Shot,2PT Field Goal,In The Paint (Non-RA),Center(C),4,17,39,0
Nemanja Bjelica,20220210,Driving Layup Shot,2PT Field Goal,In The Paint (Non-RA),Center(C),5,42,34,0
Nemanja Bjelica,20220210,Jump Shot,3PT Field Goal,Above the Break 3,Left Side Center(LC),26,-201,170,0
Nemanja Bjelica,20220214,Jump Shot,3PT Field Goal,Above the Break 3,Right Side Center(RC),26,134,225,1
Nemanja Bjelica,20220214,Floating Jump shot,2PT Field Goal,In The Paint (Non-RA),Center(C),5,29,52,1
Nemanja Bjelica,20220214,Jump Shot,3PT Field Goal,Above the Break 3,Center(C),26,-6,260,0
Nemanja Bjelica,20220216,Cutting Layup Shot,2PT Field Goal,In The Paint (Non-RA),Center(C),4,36,23,1
Nemanja Bjelica,20220216,Tip Layup Shot,2PT Field Goal,Restricted Area,Center(C),0,0,0,0
Nemanja Bjelica,20220216,Running Layup Shot,2PT Field Goal,Restricted Area,Center(C),2,6,29,1
Nemanja Bjelica,20220224,Layup Shot,2PT Field Goal,Restricted Area,Center(C),1,0,17,1
Nemanja Bjelica,20220224,Cutting Dunk Shot,2PT Field Goal,Restricted Area,Center(C),1,-2,17,1
Nemanja Bjelica,20220224,Driving Dunk Shot,2PT Field Goal,Restricted Area,Center(C),2,16,12,1
Nemanja Bjelica,20220227,Jump Shot,3PT Field Goal,Right Corner 3,Right Side(R),23,225,50,1
Nemanja Bjelica,20220227,Jump Shot,3PT Field Goal,Left Corner 3,Left Side(L),23,-230,2,0
Nemanja Bjelica,20220227,Tip Layup Shot,2PT Field Goal,Restricted Area,Center(C),0,0,0,1
Nemanja Bjelica,20220227,Running Layup Shot,2PT Field Goal,In The Paint (Non-RA),Center(C),4,47,5,0
Nemanja Bjelica,20220227,Running Layup Shot,2PT Field Goal,In The Paint (Non-RA),Center(C),4,28,32,0
Nemanja Bjelica,20220308,Putback Layup Shot,2PT Field Goal,Restricted Area,Center(C),0,0,0,1
Nemanja Bjelica,20220308,Turnaround Hook Shot,2PT Field Goal,In The Paint (Non-RA),Center(C),6,62,8,0
Nemanja Bjelica,20220308,Jump Shot,3PT Field Goal,Right Corner 3,Right Side(R),24,237,42,0
Nemanja Bjelica,20220308,Turnaround Hook Shot,2PT Field Goal,Restricted Area,Center(C),2,23,5,0
Nemanja Bjelica,20220308,Jump Shot,3PT Field Goal,Above the Break 3,Left Side Center(LC),26,-153,212,1
Nemanja Bjelica,20220310,Jump Shot,3PT Field Goal,Above the Break 3,Center(C),26,47,257,0
Nemanja Bjelica,20220312,Driving Finger Roll Layup Shot,2PT Field Goal,Restricted Area,Center(C),3,25,24,0
Nemanja Bjelica,20220312,Driving Layup Shot,2PT Field Goal,In The Paint (Non-RA),Center(C),6,48,38,0
Nemanja Bjelica,20220312,Jump Shot,3PT Field Goal,Above the Break 3,Left Side Center(LC),27,-124,240,0
Nemanja Bjelica,20220312,Layup Shot,2PT Field Goal,Restricted Area,Center(C),1,-1,18,1
Nemanja Bjelica,20220312,Driving Layup Shot,2PT Field Goal,In The Paint (Non-RA),Center(C),4,25,34,1
Nemanja Bjelica,20220314,Running Dunk Shot,2PT Field Goal,Restricted Area,Center(C),3,20,27,1
Nemanja Bjelica,20220314,Jump Shot,3PT Field Goal,Above the Break 3,Center(C),27,-44,267,1
Nemanja Bjelica,20220314,Layup Shot,2PT Field Goal,Restricted Area,Center(C),2,-21,8,1
Nemanja Bjelica,20220320,Jump Shot,3PT Field Goal,Above the Break 3,Right Side Center(RC),26,86,246,0
Nemanja Bjelica,20220320,Tip Layup Shot,2PT Field Goal,In The Paint (Non-RA),Center(C),6,-6,64,0
Nemanja Bjelica,20220320,Putback Layup Shot,2PT Field Goal,Restricted Area,Center(C),0,0,0,0
Nemanja Bjelica,20220320,Tip Layup Shot,2PT Field Goal,Restricted Area,Center(C),0,0,0,1
Nemanja Bjelica,20220320,Alley Oop Layup shot,2PT Field Goal,In The Paint (Non-RA),Center(C),4,-40,18,1
Nemanja Bjelica,20220320,Jump Shot,3PT Field Goal,Above the Break 3,Center(C),28,-47,277,1
Nemanja Bjelica,20220320,Dunk Shot,2PT Field Goal,Restricted Area,Center(C),3,-26,20,1
Nemanja Bjelica,20220320,Cutting Layup Shot,2PT Field Goal,Restricted Area,Center(C),3,-16,26,0
Nemanja Bjelica,20220322,Hook Shot,2PT Field Goal,In The Paint (Non-RA),Center(C),6,-31,62,0
Nemanja Bjelica,20220323,Cutting Layup Shot,2PT Field Goal,Restricted Area,Center(C),1,10,7,1
Nemanja Bjelica,20220323,Jump Shot,3PT Field Goal,Above the Break 3,Right Side Center(RC),27,147,231,1
Nemanja Bjelica,20220323,Jump Shot,3PT Field Goal,Above the Break 3,Center(C),33,93,317,0
Nemanja Bjelica,20220328,Cutting Layup Shot,2PT Field Goal,Restricted Area,Center(C),1,9,12,1
Nemanja Bjelica,20220328,Layup Shot,2PT Field Goal,Restricted Area,Center(C),1,10,11,0
Nemanja Bjelica,20220328,Jump Shot,3PT Field Goal,Above the Break 3,Center(C),27,-45,270,1
Nemanja Bjelica,20220328,Turnaround Jump Shot,2PT Field Goal,Restricted Area,Center(C),2,-2,26,0
Nemanja Bjelica,20220328,Tip Layup Shot,2PT Field Goal,Restricted Area,Center(C),0,0,0,0
Nemanja Bjelica,20220328,Jump Shot,3PT Field Goal,Above the Break 3,Left Side Center(LC),25,-85,241,0
Nemanja Bjelica,20220330,Driving Layup Shot,2PT Field Goal,In The Paint (Non-RA),Center(C),5,48,32,0
Nemanja Bjelica,20220330,Running Layup Shot,2PT Field Goal,In The Paint (Non-RA),Center(C),4,-43,10,1
Nemanja Bjelica,20220330,Jump Shot,3PT Field Goal,Above the Break 3,Center(C),29,83,284,1
Nemanja Bjelica,20220402,Jump Shot,3PT Field Goal,Above the Break 3,Center(C),26,50,258,0
Nemanja Bjelica,20220402,Driving Floating Jump Shot,2PT Field Goal,In The Paint (Non-RA),Center(C),8,12,85,0
Nemanja Bjelica,20220402,Jump Shot,3PT Field Goal,Above the Break 3,Right Side Center(RC),26,94,251,1
Nemanja Bjelica,20220403,Layup Shot,2PT Field Goal,Restricted Area,Center(C),2,0,23,1
Nemanja Bjelica,20220403,Driving Reverse Layup Shot,2PT Field Goal,Restricted Area,Center(C),1,-18,8,1
Nemanja Bjelica,20220403,Jump Shot,3PT Field Goal,Right Corner 3,Right Side(R),24,233,76,1
Nemanja Bjelica,20220403,Jump Shot,3PT Field Goal,Above the Break 3,Right Side Center(RC),25,167,199,1
Nemanja Bjelica,20220403,Jump Shot,3PT Field Goal,Above the Break 3,Left Side Center(LC),26,-165,204,0
Nemanja Bjelica,20220403,Tip Layup Shot,2PT Field Goal,Restricted Area,Center(C),0,0,0,0
Nemanja Bjelica,20220403,Tip Layup Shot,2PT Field Goal,Restricted Area,Center(C),0,0,0,1
Nemanja Bjelica,20220403,Jump Shot,3PT Field Goal,Above the Break 3,Left Side Center(LC),25,-143,206,0
Nemanja Bjelica,20220403,Jump Shot,3PT Field Goal,Right Corner 3,Right Side(R),23,233,43,0
Nemanja Bjelica,20220403,Hook Shot,2PT Field Goal,In The Paint (Non-RA),Center(C),6,50,43,1
Nemanja Bjelica,20220403,Jump Shot,3PT Field Goal,Above the Break 3,Center(C),26,43,260,1
Nemanja Bjelica,20220407,Driving Floating Jump Shot,2PT Field Goal,Mid-Range,Left Side(L),15,-116,100,1
Nemanja Bjelica,20220407,Dunk Shot,2PT Field Goal,In The Paint (Non-RA),Center(C),4,28,39,1
Nemanja Bjelica,20220407,Reverse Layup Shot,2PT Field Goal,In The Paint (Non-RA),Center(C),4,-33,28,1
Nemanja Bjelica,20220407,Layup Shot,2PT Field Goal,In The Paint (Non-RA),Center(C),5,33,50,1
Nemanja Bjelica,20220407,Cutting Layup Shot,2PT Field Goal,In The Paint (Non-RA),Center(C),5,44,34,0
Nemanja Bjelica,20220409,Jump Shot,3PT Field Goal,Above the Break 3,Left Side Center(LC),24,-135,208,1
Nemanja Bjelica,20220409,Driving Layup Shot,2PT Field Goal,Restricted Area,Center(C),1,-17,4,0
Nemanja Bjelica,20220409,Putback Layup Shot,2PT Field Goal,Restricted Area,Center(C),0,0,0,1
Nemanja Bjelica,20220409,Jump Shot,3PT Field Goal,Above the Break 3,Center(C),26,12,262,0
Nemanja Bjelica,20220409,Driving Finger Roll Layup Shot,2PT Field Goal,Restricted Area,Center(C),2,-15,18,0
Nemanja Bjelica,20220409,Jump Shot,3PT Field Goal,Above the Break 3,Center(C),28,66,274,1
Nemanja Bjelica,20220410,Floating Jump shot,2PT Field Goal,Mid-Range,Center(C),15,58,141,1
Nemanja Bjelica,20220410,Jump Shot,3PT Field Goal,Left Corner 3,Left Side(L),23,-235,-3,0
Nemanja Bjelica,20220410,Tip Layup Shot,2PT Field Goal,Restricted Area,Center(C),0,0,0,1
Andre Iguodala,20211019,Hook Shot,2PT Field Goal,In The Paint (Non-RA),Center(C),6,-28,62,1
Andre Iguodala,20211019,Jump Shot,3PT Field Goal,Right Corner 3,Right Side(R),23,228,37,1
Andre Iguodala,20211019,Jump Shot,3PT Field Goal,Above the Break 3,Center(C),25,-26,256,0
Andre Iguodala,20211019,Jump Shot,3PT Field Goal,Right Corner 3,Right Side(R),23,232,46,1
Andre Iguodala,20211019,Jump Shot,3PT Field Goal,Right Corner 3,Right Side(R),23,229,48,0
Andre Iguodala,20211019,Step Back Jump shot,3PT Field Goal,Above the Break 3,Right Side Center(RC),25,192,168,0
Andre Iguodala,20211019,Driving Layup Shot,2PT Field Goal,Restricted Area,Center(C),1,-5,9,1
Andre Iguodala,20211021,Cutting Dunk Shot,2PT Field Goal,Restricted Area,Center(C),0,2,4,1
Andre Iguodala,20211021,Running Dunk Shot,2PT Field Goal,Restricted Area,Center(C),0,2,5,1
Andre Iguodala,20211026,Jump Shot,3PT Field Goal,Above the Break 3,Right Side Center(RC),25,136,218,0
Andre Iguodala,20211026,Jump Shot,3PT Field Goal,Right Corner 3,Right Side(R),23,235,32,0
Andre Iguodala,20211026,Jump Shot,3PT Field Goal,Right Corner 3,Right Side(R),23,234,4,1
Andre Iguodala,20211028,Driving Layup Shot,2PT Field Goal,Restricted Area,Center(C),2,9,27,0
Andre Iguodala,20211028,Cutting Dunk Shot,2PT Field Goal,Restricted Area,Center(C),2,-18,20,1
Andre Iguodala,20211028,Tip Layup Shot,2PT Field Goal,Restricted Area,Center(C),2,-21,4,0
Andre Iguodala,20211028,Jump Shot,3PT Field Goal,Above the Break 3,Right Side Center(RC),26,165,210,0
Andre Iguodala,20211028,Cutting Layup Shot,2PT Field Goal,Restricted Area,Center(C),3,-4,32,0
Andre Iguodala,20211030,Jump Shot,3PT Field Goal,Mid-Range,Right Side(R),22,219,27,0
Andre Iguodala,20211030,Pullup Jump shot,3PT Field Goal,Above the Break 3,Right Side Center(RC),24,176,175,0
Andre Iguodala,20211030,Jump Shot,3PT Field Goal,Right Corner 3,Right Side(R),22,225,32,0
Andre Iguodala,20211103,Pullup Jump shot,2PT Field Goal,Mid-Range,Right Side Center(RC),20,134,152,0
Andre Iguodala,20211103,Jump Shot,3PT Field Goal,Above the Break 3,Right Side Center(RC),24,189,162,1
Andre Iguodala,20211105,Driving Layup Shot,2PT Field Goal,Restricted Area,Center(C),3,-20,31,0
Andre Iguodala,20211105,Jump Shot,2PT Field Goal,Mid-Range,Right Side(R),16,167,-4,1
Andre Iguodala,20211105,Jump Shot,3PT Field Goal,Above the Break 3,Center(C),28,70,274,0
Andre Iguodala,20211105,Driving Floating Jump Shot,3PT Field Goal,Above the Break 3,Center(C),33,15,332,0
Andre Iguodala,20211108,Jump Shot,3PT Field Goal,Above the Break 3,Left Side Center(LC),27,-179,212,0
Andre Iguodala,20211108,Dunk Shot,2PT Field Goal,Restricted Area,Center(C),2,-21,18,1
Andre Iguodala,20211108,Jump Shot,3PT Field Goal,Above the Break 3,Right Side Center(RC),27,88,256,0
Andre Iguodala,20211108,Running Alley Oop Dunk Shot,2PT Field Goal,Restricted Area,Center(C),0,-5,5,1
Andre Iguodala,20211108,Running Alley Oop Dunk Shot,2PT Field Goal,Restricted Area,Center(C),3,-25,27,1
Andre Iguodala,20211110,Jump Shot,3PT Field Goal,Above the Break 3,Left Side Center(LC),26,-196,185,0
Andre Iguodala,20211110,Jump Shot,3PT Field Goal,Above the Break 3,Right Side Center(RC),25,172,187,0
Andre Iguodala,20211110,Jump Shot,3PT Field Goal,Left Corner 3,Left Side(L),24,-239,53,0
Andre Iguodala,20211112,Cutting Layup Shot,2PT Field Goal,Restricted Area,Center(C),3,5,36,1
Andre Iguodala,20211112,Jump Shot,3PT Field Goal,Above the Break 3,Right Side Center(RC),26,210,159,0
Andre Iguodala,20211112,Running Dunk Shot,2PT Field Goal,In The Paint (Non-RA),Center(C),4,15,38,1
Andre Iguodala,20211112,Driving Dunk Shot,2PT Field Goal,Restricted Area,Center(C),2,-9,23,1
Andre Iguodala,20211114,Layup Shot,2PT Field Goal,Restricted Area,Center(C),1,9,16,0
Andre Iguodala,20211116,Jump Shot,3PT Field Goal,Right Corner 3,Right Side(R),23,229,30,0
Andre Iguodala,20211116,Cutting Layup Shot,2PT Field Goal,Restricted Area,Center(C),2,27,5,0
Andre Iguodala,20211116,Tip Layup Shot,2PT Field Goal,Restricted Area,Center(C),0,0,0,1
Andre Iguodala,20211116,Running Pull-Up Jump Shot,3PT Field Goal,Above the Break 3,Left Side Center(LC),26,-167,210,1
Andre Iguodala,20211211,Jump Shot,3PT Field Goal,Right Corner 3,Right Side(R),23,234,12,0
Andre Iguodala,20211211,Driving Dunk Shot,2PT Field Goal,Restricted Area,Center(C),1,-5,15,1
Andre Iguodala,20211211,Jump Shot,3PT Field Goal,Above the Break 3,Left Side Center(LC),25,-183,171,0
Andre Iguodala,20211211,Jump Shot,3PT Field Goal,Above the Break 3,Right Side Center(RC),24,118,216,0
Andre Iguodala,20211211,Jump Shot,3PT Field Goal,Right Corner 3,Right Side(R),22,225,-4,0
Andre Iguodala,20211214,Jump Shot,3PT Field Goal,Left Corner 3,Left Side(L),22,-229,-16,0
Andre Iguodala,20211214,Jump Shot,3PT Field Goal,Left Corner 3,Left Side(L),23,-230,-8,0
Andre Iguodala,20211214,Jump Shot,3PT Field Goal,Right Corner 3,Right Side(R),23,228,67,0
Andre Iguodala,20211214,Jump Shot,3PT Field Goal,Above the Break 3,Left Side Center(LC),25,-142,212,0
Andre Iguodala,20211217,Pullup Jump shot,3PT Field Goal,Above the Break 3,Right Side Center(RC),24,185,168,0
Andre Iguodala,20211217,Jump Shot,3PT Field Goal,Above the Break 3,Right Side Center(RC),25,116,224,0
Andre Iguodala,20211217,Running Dunk Shot,2PT Field Goal,Restricted Area,Center(C),0,-1,1,1
Andre Iguodala,20211217,Jump Shot,3PT Field Goal,Above the Break 3,Center(C),25,28,256,0
Andre Iguodala,20211217,Jump Shot,3PT Field Goal,Above the Break 3,Left Side Center(LC),24,-228,96,1
Andre Iguodala,20211217,Driving Reverse Layup Shot,2PT Field Goal,Restricted Area,Center(C),1,11,16,1
Andre Iguodala,20211217,Running Dunk Shot,2PT Field Goal,Restricted Area,Center(C),1,-6,17,1
Andre Iguodala,20211217,Jump Shot,3PT Field Goal,Right Corner 3,Right Side(R),22,227,36,0
Andre Iguodala,20211217,Jump Shot,3PT Field Goal,Above the Break 3,Right Side Center(RC),28,216,185,1
Andre Iguodala,20211220,Jump Shot,3PT Field Goal,Left Corner 3,Left Side(L),23,-230,4,1
Andre Iguodala,20211220,Driving Reverse Layup Shot,2PT Field Goal,In The Paint (Non-RA),Center(C),4,37,18,1
Andre Iguodala,20211220,Jump Shot,3PT Field Goal,Left Corner 3,Left Side(L),22,-223,1,0
Andre Iguodala,20211220,Jump Shot,3PT Field Goal,Above the Break 3,Right Side Center(RC),24,217,109,0
Andre Iguodala,20211220,Jump Shot,3PT Field Goal,Left Corner 3,Left Side(L),24,-229,83,1
Andre Iguodala,20211228,Jump Shot,3PT Field Goal,Above the Break 3,Left Side Center(LC),25,-200,164,0
Andre Iguodala,20211228,Jump Shot,3PT Field Goal,Above the Break 3,Left Side Center(LC),27,-168,213,0
Andre Iguodala,20220101,Jump Shot,3PT Field Goal,Above the Break 3,Right Side Center(RC),26,96,250,0
Andre Iguodala,20220101,Cutting Layup Shot,2PT Field Goal,Restricted Area,Center(C),3,31,8,1
Andre Iguodala,20220101,Driving Layup Shot,2PT Field Goal,In The Paint (Non-RA),Center(C),5,45,25,0
Andre Iguodala,20220101,Dunk Shot,2PT Field Goal,Restricted Area,Center(C),1,13,4,1
Andre Iguodala,20220101,Tip Dunk Shot,2PT Field Goal,Restricted Area,Center(C),0,0,0,1
Andre Iguodala,20220101,Jump Shot,3PT Field Goal,Above the Break 3,Right Side Center(RC),25,211,136,1
Andre Iguodala,20220101,Jump Shot,3PT Field Goal,Above the Break 3,Right Side Center(RC),25,127,217,1
Andre Iguodala,20220106,Jump Shot,3PT Field Goal,Left Corner 3,Left Side(L),23,-233,-1,0
Andre Iguodala,20220106,Jump Shot,3PT Field Goal,Above the Break 3,Center(C),26,-34,267,1
Andre Iguodala,20220106,Driving Reverse Layup Shot,2PT Field Goal,Restricted Area,Center(C),1,-13,8,1
Andre Iguodala,20220109,Jump Shot,3PT Field Goal,Above the Break 3,Right Side Center(RC),27,125,242,0
Andre Iguodala,20220109,Pullup Jump shot,3PT Field Goal,Backcourt,Back Court(BC),45,-21,451,0
Andre Iguodala,20220109,Jump Shot,2PT Field Goal,Mid-Range,Right Side Center(RC),17,140,112,0
Andre Iguodala,20220109,Jump Shot,3PT Field Goal,Left Corner 3,Left Side(L),23,-232,-4,0
Andre Iguodala,20220109,Jump Shot,3PT Field Goal,Above the Break 3,Right Side Center(RC),26,163,215,0
Andre Iguodala,20220109,Running Layup Shot,2PT Field Goal,In The Paint (Non-RA),Center(C),4,17,37,1
Andre Iguodala,20220109,Running Dunk Shot,2PT Field Goal,In The Paint (Non-RA),Center(C),5,-15,58,0
Andre Iguodala,20220109,Step Back Jump shot,2PT Field Goal,Mid-Range,Left Side(L),18,-154,100,1
Andre Iguodala,20220109,Step Back Jump shot,2PT Field Goal,In The Paint (Non-RA),Center(C),10,-1,109,0
Andre Iguodala,20220111,Jump Shot,3PT Field Goal,Left Corner 3,Left Side(L),23,-237,7,0
Andre Iguodala,20220111,Jump Shot,2PT Field Goal,Mid-Range,Left Side(L),14,-142,39,0
Andre Iguodala,20220113,Jump Shot,3PT Field Goal,Above the Break 3,Right Side Center(RC),25,89,238,0
Andre Iguodala,20220113,Cutting Dunk Shot,2PT Field Goal,Restricted Area,Center(C),2,5,25,0
Andre Iguodala,20220113,Tip Dunk Shot,2PT Field Goal,Restricted Area,Center(C),0,0,0,1
Andre Iguodala,20220114,Jump Shot,3PT Field Goal,Above the Break 3,Center(C),27,-20,278,1
Andre Iguodala,20220114,Jump Shot,3PT Field Goal,Above the Break 3,Right Side Center(RC),25,136,221,0
Andre Iguodala,20220114,Step Back Jump shot,2PT Field Goal,Mid-Range,Right Side Center(RC),21,162,139,0
Andre Iguodala,20220116,Step Back Jump shot,3PT Field Goal,Left Corner 3,Left Side(L),22,-229,10,0
Andre Iguodala,20220116,Jump Shot,3PT Field Goal,Above the Break 3,Left Side Center(LC),25,-152,201,0
Andre Iguodala,20220116,Pullup Jump shot,3PT Field Goal,Above the Break 3,Right Side Center(RC),24,78,231,0
Andre Iguodala,20220116,Jump Shot,3PT Field Goal,Backcourt,Back Court(BC),57,100,568,0
Andre Iguodala,20220120,Cutting Dunk Shot,2PT Field Goal,In The Paint (Non-RA),Center(C),4,12,41,1
Andre Iguodala,20220120,Tip Layup Shot,2PT Field Goal,Restricted Area,Center(C),0,0,0,0
Andre Iguodala,20220207,Jump Shot,3PT Field Goal,Above the Break 3,Center(C),25,-29,257,1
Andre Iguodala,20220328,Jump Shot,3PT Field Goal,Left Corner 3,Left Side(L),23,-230,26,1
Andre Iguodala,20220328,Pullup Jump shot,3PT Field Goal,Above the Break 3,Right Side Center(RC),25,114,228,0
Andre Iguodala,20220328,Dunk Shot,2PT Field Goal,Restricted Area,Center(C),0,2,3,1
Andre Iguodala,20220330,Jump Shot,3PT Field Goal,Above the Break 3,Left Side Center(LC),25,-191,166,1
Andre Iguodala,20220330,Jump Shot,3PT Field Goal,Left Corner 3,Left Side(L),22,-228,-1,0
Andre Iguodala,20220330,Jump Shot,3PT Field Goal,Backcourt,Back Court(BC),72,-12,723,0
Andre Iguodala,20220402,Step Back Jump shot,3PT Field Goal,Above the Break 3,Right Side Center(RC),26,167,201,0
Andre Iguodala,20220402,Jump Shot,3PT Field Goal,Above the Break 3,Right Side Center(RC),26,152,216,0
Andre Iguodala,20220402,Jump Shot,3PT Field Goal,Right Corner 3,Right Side(R),23,230,38,0
Andre Iguodala,20220407,Turnaround Jump Shot,2PT Field Goal,Mid-Range,Right Side(R),9,83,43,0
Andre Iguodala,20220407,Layup Shot,2PT Field Goal,Restricted Area,Center(C),3,-31,16,0
Andre Iguodala,20220407,Jump Shot,3PT Field Goal,Left Corner 3,Left Side(L),22,-229,-13,1
Andre Iguodala,20220407,Jump Shot,3PT Field Goal,Right Corner 3,Right Side(R),23,234,16,0
Andre Iguodala,20220407,Turnaround Jump Shot,2PT Field Goal,In The Paint (Non-RA),Center(C),11,45,103,0
Andre Iguodala,20220407,Jump Shot,3PT Field Goal,Above the Break 3,Left Side Center(LC),25,-235,88,0
Andre Iguodala,20220407,Cutting Dunk Shot,2PT Field Goal,Restricted Area,Center(C),2,-4,29,1
Andre Iguodala,20220409,Jump Shot,3PT Field Goal,Above the Break 3,Left Side Center(LC),25,-224,120,0
Andre Iguodala,20220409,Running Layup Shot,2PT Field Goal,Restricted Area,Center(C),2,12,19,1
Andre Iguodala,20220409,Jump Shot,3PT Field Goal,Above the Break 3,Left Side Center(LC),27,-113,251,0
Klay Thompson,20220109,Driving Floating Jump Shot,2PT Field Goal,In The Paint (Non-RA),Center(C),5,40,44,1
Klay Thompson,20220109,Jump Shot,3PT Field Goal,Above the Break 3,Left Side Center(LC),27,-105,249,0
Klay Thompson,20220109,Jump Shot,3PT Field Goal,Left Corner 3,Left Side(L),23,-232,-4,0
Klay Thompson,20220109,Turnaround Fadeaway shot,2PT Field Goal,In The Paint (Non-RA),Center(C),7,69,29,0
Klay Thompson,20220109,Jump Shot,3PT Field Goal,Above the Break 3,Right Side Center(RC),25,126,222,0
Klay Thompson,20220109,Turnaround Fadeaway shot,2PT Field Goal,In The Paint (Non-RA),Center(C),9,-44,80,0
Klay Thompson,20220109,Driving Dunk Shot,2PT Field Goal,Restricted Area,Center(C),1,10,7,1
Klay Thompson,20220109,Fadeaway Jump Shot,2PT Field Goal,Mid-Range,Left Side(L),14,-137,59,0
Klay Thompson,20220109,Jump Shot,3PT Field Goal,Above the Break 3,Left Side Center(LC),26,-167,210,1
Klay Thompson,20220109,Fadeaway Jump Shot,2PT Field Goal,Mid-Range,Left Side(L),12,-126,6,1
Klay Thompson,20220109,Pullup Jump shot,2PT Field Goal,In The Paint (Non-RA),Center(C),11,-45,104,1
Klay Thompson,20220109,Running Jump Shot,3PT Field Goal,Above the Break 3,Right Side Center(RC),29,197,218,1
Klay Thompson,20220109,Jump Shot,3PT Field Goal,Right Corner 3,Right Side(R),24,228,75,0
Klay Thompson,20220109,Turnaround Jump Shot,2PT Field Goal,In The Paint (Non-RA),Center(C),11,36,104,0
Klay Thompson,20220109,Pullup Jump shot,2PT Field Goal,Mid-Range,Center(C),14,4,143,0
Klay Thompson,20220109,Step Back Jump shot,3PT Field Goal,Above the Break 3,Left Side Center(LC),25,-181,182,1
Klay Thompson,20220109,Jump Shot,3PT Field Goal,Right Corner 3,Right Side(R),23,238,17,0
Klay Thompson,20220109,Jump Shot,2PT Field Goal,Mid-Range,Right Side Center(RC),19,141,136,0
Klay Thompson,20220111,Driving Reverse Layup Shot,2PT Field Goal,Restricted Area,Center(C),2,-22,10,0
Klay Thompson,20220111,Step Back Jump shot,2PT Field Goal,In The Paint (Non-RA),Center(C),13,27,136,1
Klay Thompson,20220111,Driving Layup Shot,2PT Field Goal,Restricted Area,Center(C),0,4,4,1
Klay Thompson,20220111,Jump Shot,3PT Field Goal,Above the Break 3,Left Side Center(LC),27,-143,231,0
Klay Thompson,20220111,Fadeaway Jump Shot,2PT Field Goal,In The Paint (Non-RA),Center(C),13,-38,126,0
Klay Thompson,20220111,Driving Reverse Layup Shot,2PT Field Goal,Restricted Area,Center(C),0,-4,6,0
Klay Thompson,20220111,Step Back Jump shot,3PT Field Goal,Left Corner 3,Left Side(L),23,-235,-4,1
Klay Thompson,20220111,Jump Shot,3PT Field Goal,Above the Break 3,Right Side Center(RC),25,87,241,1
Klay Thompson,20220111,Jump Shot,3PT Field Goal,Above the Break 3,Right Side Center(RC),25,132,221,0
Klay Thompson,20220111,Driving Layup Shot,2PT Field Goal,Restricted Area,Center(C),1,-6,17,0
Klay Thompson,20220111,Step Back Jump shot,3PT Field Goal,Above the Break 3,Right Side Center(RC),26,124,230,0
Klay Thompson,20220111,Step Back Jump shot,2PT Field Goal,In The Paint (Non-RA),Center(C),12,-18,124,1
Klay Thompson,20220111,Fadeaway Jump Shot,2PT Field Goal,In The Paint (Non-RA),Left Side(L),8,-50,73,0
Klay Thompson,20220113,Pullup Jump shot,3PT Field Goal,Above the Break 3,Left Side Center(LC),27,-145,233,0
Klay Thompson,20220113,Running Pull-Up Jump Shot,2PT Field Goal,Mid-Range,Left Side Center(LC),16,-86,137,0
Klay Thompson,20220113,Running Pull-Up Jump Shot,3PT Field Goal,Above the Break 3,Right Side Center(RC),26,210,163,0
Klay Thompson,20220113,Pullup Jump shot,2PT Field Goal,Mid-Range,Right Side Center(RC),17,130,118,0
Klay Thompson,20220113,Running Jump Shot,3PT Field Goal,Above the Break 3,Right Side Center(RC),27,199,189,0
Klay Thompson,20220113,Jump Shot,3PT Field Goal,Above the Break 3,Left Side Center(LC),25,-115,230,0
Klay Thompson,20220113,Driving Reverse Layup Shot,2PT Field Goal,Restricted Area,Center(C),2,-6,21,0
Klay Thompson,20220113,Jump Shot,2PT Field Goal,Mid-Range,Left Side(L),19,-191,2,1
Klay Thompson,20220113,Pullup Jump shot,3PT Field Goal,Above the Break 3,Center(C),27,66,266,1
Klay Thompson,20220113,Pullup Jump shot,3PT Field Goal,Above the Break 3,Right Side Center(RC),27,100,256,1
Klay Thompson,20220113,Pullup Jump shot,3PT Field Goal,Above the Break 3,Center(C),26,22,267,0
Klay Thompson,20220116,Turnaround Fadeaway Bank Jump Shot,2PT Field Goal,Mid-Range,Left Side(L),10,-104,26,1
Klay Thompson,20220116,Turnaround Fadeaway shot,2PT Field Goal,Mid-Range,Right Side(R),12,120,-3,0
Klay Thompson,20220116,Jump Shot,3PT Field Goal,Above the Break 3,Right Side Center(RC),24,165,186,0
Klay Thompson,20220116,Step Back Jump shot,3PT Field Goal,Above the Break 3,Right Side Center(RC),24,104,220,0
Klay Thompson,20220116,Jump Shot,3PT Field Goal,Above the Break 3,Right Side Center(RC),25,168,193,1
Klay Thompson,20220116,Jump Shot,3PT Field Goal,Above the Break 3,Right Side Center(RC),24,224,99,0
Klay Thompson,20220116,Pullup Jump shot,3PT Field Goal,Above the Break 3,Center(C),25,-11,257,1
Klay Thompson,20220116,Driving Layup Shot,2PT Field Goal,Restricted Area,Center(C),0,6,6,0
Klay Thompson,20220116,Driving Reverse Layup Shot,2PT Field Goal,Restricted Area,Center(C),1,-6,9,0
Klay Thompson,20220116,Pullup Jump shot,2PT Field Goal,In The Paint (Non-RA),Center(C),13,-18,130,1
Klay Thompson,20220116,Jump Shot,3PT Field Goal,Right Corner 3,Right Side(R),23,234,41,0
Klay Thompson,20220116,Driving Floating Jump Shot,2PT Field Goal,In The Paint (Non-RA),Center(C),8,29,83,0
Klay Thompson,20220116,Jump Shot,3PT Field Goal,Above the Break 3,Right Side Center(RC),25,205,150,0
Klay Thompson,20220116,Running Pull-Up Jump Shot,3PT Field Goal,Above the Break 3,Left Side Center(LC),24,-96,227,1
Klay Thompson,20220118,Jump Shot,3PT Field Goal,Above the Break 3,Right Side Center(RC),26,137,223,0
Klay Thompson,20220118,Turnaround Fadeaway shot,2PT Field Goal,Mid-Range,Left Side(L),12,-98,84,0
Klay Thompson,20220118,Jump Shot,3PT Field Goal,Left Corner 3,Left Side(L),23,-233,39,1
Klay Thompson,20220118,Jump Shot,3PT Field Goal,Above the Break 3,Left Side Center(LC),26,-200,180,1
Klay Thompson,20220118,Step Back Jump shot,3PT Field Goal,Above the Break 3,Center(C),26,-49,265,0
Klay Thompson,20220118,Jump Shot,3PT Field Goal,Above the Break 3,Left Side Center(LC),25,-201,164,0
Klay Thompson,20220118,Reverse Layup Shot,2PT Field Goal,Restricted Area,Center(C),3,-23,25,1
Klay Thompson,20220118,Cutting Layup Shot,2PT Field Goal,In The Paint (Non-RA),Center(C),4,40,27,1
Klay Thompson,20220118,Jump Shot,3PT Field Goal,Above the Break 3,Right Side Center(RC),24,221,115,1
Klay Thompson,20220118,Pullup Jump shot,3PT Field Goal,Above the Break 3,Left Side Center(LC),25,-88,240,0
Klay Thompson,20220118,Step Back Jump shot,2PT Field Goal,Mid-Range,Left Side(L),12,-93,83,1
Klay Thompson,20220118,Jump Shot,3PT Field Goal,Above the Break 3,Right Side Center(RC),26,93,253,0
Klay Thompson,20220118,Turnaround Jump Shot,2PT Field Goal,Mid-Range,Right Side(R),13,130,1,0
Klay Thompson,20220120,Jump Shot,3PT Field Goal,Left Corner 3,Left Side(L),22,-227,8,0
Klay Thompson,20220120,Cutting Layup Shot,2PT Field Goal,In The Paint (Non-RA),Center(C),4,-26,41,1
Klay Thompson,20220120,Pullup Jump shot,2PT Field Goal,Mid-Range,Center(C),19,2,197,0
Klay Thompson,20220120,Reverse Layup Shot,2PT Field Goal,In The Paint (Non-RA),Center(C),4,-21,38,0
Klay Thompson,20220120,Running Reverse Layup Shot,2PT Field Goal,In The Paint (Non-RA),Center(C),5,50,20,1
Klay Thompson,20220120,Pullup Jump shot,3PT Field Goal,Above the Break 3,Right Side Center(RC),25,99,238,0
Klay Thompson,20220120,Layup Shot,2PT Field Goal,Restricted Area,Center(C),3,-22,21,1
Klay Thompson,20220120,Jump Shot,3PT Field Goal,Above the Break 3,Left Side Center(LC),26,-120,236,0
Klay Thompson,20220120,Jump Shot,3PT Field Goal,Right Corner 3,Right Side(R),23,233,-15,0
Klay Thompson,20220120,Driving Layup Shot,2PT Field Goal,In The Paint (Non-RA),Center(C),4,38,16,0
Klay Thompson,20220120,Driving Reverse Layup Shot,2PT Field Goal,In The Paint (Non-RA),Center(C),4,39,16,1
Klay Thompson,20220120,Floating Jump shot,2PT Field Goal,In The Paint (Non-RA),Center(C),7,-33,65,0
Klay Thompson,20220120,Cutting Finger Roll Layup Shot,2PT Field Goal,In The Paint (Non-RA),Center(C),4,-12,46,1
Klay Thompson,20220120,Jump Shot,3PT Field Goal,Above the Break 3,Right Side Center(RC),26,181,192,0
Klay Thompson,20220120,Jump Shot,3PT Field Goal,Mid-Range,Left Side(L),22,-219,-21,0
Klay Thompson,20220120,Turnaround Fadeaway Bank Jump Shot,2PT Field Goal,Mid-Range,Right Side(R),10,98,40,1
Klay Thompson,20220120,Jump Shot,3PT Field Goal,Above the Break 3,Right Side Center(RC),30,192,231,0
Klay Thompson,20220125,Jump Shot,3PT Field Goal,Above the Break 3,Right Side Center(RC),25,97,235,0
Klay Thompson,20220125,Turnaround Fadeaway Bank Jump Shot,2PT Field Goal,In The Paint (Non-RA),Center(C),5,53,27,0
Klay Thompson,20220125,Pullup Jump shot,2PT Field Goal,In The Paint (Non-RA),Center(C),12,34,122,0
Klay Thompson,20220125,Cutting Layup Shot,2PT Field Goal,Restricted Area,Center(C),3,-21,23,1
Klay Thompson,20220125,Jump Shot,3PT Field Goal,Above the Break 3,Left Side Center(LC),27,-165,214,1
Klay Thompson,20220125,Cutting Layup Shot,2PT Field Goal,In The Paint (Non-RA),Center(C),4,-39,27,0
Klay Thompson,20220125,Jump Shot,3PT Field Goal,Left Corner 3,Left Side(L),24,-238,50,1
Klay Thompson,20220125,Jump Shot,3PT Field Goal,Above the Break 3,Center(C),26,37,258,1
Klay Thompson,20220125,Step Back Jump shot,2PT Field Goal,Mid-Range,Left Side(L),15,-158,15,0
Klay Thompson,20220125,Jump Shot,2PT Field Goal,Mid-Range,Left Side(L),16,-164,-15,1
Klay Thompson,20220125,Jump Shot,3PT Field Goal,Above the Break 3,Right Side Center(RC),27,197,187,0
Klay Thompson,20220125,Driving Reverse Layup Shot,2PT Field Goal,Restricted Area,Center(C),2,-28,6,1
Klay Thompson,20220127,Pullup Jump shot,3PT Field Goal,Above the Break 3,Right Side Center(RC),25,110,226,1
Klay Thompson,20220127,Jump Shot,3PT Field Goal,Above the Break 3,Right Side Center(RC),24,202,146,0
Klay Thompson,20220127,Running Jump Shot,3PT Field Goal,Above the Break 3,Right Side Center(RC),25,157,206,1
Klay Thompson,20220127,Cutting Layup Shot,2PT Field Goal,Restricted Area,Center(C),3,-27,23,1
Klay Thompson,20220127,Cutting Layup Shot,2PT Field Goal,Restricted Area,Center(C),1,-18,8,0
Klay Thompson,20220127,Jump Shot,3PT Field Goal,Left Corner 3,Left Side(L),23,-232,53,0
Klay Thompson,20220127,Cutting Layup Shot,2PT Field Goal,Restricted Area,Center(C),2,-25,7,1
Klay Thompson,20220127,Jump Shot,3PT Field Goal,Above the Break 3,Left Side Center(LC),24,-195,149,0
Klay Thompson,20220127,Cutting Layup Shot,2PT Field Goal,Restricted Area,Center(C),1,-16,-1,1
Klay Thompson,20220127,Jump Shot,3PT Field Goal,Above the Break 3,Left Side Center(LC),24,-178,168,0
Klay Thompson,20220127,Pullup Jump shot,3PT Field Goal,Mid-Range,Right Side(R),22,219,52,1
Klay Thompson,20220127,Pullup Jump shot,3PT Field Goal,Above the Break 3,Right Side Center(RC),26,107,239,1
Klay Thompson,20220127,Driving Layup Shot,2PT Field Goal,Restricted Area,Center(C),0,7,4,1
Klay Thompson,20220127,Turnaround Jump Shot,2PT Field Goal,Mid-Range,Right Side(R),13,96,93,0
Klay Thompson,20220127,Jump Shot,3PT Field Goal,Above the Break 3,Right Side Center(RC),24,190,151,1
Klay Thompson,20220127,Fadeaway Jump Shot,2PT Field Goal,In The Paint (Non-RA),Center(C),13,-58,127,0
Klay Thompson,20220129,Pullup Jump shot,3PT Field Goal,Above the Break 3,Center(C),26,-66,258,1
Klay Thompson,20220129,Fadeaway Jump Shot,2PT Field Goal,Mid-Range,Right Side(R),10,107,15,0
Klay Thompson,20220129,Step Back Jump shot,3PT Field Goal,Above the Break 3,Left Side Center(LC),26,-211,160,0
Klay Thompson,20220129,Pullup Jump shot,3PT Field Goal,Above the Break 3,Right Side Center(RC),26,115,239,0
Klay Thompson,20220129,Jump Shot,3PT Field Goal,Above the Break 3,Left Side Center(LC),28,-129,249,0
Klay Thompson,20220129,Step Back Jump shot,2PT Field Goal,Mid-Range,Left Side Center(LC),17,-96,148,0
Klay Thompson,20220129,Turnaround Fadeaway Bank Jump Shot,2PT Field Goal,In The Paint (Non-RA),Center(C),6,40,53,0
Klay Thompson,20220129,Tip Layup Shot,2PT Field Goal,In The Paint (Non-RA),Center(C),4,42,20,1
Klay Thompson,20220129,Pullup Jump shot,3PT Field Goal,Above the Break 3,Left Side Center(LC),25,-116,231,0
Klay Thompson,20220129,Jump Shot,3PT Field Goal,Above the Break 3,Right Side Center(RC),25,199,167,0
Klay Thompson,20220129,Jump Shot,3PT Field Goal,Above the Break 3,Center(C),26,54,258,0
Klay Thompson,20220129,Jump Shot,2PT Field Goal,Mid-Range,Left Side(L),19,-197,19,1
Klay Thompson,20220129,Step Back Jump shot,2PT Field Goal,Mid-Range,Left Side(L),13,-96,92,1
Klay Thompson,20220129,Jump Shot,3PT Field Goal,Above the Break 3,Left Side Center(LC),27,-130,247,1
Klay Thompson,20220131,Jump Shot,2PT Field Goal,Restricted Area,Center(C),2,22,-7,1
Klay Thompson,20220131,Turnaround Fadeaway shot,2PT Field Goal,Mid-Range,Left Side(L),14,-100,98,0
Klay Thompson,20220131,Pullup Jump shot,2PT Field Goal,Mid-Range,Left Side Center(LC),19,-134,142,1
Klay Thompson,20220131,Turnaround Fadeaway shot,2PT Field Goal,Mid-Range,Left Side(L),10,-98,38,1
Klay Thompson,20220131,Jump Shot,3PT Field Goal,Above the Break 3,Right Side Center(RC),25,176,184,0
Klay Thompson,20220131,Jump Shot,3PT Field Goal,Right Corner 3,Right Side(R),22,227,-6,0
Klay Thompson,20220131,Running Jump Shot,3PT Field Goal,Above the Break 3,Right Side Center(RC),25,201,164,1
Klay Thompson,20220131,Step Back Jump shot,2PT Field Goal,Mid-Range,Left Side(L),14,-147,27,0
Klay Thompson,20220131,Jump Shot,3PT Field Goal,Above the Break 3,Right Side Center(RC),25,213,139,0
Klay Thompson,20220131,Jump Shot,3PT Field Goal,Above the Break 3,Right Side Center(RC),25,222,125,0
Klay Thompson,20220131,Jump Shot,3PT Field Goal,Above the Break 3,Left Side Center(LC),26,-150,220,0
Klay Thompson,20220131,Driving Finger Roll Layup Shot,2PT Field Goal,Restricted Area,Center(C),2,11,22,1
Klay Thompson,20220131,Driving Finger Roll Layup Shot,2PT Field Goal,Restricted Area,Center(C),2,25,10,1
Klay Thompson,20220131,Jump Shot,3PT Field Goal,Left Corner 3,Left Side(L),22,-225,11,0
Klay Thompson,20220131,Pullup Jump shot,3PT Field Goal,Above the Break 3,Left Side Center(LC),25,-217,142,0
Klay Thompson,20220203,Pullup Jump shot,2PT Field Goal,In The Paint (Non-RA),Center(C),5,-44,24,1
Klay Thompson,20220203,Running Jump Shot,3PT Field Goal,Above the Break 3,Left Side Center(LC),26,-179,193,1
Klay Thompson,20220203,Step Back Jump shot,3PT Field Goal,Left Corner 3,Left Side(L),23,-230,0,1
Klay Thompson,20220203,Pullup Jump shot,3PT Field Goal,Above the Break 3,Left Side Center(LC),26,-191,190,1
Klay Thompson,20220203,Jump Shot,3PT Field Goal,Above the Break 3,Right Side Center(RC),26,223,136,1
Klay Thompson,20220203,Step Back Jump shot,3PT Field Goal,Left Corner 3,Left Side(L),23,-237,-9,1
Klay Thompson,20220203,Jump Shot,3PT Field Goal,Left Corner 3,Left Side(L),23,-232,-1,1
Klay Thompson,20220203,Jump Shot,3PT Field Goal,Above the Break 3,Right Side Center(RC),26,151,217,0
Klay Thompson,20220203,Jump Shot,3PT Field Goal,Above the Break 3,Left Side Center(LC),28,-161,241,0
Klay Thompson,20220203,Fadeaway Jump Shot,2PT Field Goal,In The Paint (Non-RA),Center(C),7,11,75,0
Klay Thompson,20220203,Running Pull-Up Jump Shot,3PT Field Goal,Above the Break 3,Right Side Center(RC),26,178,197,1
Klay Thompson,20220207,Jump Shot,3PT Field Goal,Above the Break 3,Right Side Center(RC),27,141,241,0
Klay Thompson,20220207,Running Jump Shot,3PT Field Goal,Right Corner 3,Right Side(R),22,228,4,0
Klay Thompson,20220207,Jump Shot,3PT Field Goal,Above the Break 3,Right Side Center(RC),27,156,227,0
Klay Thompson,20220207,Driving Finger Roll Layup Shot,2PT Field Goal,In The Paint (Non-RA),Left Side(L),8,-43,68,0
Klay Thompson,20220207,Step Back Jump shot,2PT Field Goal,Mid-Range,Right Side(R),14,145,21,1
Klay Thompson,20220207,Step Back Jump shot,2PT Field Goal,In The Paint (Non-RA),Center(C),14,67,124,1
Klay Thompson,20220207,Jump Shot,3PT Field Goal,Above the Break 3,Center(C),28,88,274,1
Klay Thompson,20220207,Step Back Jump shot,2PT Field Goal,In The Paint (Non-RA),Center(C),12,-20,126,0
Klay Thompson,20220207,Running Jump Shot,3PT Field Goal,Right Corner 3,Right Side(R),23,232,35,0
Klay Thompson,20220207,Turnaround Fadeaway shot,2PT Field Goal,In The Paint (Non-RA),Center(C),6,-47,47,1
Klay Thompson,20220207,Jump Shot,3PT Field Goal,Left Corner 3,Left Side(L),23,-235,0,0
Klay Thompson,20220207,Jump Shot,3PT Field Goal,Above the Break 3,Center(C),27,47,266,1
Klay Thompson,20220207,Driving Floating Bank Jump Shot,2PT Field Goal,In The Paint (Non-RA),Center(C),7,-67,34,0
Klay Thompson,20220207,Jump Shot,3PT Field Goal,Above the Break 3,Left Side Center(LC),24,-192,152,1
Klay Thompson,20220207,Fadeaway Jump Shot,2PT Field Goal,Mid-Range,Right Side(R),14,140,31,0
Klay Thompson,20220210,Turnaround Jump Shot,2PT Field Goal,Mid-Range,Right Side(R),13,138,18,0
Klay Thompson,20220210,Jump Shot,3PT Field Goal,Above the Break 3,Right Side Center(RC),25,120,222,0
Klay Thompson,20220210,Step Back Jump shot,3PT Field Goal,Above the Break 3,Center(C),25,71,249,1
Klay Thompson,20220210,Jump Shot,3PT Field Goal,Above the Break 3,Left Side Center(LC),26,-191,184,1
Klay Thompson,20220210,Jump Shot,3PT Field Goal,Above the Break 3,Center(C),27,-55,265,0
Klay Thompson,20220210,Fadeaway Jump Shot,2PT Field Goal,In The Paint (Non-RA),Center(C),11,0,111,0
Klay Thompson,20220210,Pullup Jump shot,3PT Field Goal,Right Corner 3,Right Side(R),23,227,62,0
Klay Thompson,20220210,Cutting Finger Roll Layup Shot,2PT Field Goal,In The Paint (Non-RA),Center(C),4,-36,26,1
Klay Thompson,20220210,Jump Shot,3PT Field Goal,Right Corner 3,Right Side(R),23,233,-8,0
Klay Thompson,20220210,Pullup Jump shot,3PT Field Goal,Above the Break 3,Left Side Center(LC),25,-159,194,0
Klay Thompson,20220210,Jump Shot,3PT Field Goal,Above the Break 3,Right Side Center(RC),26,225,131,0
Klay Thompson,20220210,Jump Shot,3PT Field Goal,Above the Break 3,Right Side Center(RC),29,203,214,1
Klay Thompson,20220210,Pullup Jump shot,2PT Field Goal,Mid-Range,Right Side(R),13,136,-8,1
Klay Thompson,20220210,Fadeaway Jump Shot,2PT Field Goal,Mid-Range,Left Side(L),15,-106,108,0
Klay Thompson,20220210,Jump Shot,2PT Field Goal,Mid-Range,Left Side(L),9,-99,-6,1
Klay Thompson,20220210,Cutting Layup Shot,2PT Field Goal,Restricted Area,Center(C),2,25,9,1
Klay Thompson,20220210,Turnaround Jump Shot,2PT Field Goal,In The Paint (Non-RA),Center(C),12,33,122,0
Klay Thompson,20220212,Finger Roll Layup Shot,2PT Field Goal,In The Paint (Non-RA),Center(C),6,53,34,1
Klay Thompson,20220212,Pullup Jump shot,2PT Field Goal,Mid-Range,Center(C),20,36,205,0
Klay Thompson,20220212,Cutting Layup Shot,2PT Field Goal,In The Paint (Non-RA),Center(C),4,48,10,1
Klay Thompson,20220212,Pullup Jump shot,3PT Field Goal,Above the Break 3,Left Side Center(LC),29,-126,265,0
Klay Thompson,20220212,Jump Shot,3PT Field Goal,Left Corner 3,Left Side(L),23,-232,-20,1
Klay Thompson,20220212,Jump Shot,3PT Field Goal,Left Corner 3,Left Side(L),22,-222,1,1
Klay Thompson,20220212,Turnaround Fadeaway shot,2PT Field Goal,In The Paint (Non-RA),Center(C),11,44,102,0
Klay Thompson,20220212,Fadeaway Jump Shot,2PT Field Goal,In The Paint (Non-RA),Center(C),9,26,94,1
Klay Thompson,20220212,Pullup Jump shot,3PT Field Goal,Above the Break 3,Center(C),28,0,283,0
Klay Thompson,20220212,Driving Layup Shot,2PT Field Goal,In The Paint (Non-RA),Center(C),4,-37,21,0
Klay Thompson,20220212,Pullup Jump shot,2PT Field Goal,Mid-Range,Right Side(R),14,148,22,1
Klay Thompson,20220212,Pullup Jump shot,3PT Field Goal,Above the Break 3,Right Side Center(RC),27,137,236,0
Klay Thompson,20220212,Fadeaway Jump Shot,2PT Field Goal,In The Paint (Non-RA),Center(C),10,-38,97,0
Klay Thompson,20220212,Driving Layup Shot,2PT Field Goal,In The Paint (Non-RA),Center(C),4,-48,4,0
Klay Thompson,20220212,Running Layup Shot,2PT Field Goal,In The Paint (Non-RA),Center(C),4,33,30,1
Klay Thompson,20220212,Fadeaway Jump Shot,2PT Field Goal,Mid-Range,Right Side(R),17,165,50,1
Klay Thompson,20220212,Jump Shot,2PT Field Goal,Mid-Range,Left Side(L),17,-174,2,1
Klay Thompson,20220212,Pullup Jump shot,2PT Field Goal,Mid-Range,Center(C),15,-38,150,0
Klay Thompson,20220212,Jump Shot,3PT Field Goal,Above the Break 3,Left Side Center(LC),25,-179,187,1
Klay Thompson,20220212,Step Back Jump shot,3PT Field Goal,Above the Break 3,Left Side Center(LC),27,-156,225,0
Klay Thompson,20220212,Jump Shot,3PT Field Goal,Above the Break 3,Right Side Center(RC),25,197,164,1
Klay Thompson,20220212,Jump Shot,3PT Field Goal,Above the Break 3,Right Side Center(RC),26,191,185,1
Klay Thompson,20220214,Jump Shot,3PT Field Goal,Above the Break 3,Right Side Center(RC),26,141,228,0
Klay Thompson,20220214,Jump Shot,3PT Field Goal,Above the Break 3,Right Side Center(RC),26,108,247,1
Klay Thompson,20220214,Pullup Jump shot,3PT Field Goal,Above the Break 3,Left Side Center(LC),26,-115,238,0
Klay Thompson,20220214,Driving Floating Bank Jump Shot,2PT Field Goal,In The Paint (Non-RA),Center(C),4,-23,33,1
Klay Thompson,20220214,Pullup Jump shot,3PT Field Goal,Above the Break 3,Left Side Center(LC),29,-140,262,0
Klay Thompson,20220214,Driving Reverse Layup Shot,2PT Field Goal,In The Paint (Non-RA),Center(C),4,-16,39,1
Klay Thompson,20220214,Pullup Jump shot,2PT Field Goal,Mid-Range,Right Side Center(RC),17,120,127,0
Klay Thompson,20220214,Step Back Jump shot,2PT Field Goal,Mid-Range,Left Side(L),10,-100,17,0
Klay Thompson,20220214,Turnaround Fadeaway shot,2PT Field Goal,Mid-Range,Right Side(R),14,131,66,0
Klay Thompson,20220214,Pullup Jump shot,2PT Field Goal,Mid-Range,Center(C),19,-38,187,0
Klay Thompson,20220214,Jump Shot,2PT Field Goal,Mid-Range,Right Side(R),18,180,27,0
Klay Thompson,20220214,Running Layup Shot,2PT Field Goal,Restricted Area,Center(C),3,-26,22,0
Klay Thompson,20220214,Jump Shot,3PT Field Goal,Above the Break 3,Left Side Center(LC),27,-119,248,0
Klay Thompson,20220214,Fadeaway Jump Shot,2PT Field Goal,Mid-Range,Left Side(L),14,-138,31,0
Klay Thompson,20220216,Jump Shot,3PT Field Goal,Left Corner 3,Left Side(L),23,-235,-19,0
Klay Thompson,20220216,Jump Shot,3PT Field Goal,Right Corner 3,Right Side(R),22,229,2,1
Klay Thompson,20220216,Pullup Jump shot,3PT Field Goal,Above the Break 3,Right Side Center(RC),25,227,120,0
Klay Thompson,20220216,Jump Shot,3PT Field Goal,Above the Break 3,Center(C),26,-13,267,0
Klay Thompson,20220216,Running Jump Shot,3PT Field Goal,Right Corner 3,Right Side(R),23,235,-8,0
Klay Thompson,20220216,Pullup Jump shot,2PT Field Goal,Mid-Range,Right Side Center(RC),19,105,165,1
Klay Thompson,20220216,Jump Shot,3PT Field Goal,Above the Break 3,Left Side Center(LC),24,-162,184,1
Klay Thompson,20220216,Running Jump Shot,3PT Field Goal,Above the Break 3,Left Side Center(LC),24,-181,164,0
Klay Thompson,20220216,Running Layup Shot,2PT Field Goal,In The Paint (Non-RA),Center(C),4,-43,13,0
Klay Thompson,20220216,Running Layup Shot,2PT Field Goal,In The Paint (Non-RA),Center(C),4,11,41,1
Klay Thompson,20220216,Step Back Jump shot,3PT Field Goal,Above the Break 3,Right Side Center(RC),26,141,224,0
Klay Thompson,20220216,Jump Shot,3PT Field Goal,Above the Break 3,Center(C),25,34,248,1
Klay Thompson,20220216,Pullup Jump shot,2PT Field Goal,In The Paint (Non-RA),Center(C),11,15,119,0
Klay Thompson,20220216,Pullup Jump shot,2PT Field Goal,In The Paint (Non-RA),Center(C),13,15,137,0
Klay Thompson,20220216,Jump Shot,3PT Field Goal,Above the Break 3,Left Side Center(LC),25,-167,192,0
Klay Thompson,20220224,Running Layup Shot,2PT Field Goal,Restricted Area,Center(C),2,22,13,1
Klay Thompson,20220224,Jump Shot,3PT Field Goal,Above the Break 3,Right Side Center(RC),27,170,221,1
Klay Thompson,20220224,Jump Shot,3PT Field Goal,Above the Break 3,Left Side Center(LC),26,-163,215,0
Klay Thompson,20220224,Jump Shot,3PT Field Goal,Above the Break 3,Left Side Center(LC),25,-114,231,1
Klay Thompson,20220224,Running Pull-Up Jump Shot,3PT Field Goal,Left Corner 3,Left Side(L),22,-225,5,1
Klay Thompson,20220224,Jump Shot,3PT Field Goal,Above the Break 3,Right Side Center(RC),26,163,210,0
Klay Thompson,20220224,Jump Shot,3PT Field Goal,Left Corner 3,Left Side(L),23,-232,22,0
Klay Thompson,20220224,Jump Shot,3PT Field Goal,Left Corner 3,Left Side(L),23,-228,74,1
Klay Thompson,20220224,Pullup Jump shot,2PT Field Goal,Mid-Range,Left Side(L),14,-125,76,0
Klay Thompson,20220224,Pullup Jump shot,2PT Field Goal,Mid-Range,Left Side Center(LC),20,-134,153,1
Klay Thompson,20220224,Driving Floating Jump Shot,2PT Field Goal,In The Paint (Non-RA),Center(C),12,39,118,0
Klay Thompson,20220303,Step Back Jump shot,2PT Field Goal,Mid-Range,Right Side(R),17,169,32,0
Klay Thompson,20220303,Step Back Jump shot,3PT Field Goal,Above the Break 3,Right Side Center(RC),25,206,146,0
Klay Thompson,20220303,Running Jump Shot,2PT Field Goal,Mid-Range,Left Side(L),15,-156,3,0
Klay Thompson,20220303,Jump Shot,3PT Field Goal,Above the Break 3,Right Side Center(RC),27,135,240,0
Klay Thompson,20220303,Running Finger Roll Layup Shot,2PT Field Goal,Restricted Area,Center(C),0,-7,6,1
Klay Thompson,20220303,Jump Shot,2PT Field Goal,Mid-Range,Left Side Center(LC),18,-109,144,1
Klay Thompson,20220303,Pullup Jump shot,3PT Field Goal,Right Corner 3,Right Side(R),23,230,45,0
Klay Thompson,20220303,Pullup Jump shot,3PT Field Goal,Left Corner 3,Left Side(L),23,-232,-15,0
Klay Thompson,20220303,Jump Shot,3PT Field Goal,Right Corner 3,Right Side(R),23,234,17,0
Klay Thompson,20220303,Pullup Jump shot,3PT Field Goal,Above the Break 3,Right Side Center(RC),26,197,175,1
Klay Thompson,20220303,Pullup Jump shot,2PT Field Goal,Mid-Range,Right Side(R),13,135,-5,0
Klay Thompson,20220303,Step Back Jump shot,2PT Field Goal,Mid-Range,Right Side Center(RC),22,77,214,1
Klay Thompson,20220303,Jump Shot,3PT Field Goal,Right Corner 3,Right Side(R),23,234,-13,1
Klay Thompson,20220303,Jump Shot,2PT Field Goal,Mid-Range,Right Side(R),19,185,58,0
Klay Thompson,20220303,Pullup Jump shot,2PT Field Goal,In The Paint (Non-RA),Center(C),13,-12,137,0
Klay Thompson,20220303,Cutting Layup Shot,2PT Field Goal,Restricted Area,Center(C),2,15,18,1
Klay Thompson,20220303,Jump Shot,3PT Field Goal,Above the Break 3,Left Side Center(LC),26,-96,248,0
Klay Thompson,20220305,Jump Shot,3PT Field Goal,Above the Break 3,Left Side Center(LC),25,-86,244,0
Klay Thompson,20220305,Jump Shot,2PT Field Goal,Mid-Range,Right Side Center(RC),22,172,138,0
Klay Thompson,20220305,Pullup Jump shot,2PT Field Goal,In The Paint (Non-RA),Center(C),12,49,110,0
Klay Thompson,20220305,Fadeaway Jump Shot,2PT Field Goal,In The Paint (Non-RA),Center(C),9,2,97,1
Klay Thompson,20220305,Reverse Layup Shot,2PT Field Goal,Restricted Area,Center(C),3,-28,11,1
Klay Thompson,20220305,Tip Layup Shot,2PT Field Goal,Restricted Area,Center(C),0,0,0,0
Klay Thompson,20220305,Turnaround Fadeaway Bank Jump Shot,2PT Field Goal,In The Paint (Non-RA),Center(C),4,-38,13,0
Klay Thompson,20220305,Running Pull-Up Jump Shot,3PT Field Goal,Above the Break 3,Right Side Center(RC),25,225,120,1
Klay Thompson,20220305,Running Layup Shot,2PT Field Goal,Restricted Area,Center(C),3,17,34,0
Klay Thompson,20220305,Jump Shot,3PT Field Goal,Above the Break 3,Left Side Center(LC),31,-105,298,0
Klay Thompson,20220305,Turnaround Fadeaway shot,2PT Field Goal,In The Paint (Non-RA),Right Side(R),11,77,83,0
Klay Thompson,20220305,Running Pull-Up Jump Shot,3PT Field Goal,Above the Break 3,Right Side Center(RC),31,118,293,0
Klay Thompson,20220305,Pullup Jump shot,3PT Field Goal,Above the Break 3,Right Side Center(RC),26,102,248,0
Klay Thompson,20220308,Fadeaway Jump Shot,2PT Field Goal,Mid-Range,Right Side(R),10,107,1,1
Klay Thompson,20220308,Pullup Jump shot,2PT Field Goal,Mid-Range,Right Side Center(RC),17,113,137,0
Klay Thompson,20220308,Pullup Jump shot,3PT Field Goal,Above the Break 3,Right Side Center(RC),25,138,218,0
Klay Thompson,20220308,Layup Shot,2PT Field Goal,In The Paint (Non-RA),Center(C),4,-43,6,0
Klay Thompson,20220308,Jump Shot,3PT Field Goal,Above the Break 3,Right Side Center(RC),24,159,185,0
Klay Thompson,20220308,Jump Shot,2PT Field Goal,In The Paint (Non-RA),Center(C),7,26,68,0
Klay Thompson,20220308,Jump Shot,3PT Field Goal,Above the Break 3,Center(C),25,-54,246,0
Klay Thompson,20220308,Running Layup Shot,2PT Field Goal,Restricted Area,Center(C),1,13,9,1
Klay Thompson,20220308,Jump Shot,3PT Field Goal,Above the Break 3,Right Side Center(RC),25,174,183,0
Klay Thompson,20220308,Pullup Jump shot,2PT Field Goal,Mid-Range,Left Side Center(LC),18,-115,141,1
Klay Thompson,20220308,Jump Shot,3PT Field Goal,Above the Break 3,Left Side Center(LC),25,-186,168,1
Klay Thompson,20220308,Jump Shot,3PT Field Goal,Right Corner 3,Right Side(R),23,230,5,0
Klay Thompson,20220308,Pullup Jump shot,2PT Field Goal,Mid-Range,Right Side(R),17,158,86,0
Klay Thompson,20220308,Jump Shot,3PT Field Goal,Above the Break 3,Right Side Center(RC),25,219,123,0
Klay Thompson,20220308,Running Dunk Shot,2PT Field Goal,Restricted Area,Center(C),0,-2,1,1
Klay Thompson,20220308,Pullup Jump shot,2PT Field Goal,Mid-Range,Left Side(L),15,-120,101,0
Klay Thompson,20220308,Fadeaway Jump Shot,2PT Field Goal,In The Paint (Non-RA),Right Side(R),8,65,56,0
Klay Thompson,20220308,Jump Shot,3PT Field Goal,Above the Break 3,Left Side Center(LC),26,-162,204,1
Klay Thompson,20220308,Jump Shot,2PT Field Goal,In The Paint (Non-RA),Center(C),13,-29,128,1
Klay Thompson,20220308,Step Back Jump shot,2PT Field Goal,Mid-Range,Left Side(L),14,-135,57,1
Klay Thompson,20220308,Jump Shot,3PT Field Goal,Above the Break 3,Right Side Center(RC),27,142,235,0
Klay Thompson,20220308,Driving Floating Bank Jump Shot,2PT Field Goal,Mid-Range,Right Side(R),14,119,75,1
Klay Thompson,20220308,Fadeaway Jump Shot,2PT Field Goal,In The Paint (Non-RA),Left Side(L),8,-71,53,0
Klay Thompson,20220310,Turnaround Fadeaway shot,2PT Field Goal,Mid-Range,Right Side(R),15,126,96,1
Klay Thompson,20220310,Turnaround Fadeaway shot,2PT Field Goal,Mid-Range,Right Side(R),16,145,69,0
Klay Thompson,20220310,Driving Reverse Layup Shot,2PT Field Goal,Restricted Area,Center(C),3,-28,16,1
Klay Thompson,20220310,Jump Shot,3PT Field Goal,Above the Break 3,Right Side Center(RC),26,94,248,0
Klay Thompson,20220310,Jump Shot,2PT Field Goal,Mid-Range,Center(C),14,-10,145,0
Klay Thompson,20220310,Turnaround Fadeaway Bank Jump Shot,2PT Field Goal,Mid-Range,Right Side(R),11,108,24,0
Klay Thompson,20220310,Floating Jump shot,2PT Field Goal,In The Paint (Non-RA),Center(C),6,53,40,0
Klay Thompson,20220310,Driving Finger Roll Layup Shot,2PT Field Goal,Restricted Area,Center(C),3,-36,6,1
Klay Thompson,20220310,Jump Shot,3PT Field Goal,Above the Break 3,Right Side Center(RC),27,158,225,1
Klay Thompson,20220310,Pullup Jump shot,2PT Field Goal,Mid-Range,Left Side Center(LC),23,-110,210,0
Klay Thompson,20220310,Step Back Jump shot,3PT Field Goal,Right Corner 3,Right Side(R),24,233,67,1
Klay Thompson,20220310,Fadeaway Jump Shot,2PT Field Goal,Mid-Range,Left Side(L),16,-154,54,1
Klay Thompson,20220310,Pullup Jump shot,3PT Field Goal,Above the Break 3,Left Side Center(LC),26,-145,218,0
Klay Thompson,20220310,Jump Shot,3PT Field Goal,Above the Break 3,Right Side Center(RC),26,162,209,0
Klay Thompson,20220310,Jump Shot,3PT Field Goal,Above the Break 3,Left Side Center(LC),25,-129,221,0
Klay Thompson,20220310,Jump Shot,2PT Field Goal,Mid-Range,Center(C),23,-5,232,0
Klay Thompson,20220310,Driving Layup Shot,2PT Field Goal,In The Paint (Non-RA),Center(C),4,-16,42,1
Klay Thompson,20220310,Fadeaway Jump Shot,2PT Field Goal,Mid-Range,Right Side(R),13,102,81,0
Klay Thompson,20220310,Jump Shot,3PT Field Goal,Right Corner 3,Right Side(R),22,228,12,0
Klay Thompson,20220310,Jump Shot,3PT Field Goal,Above the Break 3,Left Side Center(LC),29,-118,273,0
Klay Thompson,20220312,Driving Finger Roll Layup Shot,2PT Field Goal,Restricted Area,Center(C),3,0,34,0
Klay Thompson,20220312,Pullup Jump shot,3PT Field Goal,Above the Break 3,Center(C),25,20,258,0
Klay Thompson,20220312,Jump Shot,3PT Field Goal,Right Corner 3,Right Side(R),23,232,19,0
Klay Thompson,20220312,Step Back Jump shot,2PT Field Goal,Mid-Range,Left Side Center(LC),17,-94,145,1
Klay Thompson,20220312,Pullup Jump shot,2PT Field Goal,Mid-Range,Center(C),15,6,152,1
Klay Thompson,20220312,Jump Shot,3PT Field Goal,Above the Break 3,Right Side Center(RC),25,205,152,1
Klay Thompson,20220312,Jump Shot,3PT Field Goal,Above the Break 3,Left Side Center(LC),25,-135,220,1
Klay Thompson,20220312,Running Jump Shot,3PT Field Goal,Above the Break 3,Left Side Center(LC),25,-183,176,1
Klay Thompson,20220312,Jump Shot,3PT Field Goal,Above the Break 3,Center(C),25,26,257,1
Klay Thompson,20220312,Step Back Jump shot,2PT Field Goal,In The Paint (Non-RA),Center(C),12,7,121,1
Klay Thompson,20220312,Running Pull-Up Jump Shot,3PT Field Goal,Above the Break 3,Right Side Center(RC),27,164,216,0
Klay Thompson,20220312,Jump Shot,3PT Field Goal,Left Corner 3,Left Side(L),22,-224,-13,1
Klay Thompson,20220312,Jump Shot,2PT Field Goal,Mid-Range,Center(C),20,48,197,1
Klay Thompson,20220312,Driving Floating Bank Jump Shot,2PT Field Goal,In The Paint (Non-RA),Center(C),7,66,32,0
Klay Thompson,20220312,Jump Shot,3PT Field Goal,Above the Break 3,Left Side Center(LC),27,-165,222,1
Klay Thompson,20220312,Running Jump Shot,3PT Field Goal,Above the Break 3,Right Side Center(RC),27,109,251,1
Klay Thompson,20220312,Running Jump Shot,3PT Field Goal,Above the Break 3,Left Side Center(LC),30,-208,220,0
Klay Thompson,20220312,Turnaround Jump Shot,3PT Field Goal,Above the Break 3,Right Side Center(RC),27,89,265,0
Klay Thompson,20220312,Turnaround Jump Shot,2PT Field Goal,In The Paint (Non-RA),Left Side(L),8,-48,71,1
Klay Thompson,20220312,Fadeaway Jump Shot,2PT Field Goal,Mid-Range,Left Side(L),17,-142,101,1
Klay Thompson,20220312,Jump Shot,3PT Field Goal,Above the Break 3,Center(C),28,-37,281,1
Klay Thompson,20220312,Pullup Jump shot,3PT Field Goal,Above the Break 3,Left Side Center(LC),28,-131,248,0
Klay Thompson,20220312,Turnaround Fadeaway shot,2PT Field Goal,Mid-Range,Left Side(L),16,-143,84,1
Klay Thompson,20220312,Turnaround Jump Shot,2PT Field Goal,Mid-Range,Left Side(L),16,-162,33,0
Klay Thompson,20220314,Pullup Jump shot,3PT Field Goal,Above the Break 3,Left Side Center(LC),28,-127,252,1
Klay Thompson,20220314,Pullup Jump shot,2PT Field Goal,Mid-Range,Right Side(R),15,114,111,0
Klay Thompson,20220314,Jump Shot,3PT Field Goal,Above the Break 3,Right Side Center(RC),27,147,227,1
Klay Thompson,20220314,Jump Shot,3PT Field Goal,Above the Break 3,Right Side Center(RC),26,170,205,0
Klay Thompson,20220314,Pullup Jump shot,2PT Field Goal,In The Paint (Non-RA),Center(C),12,-13,128,1
Klay Thompson,20220314,Jump Shot,3PT Field Goal,Above the Break 3,Center(C),29,-69,288,0
Klay Thompson,20220314,Pullup Jump shot,2PT Field Goal,Mid-Range,Left Side(L),17,-175,17,0
Klay Thompson,20220314,Jump Shot,3PT Field Goal,Above the Break 3,Right Side Center(RC),27,164,216,0
Klay Thompson,20220314,Cutting Layup Shot,2PT Field Goal,Restricted Area,Center(C),2,-21,5,1
Klay Thompson,20220314,Jump Shot,3PT Field Goal,Right Corner 3,Right Side(R),22,227,18,1
Klay Thompson,20220314,Turnaround Fadeaway shot,2PT Field Goal,Mid-Range,Right Side(R),15,159,-4,1
Klay Thompson,20220314,Jump Shot,3PT Field Goal,Right Corner 3,Right Side(R),23,232,22,0
Klay Thompson,20220314,Jump Shot,3PT Field Goal,Right Corner 3,Right Side(R),24,230,69,0
Klay Thompson,20220314,Jump Shot,3PT Field Goal,Above the Break 3,Right Side Center(RC),28,164,239,1
Klay Thompson,20220314,Pullup Jump shot,3PT Field Goal,Above the Break 3,Left Side Center(LC),25,-116,232,0
Klay Thompson,20220314,Driving Floating Bank Jump Shot,2PT Field Goal,In The Paint (Non-RA),Left Side(L),9,-58,73,0
Klay Thompson,20220314,Jump Shot,3PT Field Goal,Above the Break 3,Left Side Center(LC),25,-208,141,0
Klay Thompson,20220314,Turnaround Fadeaway shot,2PT Field Goal,Mid-Range,Right Side(R),12,120,30,0
Klay Thompson,20220314,Jump Shot,3PT Field Goal,Above the Break 3,Right Side Center(RC),30,194,235,0
Klay Thompson,20220316,Fadeaway Jump Shot,2PT Field Goal,Mid-Range,Left Side(L),10,-107,-10,0
Klay Thompson,20220316,Jump Shot,3PT Field Goal,Above the Break 3,Left Side Center(LC),25,-156,200,1
Klay Thompson,20220316,Pullup Jump shot,2PT Field Goal,Mid-Range,Center(C),15,44,152,1
Klay Thompson,20220316,Jump Shot,3PT Field Goal,Above the Break 3,Right Side Center(RC),29,146,260,0
Klay Thompson,20220316,Jump Shot,3PT Field Goal,Above the Break 3,Left Side Center(LC),25,-150,210,0
Klay Thompson,20220316,Fadeaway Jump Shot,2PT Field Goal,Mid-Range,Right Side(R),16,145,88,1
Klay Thompson,20220316,Step Back Jump shot,2PT Field Goal,Mid-Range,Left Side(L),21,-195,83,0
Klay Thompson,20220316,Pullup Jump shot,2PT Field Goal,Mid-Range,Left Side Center(LC),18,-58,176,0
Klay Thompson,20220316,Jump Shot,2PT Field Goal,Mid-Range,Left Side Center(LC),18,-58,172,1
Klay Thompson,20220316,Jump Shot,3PT Field Goal,Above the Break 3,Left Side Center(LC),26,-200,176,0
Klay Thompson,20220316,Jump Shot,3PT Field Goal,Above the Break 3,Right Side Center(RC),26,194,177,0
Klay Thompson,20220316,Pullup Jump shot,2PT Field Goal,Mid-Range,Right Side(R),15,135,67,1
Klay Thompson,20220316,Jump Shot,3PT Field Goal,Above the Break 3,Left Side Center(LC),27,-203,186,0
Klay Thompson,20220316,Jump Shot,3PT Field Goal,Right Corner 3,Right Side(R),23,230,-4,0
Klay Thompson,20220316,Running Layup Shot,2PT Field Goal,Restricted Area,Center(C),3,34,18,1
Klay Thompson,20220316,Pullup Jump shot,2PT Field Goal,Mid-Range,Right Side(R),16,137,85,1
Klay Thompson,20220316,Pullup Jump shot,2PT Field Goal,Mid-Range,Right Side(R),16,143,74,0
Klay Thompson,20220316,Jump Shot,3PT Field Goal,Above the Break 3,Right Side Center(RC),26,185,193,0
Klay Thompson,20220316,Jump Shot,3PT Field Goal,Above the Break 3,Center(C),27,74,268,0
Klay Thompson,20220316,Jump Shot,3PT Field Goal,Left Corner 3,Left Side(L),22,-225,17,0
Klay Thompson,20220316,Driving Dunk Shot,2PT Field Goal,Restricted Area,Center(C),2,-1,26,1
Klay Thompson,20220316,Turnaround Fadeaway shot,2PT Field Goal,Mid-Range,Right Side(R),14,116,95,0
Klay Thompson,20220316,Step Back Jump shot,2PT Field Goal,Mid-Range,Left Side(L),16,-153,55,0
Klay Thompson,20220316,Jump Shot,3PT Field Goal,Right Corner 3,Right Side(R),22,229,-15,0
Klay Thompson,20220320,Cutting Layup Shot,2PT Field Goal,Restricted Area,Center(C),2,10,21,1
Klay Thompson,20220320,Pullup Jump shot,3PT Field Goal,Above the Break 3,Center(C),28,-31,284,0
Klay Thompson,20220320,Pullup Jump shot,2PT Field Goal,Mid-Range,Right Side(R),14,143,18,1
Klay Thompson,20220320,Jump Shot,3PT Field Goal,Above the Break 3,Left Side Center(LC),26,-110,244,1
Klay Thompson,20220320,Pullup Jump shot,3PT Field Goal,Above the Break 3,Right Side Center(RC),25,183,175,0
Klay Thompson,20220320,Pullup Jump shot,2PT Field Goal,Mid-Range,Left Side Center(LC),20,-132,155,1
Klay Thompson,20220320,Step Back Jump shot,3PT Field Goal,Right Corner 3,Right Side(R),24,232,64,1
Klay Thompson,20220320,Jump Shot,3PT Field Goal,Above the Break 3,Right Side Center(RC),26,152,220,0
Klay Thompson,20220320,Pullup Jump shot,3PT Field Goal,Above the Break 3,Center(C),28,16,288,0
Klay Thompson,20220320,Driving Floating Jump Shot,2PT Field Goal,In The Paint (Non-RA),Center(C),6,7,67,0
Klay Thompson,20220320,Jump Shot,2PT Field Goal,Mid-Range,Right Side Center(RC),19,109,163,0
Klay Thompson,20220320,Turnaround Fadeaway shot,2PT Field Goal,Mid-Range,Left Side(L),9,-92,10,0
Klay Thompson,20220320,Pullup Jump shot,2PT Field Goal,Mid-Range,Left Side(L),9,-98,-13,0
Klay Thompson,20220320,Jump Shot,2PT Field Goal,Mid-Range,Left Side(L),18,-179,38,0
Klay Thompson,20220320,Step Back Jump shot,3PT Field Goal,Left Corner 3,Left Side(L),22,-221,6,1
Klay Thompson,20220320,Jump Shot,3PT Field Goal,Above the Break 3,Right Side Center(RC),27,217,164,0
Klay Thompson,20220320,Jump Shot,3PT Field Goal,Above the Break 3,Center(C),24,64,241,1
Klay Thompson,20220320,Jump Shot,2PT Field Goal,Mid-Range,Right Side(R),18,188,-1,0
Klay Thompson,20220320,Pullup Jump shot,3PT Field Goal,Above the Break 3,Right Side Center(RC),26,157,218,1
Klay Thompson,20220320,Pullup Jump shot,3PT Field Goal,Above the Break 3,Right Side Center(RC),25,126,222,1
Klay Thompson,20220320,Jump Shot,3PT Field Goal,Above the Break 3,Left Side Center(LC),25,-172,190,0
Klay Thompson,20220320,Jump Shot,2PT Field Goal,Mid-Range,Center(C),22,12,221,0
Klay Thompson,20220322,Pullup Jump shot,2PT Field Goal,Mid-Range,Left Side Center(LC),20,-126,164,1
Klay Thompson,20220322,Jump Shot,3PT Field Goal,Above the Break 3,Left Side Center(LC),28,-158,233,0
Klay Thompson,20220322,Turnaround Fadeaway Bank Jump Shot,2PT Field Goal,Mid-Range,Left Side(L),11,-93,62,0
Klay Thompson,20220322,Jump Shot,3PT Field Goal,Above the Break 3,Right Side Center(RC),26,109,238,0
Klay Thompson,20220322,Pullup Jump shot,2PT Field Goal,Mid-Range,Right Side Center(RC),18,85,159,1
Klay Thompson,20220322,Cutting Layup Shot,2PT Field Goal,Restricted Area,Center(C),2,-16,23,1
Klay Thompson,20220322,Driving Floating Jump Shot,2PT Field Goal,Mid-Range,Right Side(R),15,148,49,0
Klay Thompson,20220322,Jump Shot,3PT Field Goal,Above the Break 3,Right Side Center(RC),25,201,155,0
Klay Thompson,20220322,Pullup Jump shot,2PT Field Goal,Mid-Range,Right Side Center(RC),21,88,191,0
Klay Thompson,20220322,Pullup Jump shot,2PT Field Goal,Mid-Range,Left Side(L),21,-212,34,1
Klay Thompson,20220322,Jump Shot,3PT Field Goal,Above the Break 3,Left Side Center(LC),24,-184,158,1
Klay Thompson,20220322,Turnaround Jump Shot,2PT Field Goal,In The Paint (Non-RA),Left Side(L),9,-72,59,0
Klay Thompson,20220322,Jump Shot,3PT Field Goal,Above the Break 3,Right Side Center(RC),25,98,240,0
Klay Thompson,20220322,Pullup Jump shot,3PT Field Goal,Above the Break 3,Center(C),24,-56,240,1
Klay Thompson,20220322,Jump Shot,3PT Field Goal,Above the Break 3,Center(C),24,69,240,0
Klay Thompson,20220325,Jump Shot,3PT Field Goal,Above the Break 3,Left Side Center(LC),25,-148,211,1
Klay Thompson,20220325,Pullup Jump shot,2PT Field Goal,Mid-Range,Right Side Center(RC),16,129,106,0
Klay Thompson,20220325,Jump Shot,3PT Field Goal,Above the Break 3,Right Side Center(RC),25,157,203,1
Klay Thompson,20220325,Pullup Jump shot,3PT Field Goal,Above the Break 3,Right Side Center(RC),26,201,169,1
Klay Thompson,20220325,Jump Shot,3PT Field Goal,Above the Break 3,Right Side Center(RC),25,94,237,0
Klay Thompson,20220325,Fadeaway Jump Shot,2PT Field Goal,Mid-Range,Left Side(L),8,-88,8,1
Klay Thompson,20220325,Driving Layup Shot,2PT Field Goal,Restricted Area,Center(C),1,12,9,1
Klay Thompson,20220325,Jump Shot,3PT Field Goal,Above the Break 3,Center(C),26,-45,260,1
Klay Thompson,20220325,Pullup Jump shot,3PT Field Goal,Above the Break 3,Center(C),25,74,240,1
Klay Thompson,20220325,Jump Shot,3PT Field Goal,Above the Break 3,Left Side Center(LC),25,-109,235,1
Klay Thompson,20220325,Jump Shot,3PT Field Goal,Right Corner 3,Right Side(R),23,237,13,0
Klay Thompson,20220325,Driving Layup Shot,2PT Field Goal,Restricted Area,Center(C),1,-7,15,1
Klay Thompson,20220325,Running Pull-Up Jump Shot,3PT Field Goal,Above the Break 3,Left Side Center(LC),26,-115,235,0
Klay Thompson,20220325,Turnaround Fadeaway Bank Jump Shot,2PT Field Goal,Mid-Range,Left Side(L),12,-103,75,0
Klay Thompson,20220325,Turnaround Fadeaway shot,2PT Field Goal,Mid-Range,Right Side(R),11,110,12,0
Klay Thompson,20220325,Pullup Jump shot,2PT Field Goal,Mid-Range,Right Side Center(RC),16,104,132,0
Klay Thompson,20220325,Pullup Jump shot,3PT Field Goal,Above the Break 3,Center(C),25,-13,256,0
Klay Thompson,20220325,Jump Shot,3PT Field Goal,Above the Break 3,Right Side Center(RC),25,173,193,1
Klay Thompson,20220325,Running Pull-Up Jump Shot,3PT Field Goal,Above the Break 3,Right Side Center(RC),25,82,239,1
Klay Thompson,20220325,Pullup Jump shot,3PT Field Goal,Above the Break 3,Center(C),25,11,256,1
Klay Thompson,20220325,Driving Floating Bank Jump Shot,2PT Field Goal,In The Paint (Non-RA),Center(C),6,58,33,1
Klay Thompson,20220325,Jump Shot,3PT Field Goal,Above the Break 3,Right Side Center(RC),25,145,214,0
Klay Thompson,20220325,Jump Shot,3PT Field Goal,Above the Break 3,Right Side Center(RC),25,108,232,0
Klay Thompson,20220325,Jump Shot,3PT Field Goal,Above the Break 3,Center(C),24,-55,243,0
Klay Thompson,20220325,Driving Layup Shot,2PT Field Goal,Restricted Area,Center(C),2,-5,25,0
Klay Thompson,20220325,Step Back Jump shot,2PT Field Goal,Mid-Range,Left Side(L),13,-135,27,1
Klay Thompson,20220327,Jump Shot,3PT Field Goal,Above the Break 3,Right Side Center(RC),24,200,146,1
Klay Thompson,20220327,Step Back Jump shot,3PT Field Goal,Above the Break 3,Left Side Center(LC),26,-110,241,0
Klay Thompson,20220327,Jump Shot,3PT Field Goal,Above the Break 3,Left Side Center(LC),27,-97,252,0
Klay Thompson,20220327,Jump Shot,3PT Field Goal,Above the Break 3,Right Side Center(RC),26,88,252,0
Klay Thompson,20220327,Running Jump Shot,3PT Field Goal,Above the Break 3,Right Side Center(RC),24,202,134,1
Klay Thompson,20220327,Jump Shot,2PT Field Goal,Mid-Range,Center(C),18,0,180,0
Klay Thompson,20220327,Jump Shot,3PT Field Goal,Above the Break 3,Left Side Center(LC),27,-218,167,0
Klay Thompson,20220327,Fadeaway Jump Shot,2PT Field Goal,Mid-Range,Left Side(L),14,-148,6,0
Klay Thompson,20220327,Fadeaway Jump Shot,2PT Field Goal,Mid-Range,Right Side(R),13,118,67,1
Klay Thompson,20220327,Pullup Jump shot,2PT Field Goal,Mid-Range,Left Side(L),16,-151,75,0
Klay Thompson,20220327,Pullup Jump shot,3PT Field Goal,Above the Break 3,Right Side Center(RC),29,136,267,0
Klay Thompson,20220327,Jump Shot,2PT Field Goal,Mid-Range,Right Side(R),14,137,38,1
Klay Thompson,20220327,Jump Shot,3PT Field Goal,Above the Break 3,Center(C),26,-45,263,1
Klay Thompson,20220327,Cutting Finger Roll Layup Shot,2PT Field Goal,Restricted Area,Center(C),3,-9,31,1
Klay Thompson,20220327,Jump Shot,3PT Field Goal,Left Corner 3,Left Side(L),22,-228,10,0
Klay Thompson,20220327,Step Back Jump shot,3PT Field Goal,Left Corner 3,Left Side(L),22,-224,0,1
Klay Thompson,20220327,Floating Jump shot,2PT Field Goal,Mid-Range,Center(C),19,21,189,1
Klay Thompson,20220327,Jump Shot,3PT Field Goal,Above the Break 3,Center(C),28,77,272,0
Klay Thompson,20220327,Pullup Jump shot,2PT Field Goal,In The Paint (Non-RA),Right Side(R),15,77,131,0
Klay Thompson,20220327,Step Back Jump shot,3PT Field Goal,Above the Break 3,Left Side Center(LC),25,-218,128,1
Klay Thompson,20220327,Driving Finger Roll Layup Shot,2PT Field Goal,Restricted Area,Center(C),3,-17,27,1
Klay Thompson,20220327,Jump Shot,3PT Field Goal,Above the Break 3,Left Side Center(LC),25,-174,188,0
Klay Thompson,20220330,Jump Shot,3PT Field Goal,Right Corner 3,Right Side(R),25,239,84,0
Klay Thompson,20220330,Pullup Jump shot,2PT Field Goal,Mid-Range,Right Side(R),17,170,5,0
Klay Thompson,20220330,Jump Shot,3PT Field Goal,Above the Break 3,Right Side Center(RC),25,173,190,0
Klay Thompson,20220330,Step Back Jump shot,2PT Field Goal,Mid-Range,Right Side(R),16,157,62,1
Klay Thompson,20220330,Cutting Layup Shot,2PT Field Goal,Restricted Area,Center(C),3,-29,16,1
Klay Thompson,20220330,Jump Shot,3PT Field Goal,Above the Break 3,Center(C),25,-43,251,0
Klay Thompson,20220330,Jump Shot,2PT Field Goal,Mid-Range,Right Side(R),19,191,35,0
Klay Thompson,20220330,Driving Layup Shot,2PT Field Goal,In The Paint (Non-RA),Center(C),4,-27,36,0
Klay Thompson,20220330,Jump Shot,3PT Field Goal,Above the Break 3,Left Side Center(LC),24,-167,183,0
Klay Thompson,20220330,Driving Floating Jump Shot,2PT Field Goal,In The Paint (Non-RA),Center(C),9,6,92,0
Klay Thompson,20220330,Pullup Jump shot,2PT Field Goal,Mid-Range,Center(C),21,5,211,1
Klay Thompson,20220330,Jump Shot,3PT Field Goal,Above the Break 3,Left Side Center(LC),27,-188,196,0
Klay Thompson,20220330,Jump Shot,2PT Field Goal,In The Paint (Non-RA),Center(C),11,20,112,0
Klay Thompson,20220330,Jump Shot,3PT Field Goal,Above the Break 3,Right Side Center(RC),26,180,195,1
Klay Thompson,20220330,Driving Reverse Layup Shot,2PT Field Goal,In The Paint (Non-RA),Center(C),5,54,18,1
Klay Thompson,20220330,Pullup Jump shot,3PT Field Goal,Above the Break 3,Left Side Center(LC),27,-89,264,0
Klay Thompson,20220330,Step Back Jump shot,2PT Field Goal,Mid-Range,Center(C),17,-22,169,0
Klay Thompson,20220330,Jump Shot,3PT Field Goal,Above the Break 3,Left Side Center(LC),26,-181,199,0
Klay Thompson,20220330,Pullup Jump shot,2PT Field Goal,In The Paint (Non-RA),Center(C),8,-13,83,0
Klay Thompson,20220330,Jump Shot,3PT Field Goal,Above the Break 3,Center(C),27,-45,270,0
Klay Thompson,20220330,Jump Shot,3PT Field Goal,Backcourt,Back Court(BC),65,-175,636,0
Klay Thompson,20220402,Jump Shot,3PT Field Goal,Above the Break 3,Left Side Center(LC),26,-162,204,0
Klay Thompson,20220402,Fadeaway Jump Shot,2PT Field Goal,In The Paint (Non-RA),Center(C),10,-10,103,0
Klay Thompson,20220402,Jump Shot,2PT Field Goal,Mid-Range,Right Side Center(RC),22,152,171,1
Klay Thompson,20220402,Jump Shot,3PT Field Goal,Above the Break 3,Right Side Center(RC),26,203,176,0
Klay Thompson,20220402,Driving Layup Shot,2PT Field Goal,In The Paint (Non-RA),Center(C),6,48,46,0
Klay Thompson,20220402,Running Dunk Shot,2PT Field Goal,Restricted Area,Center(C),2,-21,9,1
Klay Thompson,20220402,Jump Shot,2PT Field Goal,Mid-Range,Center(C),18,-29,185,0
Klay Thompson,20220402,Jump Shot,3PT Field Goal,Above the Break 3,Center(C),24,36,246,1
Klay Thompson,20220402,Driving Floating Bank Jump Shot,2PT Field Goal,In The Paint (Non-RA),Left Side(L),8,-67,55,1
Klay Thompson,20220402,Jump Shot,3PT Field Goal,Above the Break 3,Right Side Center(RC),25,210,150,1
Klay Thompson,20220402,Pullup Jump shot,3PT Field Goal,Above the Break 3,Left Side Center(LC),24,-136,205,0
Klay Thompson,20220402,Jump Shot,3PT Field Goal,Right Corner 3,Right Side(R),22,229,19,0
Klay Thompson,20220402,Pullup Jump shot,2PT Field Goal,Mid-Range,Center(C),20,-21,202,1
Klay Thompson,20220402,Driving Floating Jump Shot,2PT Field Goal,Mid-Range,Center(C),15,-6,159,1
Klay Thompson,20220402,Pullup Jump shot,2PT Field Goal,Mid-Range,Center(C),21,-1,212,1
Klay Thompson,20220402,Jump Shot,3PT Field Goal,Above the Break 3,Right Side Center(RC),26,157,212,1
Klay Thompson,20220402,Jump Shot,3PT Field Goal,Above the Break 3,Center(C),28,0,281,0
Klay Thompson,20220402,Running Jump Shot,3PT Field Goal,Above the Break 3,Center(C),27,-13,279,0
Klay Thompson,20220402,Jump Shot,3PT Field Goal,Above the Break 3,Right Side Center(RC),26,165,206,1
Klay Thompson,20220402,Jump Shot,3PT Field Goal,Above the Break 3,Center(C),27,23,277,0
Klay Thompson,20220402,Pullup Jump shot,2PT Field Goal,Mid-Range,Center(C),19,-21,194,0
Klay Thompson,20220402,Jump Shot,3PT Field Goal,Above the Break 3,Right Side Center(RC),25,185,173,1
Klay Thompson,20220402,Step Back Jump shot,3PT Field Goal,Above the Break 3,Left Side Center(LC),27,-212,168,1
Klay Thompson,20220402,Jump Shot,3PT Field Goal,Above the Break 3,Center(C),26,-31,264,1
Klay Thompson,20220402,Driving Floating Jump Shot,2PT Field Goal,Mid-Range,Center(C),18,-10,180,0
Klay Thompson,20220402,Pullup Jump shot,3PT Field Goal,Above the Break 3,Left Side Center(LC),26,-148,214,1
Klay Thompson,20220402,Jump Shot,3PT Field Goal,Above the Break 3,Right Side Center(RC),25,161,202,0
Klay Thompson,20220402,Jump Shot,3PT Field Goal,Above the Break 3,Center(C),27,23,270,0
Klay Thompson,20220407,Step Back Jump shot,3PT Field Goal,Above the Break 3,Center(C),28,-11,285,1
Klay Thompson,20220407,Jump Shot,3PT Field Goal,Above the Break 3,Center(C),28,17,280,1
Klay Thompson,20220407,Pullup Jump shot,3PT Field Goal,Above the Break 3,Center(C),26,-18,269,0
Klay Thompson,20220407,Jump Shot,3PT Field Goal,Above the Break 3,Right Side Center(RC),26,167,206,1
Klay Thompson,20220407,Finger Roll Layup Shot,2PT Field Goal,In The Paint (Non-RA),Center(C),5,-1,59,0
Klay Thompson,20220407,Jump Shot,3PT Field Goal,Above the Break 3,Right Side Center(RC),24,163,185,0
Klay Thompson,20220407,Jump Shot,3PT Field Goal,Above the Break 3,Right Side Center(RC),27,119,246,1
Klay Thompson,20220407,Driving Layup Shot,2PT Field Goal,In The Paint (Non-RA),Center(C),5,51,25,0
Klay Thompson,20220407,Pullup Jump shot,2PT Field Goal,Mid-Range,Right Side Center(RC),18,124,132,1
Klay Thompson,20220407,Pullup Jump shot,3PT Field Goal,Above the Break 3,Center(C),26,-17,267,1
Klay Thompson,20220407,Jump Shot,3PT Field Goal,Above the Break 3,Center(C),26,-21,260,0
Klay Thompson,20220407,Jump Shot,3PT Field Goal,Above the Break 3,Center(C),26,-27,262,1
Klay Thompson,20220407,Pullup Jump shot,3PT Field Goal,Above the Break 3,Right Side Center(RC),28,108,259,0
Klay Thompson,20220407,Fadeaway Jump Shot,2PT Field Goal,Mid-Range,Left Side(L),15,-148,40,1
Klay Thompson,20220407,Pullup Jump shot,2PT Field Goal,In The Paint (Non-RA),Center(C),11,12,114,1
Klay Thompson,20220407,Driving Floating Bank Jump Shot,2PT Field Goal,Mid-Range,Right Side(R),15,136,79,0
Klay Thompson,20220407,Driving Reverse Layup Shot,2PT Field Goal,Restricted Area,Center(C),3,23,29,1
Klay Thompson,20220407,Step Back Jump shot,2PT Field Goal,Mid-Range,Left Side Center(LC),16,-102,132,1
Klay Thompson,20220407,Fadeaway Jump Shot,2PT Field Goal,Mid-Range,Right Side Center(RC),19,66,185,0
Klay Thompson,20220407,Driving Layup Shot,2PT Field Goal,Restricted Area,Center(C),3,-25,31,0
Klay Thompson,20220407,Tip Layup Shot,2PT Field Goal,Restricted Area,Center(C),0,0,0,0
Klay Thompson,20220407,Driving Dunk Shot,2PT Field Goal,Restricted Area,Center(C),2,10,21,1
Klay Thompson,20220410,Jump Shot,3PT Field Goal,Above the Break 3,Right Side Center(RC),26,118,240,1
Klay Thompson,20220410,Jump Shot,3PT Field Goal,Above the Break 3,Right Side Center(RC),25,131,216,0
Klay Thompson,20220410,Jump Shot,3PT Field Goal,Right Corner 3,Right Side(R),22,228,20,0
Klay Thompson,20220410,Pullup Jump shot,2PT Field Goal,Mid-Range,Center(C),14,7,145,1
Klay Thompson,20220410,Pullup Jump shot,2PT Field Goal,Mid-Range,Right Side Center(RC),16,70,151,1
Klay Thompson,20220410,Jump Shot,3PT Field Goal,Above the Break 3,Left Side Center(LC),24,-206,141,1
Klay Thompson,20220410,Jump Shot,3PT Field Goal,Above the Break 3,Left Side Center(LC),24,-107,219,0
Klay Thompson,20220410,Cutting Layup Shot,2PT Field Goal,Restricted Area,Center(C),2,22,5,1
Klay Thompson,20220410,Turnaround Jump Shot,2PT Field Goal,Mid-Range,Center(C),15,-4,152,1
Klay Thompson,20220410,Jump Shot,3PT Field Goal,Above the Break 3,Right Side Center(RC),28,98,268,0
Klay Thompson,20220410,Jump Shot,3PT Field Goal,Above the Break 3,Left Side Center(LC),26,-206,162,1
Klay Thompson,20220410,Running Pull-Up Jump Shot,3PT Field Goal,Above the Break 3,Center(C),28,71,277,0
Klay Thompson,20220410,Pullup Jump shot,2PT Field Goal,Mid-Range,Right Side Center(RC),18,110,150,0
Klay Thompson,20220410,Pullup Jump shot,3PT Field Goal,Above the Break 3,Left Side Center(LC),25,-179,177,1
Klay Thompson,20220410,Step Back Jump shot,2PT Field Goal,Mid-Range,Right Side(R),15,113,105,0
Klay Thompson,20220410,Fadeaway Jump Shot,2PT Field Goal,Mid-Range,Right Side(R),12,129,4,0
Klay Thompson,20220410,Jump Shot,3PT Field Goal,Above the Break 3,Left Side Center(LC),26,-162,205,1
Klay Thompson,20220410,Turnaround Jump Shot,2PT Field Goal,Mid-Range,Left Side Center(LC),16,-70,149,0
Klay Thompson,20220410,Step Back Jump shot,2PT Field Goal,Mid-Range,Left Side Center(LC),17,-107,137,0
Klay Thompson,20220410,Jump Shot,3PT Field Goal,Above the Break 3,Left Side Center(LC),27,-221,159,0
Klay Thompson,20220410,Turnaround Jump Shot,2PT Field Goal,Mid-Range,Left Side Center(LC),21,-150,152,1
Klay Thompson,20220410,Fadeaway Jump Shot,2PT Field Goal,In The Paint (Non-RA),Center(C),11,13,117,0
Klay Thompson,20220410,Turnaround Jump Shot,2PT Field Goal,Mid-Range,Right Side(R),11,113,15,1
Klay Thompson,20220410,Driving Reverse Layup Shot,2PT Field Goal,Restricted Area,Center(C),2,20,2,1
Klay Thompson,20220410,Driving Floating Jump Shot,2PT Field Goal,In The Paint (Non-RA),Center(C),11,1,112,1
Klay Thompson,20220410,Pullup Jump shot,2PT Field Goal,Mid-Range,Center(C),14,17,149,1
Klay Thompson,20220410,Jump Shot,3PT Field Goal,Above the Break 3,Right Side Center(RC),24,154,194,0
Klay Thompson,20220410,Jump Shot,3PT Field Goal,Above the Break 3,Right Side Center(RC),26,183,185,1
Klay Thompson,20220410,Jump Shot,3PT Field Goal,Above the Break 3,Right Side Center(RC),25,188,174,1
Quinndary Weatherspoon,20211225,Running Layup Shot,2PT Field Goal,Restricted Area,Center(C),1,10,5,1
Quinndary Weatherspoon,20211225,Cutting Dunk Shot,2PT Field Goal,Restricted Area,Center(C),1,11,10,1
Quinndary Weatherspoon,20211225,Driving Layup Shot,2PT Field Goal,Restricted Area,Center(C),2,20,16,1
Quinndary Weatherspoon,20220307,Cutting Finger Roll Layup Shot,2PT Field Goal,Restricted Area,Center(C),3,-32,9,0
Quinndary Weatherspoon,20220307,Reverse Layup Shot,2PT Field Goal,Restricted Area,Center(C),2,-26,10,1
Quinndary Weatherspoon,20220307,Pullup Jump shot,3PT Field Goal,Above the Break 3,Left Side Center(LC),26,-142,218,1
Quinndary Weatherspoon,20220307,Driving Reverse Layup Shot,2PT Field Goal,Restricted Area,Center(C),2,21,8,1
Quinndary Weatherspoon,20220307,Reverse Layup Shot,2PT Field Goal,In The Paint (Non-RA),Center(C),4,36,25,1
Quinndary Weatherspoon,20220105,Driving Layup Shot,2PT Field Goal,Restricted Area,Center(C),1,-1,15,1
Quinndary Weatherspoon,20220201,Driving Layup Shot,2PT Field Goal,Restricted Area,Center(C),1,-13,1,0
Quinndary Weatherspoon,20220201,Layup Shot,2PT Field Goal,Restricted Area,Center(C),2,25,-8,1
Quinndary Weatherspoon,20220201,Step Back Jump shot,3PT Field Goal,Above the Break 3,Left Side Center(LC),25,-199,154,0
Quinndary Weatherspoon,20220201,Layup Shot,2PT Field Goal,Restricted Area,Center(C),1,6,-9,0
Quinndary Weatherspoon,20220201,Tip Layup Shot,2PT Field Goal,Restricted Area,Center(C),0,0,0,1
Quinndary Weatherspoon,20220203,Cutting Layup Shot,2PT Field Goal,In The Paint (Non-RA),Center(C),4,-45,20,0
Quinndary Weatherspoon,20220312,Reverse Layup Shot,2PT Field Goal,Restricted Area,Center(C),3,27,20,1
Quinndary Weatherspoon,20220312,Pullup Jump shot,3PT Field Goal,Above the Break 3,Right Side Center(RC),26,118,235,0
Quinndary Weatherspoon,20220316,Cutting Layup Shot,2PT Field Goal,In The Paint (Non-RA),Center(C),4,31,26,1
Quinndary Weatherspoon,20220316,Pullup Jump shot,2PT Field Goal,In The Paint (Non-RA),Left Side(L),12,-67,110,0
Quinndary Weatherspoon,20220316,Jump Shot,3PT Field Goal,Above the Break 3,Right Side Center(RC),27,172,212,0
Quinndary Weatherspoon,20220403,Jump Shot,3PT Field Goal,Right Corner 3,Right Side(R),24,241,16,0
Andrew Wiggins,20211019,Jump Shot,3PT Field Goal,Left Corner 3,Left Side(L),23,-230,17,1
Andrew Wiggins,20211019,Jump Shot,3PT Field Goal,Above the Break 3,Left Side Center(LC),25,-190,174,0
Andrew Wiggins,20211019,Running Layup Shot,2PT Field Goal,Restricted Area,Center(C),0,-4,8,0
Andrew Wiggins,20211019,Cutting Finger Roll Layup Shot,2PT Field Goal,Restricted Area,Center(C),1,0,15,1
Andrew Wiggins,20211019,Layup Shot,2PT Field Goal,Restricted Area,Center(C),2,-17,11,1
Andrew Wiggins,20211019,Jump Shot,3PT Field Goal,Right Corner 3,Right Side(R),22,225,16,0
Andrew Wiggins,20211019,Jump Shot,3PT Field Goal,Above the Break 3,Right Side Center(RC),26,195,178,0
Andrew Wiggins,20211019,Driving Hook Shot,2PT Field Goal,In The Paint (Non-RA),Center(C),7,12,73,0
Andrew Wiggins,20211019,Running Layup Shot,2PT Field Goal,Restricted Area,Center(C),2,4,29,1
Andrew Wiggins,20211019,Jump Shot,3PT Field Goal,Above the Break 3,Right Side Center(RC),27,227,148,1
Andrew Wiggins,20211021,Jump Shot,3PT Field Goal,Above the Break 3,Left Side Center(LC),24,-174,177,1
Andrew Wiggins,20211021,Jump Shot,3PT Field Goal,Left Corner 3,Left Side(L),22,-221,11,1
Andrew Wiggins,20211021,Jump Shot,3PT Field Goal,Above the Break 3,Center(C),25,76,239,1
Andrew Wiggins,20211021,Jump Shot,3PT Field Goal,Above the Break 3,Left Side Center(LC),25,-181,179,0
Andrew Wiggins,20211021,Layup Shot,2PT Field Goal,Restricted Area,Center(C),2,9,26,1
Andrew Wiggins,20211021,Tip Layup Shot,2PT Field Goal,Restricted Area,Center(C),0,0,0,0
Andrew Wiggins,20211021,Tip Layup Shot,2PT Field Goal,Restricted Area,Center(C),0,0,0,0
Andrew Wiggins,20211021,Turnaround Jump Shot,2PT Field Goal,Mid-Range,Right Side(R),12,100,75,0
Andrew Wiggins,20211021,Running Dunk Shot,2PT Field Goal,Restricted Area,Center(C),1,11,4,1
Andrew Wiggins,20211021,Driving Layup Shot,2PT Field Goal,Restricted Area,Center(C),0,9,2,1
Andrew Wiggins,20211021,Pullup Jump shot,3PT Field Goal,Above the Break 3,Left Side Center(LC),24,-199,151,0
Andrew Wiggins,20211021,Jump Shot,3PT Field Goal,Left Corner 3,Left Side(L),23,-235,2,0
Andrew Wiggins,20211021,Pullup Jump shot,2PT Field Goal,Mid-Range,Left Side Center(LC),21,-142,157,0
Andrew Wiggins,20211021,Turnaround Jump Shot,2PT Field Goal,In The Paint (Non-RA),Center(C),11,-56,104,0
Andrew Wiggins,20211021,Turnaround Jump Shot,2PT Field Goal,In The Paint (Non-RA),Center(C),7,-8,70,0
Andrew Wiggins,20211024,Driving Hook Shot,2PT Field Goal,In The Paint (Non-RA),Center(C),7,-44,63,0
Andrew Wiggins,20211024,Jump Shot,3PT Field Goal,Right Corner 3,Right Side(R),23,237,26,0
Andrew Wiggins,20211024,Tip Layup Shot,2PT Field Goal,Restricted Area,Center(C),0,0,0,1
Andrew Wiggins,20211024,Jump Shot,3PT Field Goal,Right Corner 3,Right Side(R),23,234,27,0
Andrew Wiggins,20211024,Fadeaway Jump Shot,2PT Field Goal,In The Paint (Non-RA),Center(C),12,-40,123,1
Andrew Wiggins,20211024,Running Layup Shot,2PT Field Goal,Restricted Area,Center(C),2,-25,12,0
Andrew Wiggins,20211024,Step Back Jump shot,2PT Field Goal,Mid-Range,Right Side(R),14,147,1,1
Andrew Wiggins,20211024,Layup Shot,2PT Field Goal,Restricted Area,Center(C),1,-16,4,0
Andrew Wiggins,20211024,Tip Layup Shot,2PT Field Goal,Restricted Area,Center(C),0,0,0,1
Andrew Wiggins,20211024,Jump Shot,3PT Field Goal,Above the Break 3,Center(C),25,23,253,1
Andrew Wiggins,20211024,Layup Shot,2PT Field Goal,In The Paint (Non-RA),Center(C),4,6,40,0
Andrew Wiggins,20211024,Jump Shot,3PT Field Goal,Above the Break 3,Center(C),25,9,252,0
Andrew Wiggins,20211024,Jump Shot,3PT Field Goal,Left Corner 3,Left Side(L),23,-233,8,1
Andrew Wiggins,20211026,Jump Shot,3PT Field Goal,Above the Break 3,Right Side Center(RC),25,224,123,0
Andrew Wiggins,20211026,Driving Layup Shot,2PT Field Goal,Restricted Area,Center(C),3,-1,37,0
Andrew Wiggins,20211026,Tip Layup Shot,2PT Field Goal,Restricted Area,Center(C),0,0,0,1
Andrew Wiggins,20211026,Floating Jump shot,2PT Field Goal,In The Paint (Non-RA),Center(C),6,16,58,0
Andrew Wiggins,20211026,Cutting Dunk Shot,2PT Field Goal,Restricted Area,Center(C),1,4,15,1
Andrew Wiggins,20211026,Jump Shot,3PT Field Goal,Above the Break 3,Left Side Center(LC),25,-181,181,0
Andrew Wiggins,20211026,Layup Shot,2PT Field Goal,Restricted Area,Center(C),0,1,8,1
Andrew Wiggins,20211026,Jump Shot,3PT Field Goal,Above the Break 3,Left Side Center(LC),29,-163,249,0
Andrew Wiggins,20211026,Driving Dunk Shot,2PT Field Goal,Restricted Area,Center(C),0,-5,-2,1
Andrew Wiggins,20211026,Driving Layup Shot,2PT Field Goal,Restricted Area,Center(C),0,6,-5,1
Andrew Wiggins,20211026,Pullup Jump shot,2PT Field Goal,Mid-Range,Left Side(L),19,-181,61,0
Andrew Wiggins,20211026,Driving Layup Shot,2PT Field Goal,Restricted Area,Center(C),1,-11,-1,1
Andrew Wiggins,20211026,Hook Shot,2PT Field Goal,Restricted Area,Center(C),2,4,26,1
Andrew Wiggins,20211026,Jump Shot,3PT Field Goal,Above the Break 3,Left Side Center(LC),25,-195,161,0
Andrew Wiggins,20211026,Turnaround Fadeaway shot,2PT Field Goal,Mid-Range,Left Side(L),15,-159,14,1
Andrew Wiggins,20211026,Pullup Jump shot,3PT Field Goal,Above the Break 3,Right Side Center(RC),25,164,192,0
Andrew Wiggins,20211026,Layup Shot,2PT Field Goal,In The Paint (Non-RA),Center(C),6,6,67,1
Andrew Wiggins,20211028,Jump Shot,3PT Field Goal,Above the Break 3,Left Side Center(LC),24,-207,137,0
Andrew Wiggins,20211028,Driving Layup Shot,2PT Field Goal,In The Paint (Non-RA),Center(C),5,20,48,0
Andrew Wiggins,20211028,Running Dunk Shot,2PT Field Goal,Restricted Area,Center(C),1,1,17,1
Andrew Wiggins,20211028,Jump Shot,3PT Field Goal,Above the Break 3,Center(C),27,44,272,1
Andrew Wiggins,20211028,Cutting Layup Shot,2PT Field Goal,Restricted Area,Center(C),1,12,8,0
Andrew Wiggins,20211028,Layup Shot,2PT Field Goal,In The Paint (Non-RA),Center(C),5,-44,34,1
Andrew Wiggins,20211028,Driving Floating Jump Shot,2PT Field Goal,In The Paint (Non-RA),Center(C),5,-6,56,0
Andrew Wiggins,20211028,Jump Shot,3PT Field Goal,Above the Break 3,Right Side Center(RC),25,202,163,0
Andrew Wiggins,20211028,Cutting Dunk Shot,2PT Field Goal,In The Paint (Non-RA),Center(C),5,26,49,1
Andrew Wiggins,20211028,Step Back Jump shot,2PT Field Goal,Mid-Range,Center(C),18,9,185,0
Andrew Wiggins,20211028,Layup Shot,2PT Field Goal,Restricted Area,Center(C),2,-1,25,0
Andrew Wiggins,20211028,Step Back Jump shot,3PT Field Goal,Above the Break 3,Left Side Center(LC),29,-192,221,0
Andrew Wiggins,20211028,Step Back Jump shot,2PT Field Goal,Mid-Range,Center(C),19,-2,194,1
Andrew Wiggins,20211028,Driving Layup Shot,2PT Field Goal,Restricted Area,Center(C),2,22,18,1
Andrew Wiggins,20211028,Cutting Layup Shot,2PT Field Goal,In The Paint (Non-RA),Center(C),5,-31,41,1
Andrew Wiggins,20211030,Pullup Jump shot,2PT Field Goal,Mid-Range,Right Side(R),15,153,20,0
Andrew Wiggins,20211030,Jump Shot,3PT Field Goal,Above the Break 3,Left Side Center(LC),25,-167,189,1
Andrew Wiggins,20211030,Pullup Jump shot,2PT Field Goal,In The Paint (Non-RA),Center(C),7,-33,70,0
Andrew Wiggins,20211030,Layup Shot,2PT Field Goal,Restricted Area,Center(C),0,-1,1,0
Andrew Wiggins,20211030,Jump Shot,2PT Field Goal,Mid-Range,Right Side Center(RC),19,118,149,0
Andrew Wiggins,20211030,Jump Shot,3PT Field Goal,Above the Break 3,Center(C),25,20,251,1
Andrew Wiggins,20211030,Jump Shot,3PT Field Goal,Left Corner 3,Left Side(L),22,-227,22,1
Andrew Wiggins,20211030,Alley Oop Dunk Shot,2PT Field Goal,Restricted Area,Center(C),0,0,8,1
Andrew Wiggins,20211030,Jump Shot,2PT Field Goal,Restricted Area,Center(C),1,-9,8,0
Andrew Wiggins,20211030,Jump Shot,3PT Field Goal,Above the Break 3,Right Side Center(RC),25,138,213,1
Andrew Wiggins,20211030,Tip Dunk Shot,2PT Field Goal,Restricted Area,Center(C),0,0,0,0
Andrew Wiggins,20211030,Turnaround Hook Shot,2PT Field Goal,In The Paint (Non-RA),Center(C),4,21,35,0
Andrew Wiggins,20211030,Jump Shot,3PT Field Goal,Above the Break 3,Right Side Center(RC),24,136,208,0
Andrew Wiggins,20211103,Jump Shot,3PT Field Goal,Above the Break 3,Left Side Center(LC),26,-179,193,0
Andrew Wiggins,20211103,Jump Shot,3PT Field Goal,Left Corner 3,Left Side(L),23,-230,32,0
Andrew Wiggins,20211103,Pullup Jump shot,2PT Field Goal,Mid-Range,Left Side(L),19,-162,111,0
Andrew Wiggins,20211103,Jump Shot,3PT Field Goal,Right Corner 3,Right Side(R),23,233,7,0
Andrew Wiggins,20211103,Dunk Shot,2PT Field Goal,Restricted Area,Center(C),2,6,22,0
Andrew Wiggins,20211103,Jump Shot,3PT Field Goal,Above the Break 3,Right Side Center(RC),26,185,196,0
Andrew Wiggins,20211103,Driving Layup Shot,2PT Field Goal,In The Paint (Non-RA),Center(C),4,28,40,1
Andrew Wiggins,20211103,Jump Shot,3PT Field Goal,Left Corner 3,Left Side(L),22,-227,35,1
Andrew Wiggins,20211103,Pullup Jump shot,2PT Field Goal,In The Paint (Non-RA),Center(C),11,32,111,0
Andrew Wiggins,20211103,Driving Layup Shot,2PT Field Goal,Restricted Area,Center(C),3,18,32,0
Andrew Wiggins,20211103,Jump Shot,3PT Field Goal,Left Corner 3,Left Side(L),22,-228,-10,1
Andrew Wiggins,20211103,Cutting Layup Shot,2PT Field Goal,Restricted Area,Center(C),1,13,14,1
Andrew Wiggins,20211105,Layup Shot,2PT Field Goal,Restricted Area,Center(C),3,10,29,1
Andrew Wiggins,20211105,Cutting Layup Shot,2PT Field Goal,In The Paint (Non-RA),Center(C),7,6,71,1
Andrew Wiggins,20211105,Pullup Jump shot,2PT Field Goal,Mid-Range,Left Side(L),14,-140,35,1
Andrew Wiggins,20211105,Jump Shot,3PT Field Goal,Right Corner 3,Right Side(R),22,229,9,0
Andrew Wiggins,20211105,Pullup Jump shot,3PT Field Goal,Above the Break 3,Center(C),25,49,246,0
Andrew Wiggins,20211105,Driving Layup Shot,2PT Field Goal,In The Paint (Non-RA),Center(C),6,26,56,0
Andrew Wiggins,20211105,Layup Shot,2PT Field Goal,In The Paint (Non-RA),Center(C),4,22,34,0
Andrew Wiggins,20211105,Jump Shot,3PT Field Goal,Above the Break 3,Left Side Center(LC),25,-188,179,0
Andrew Wiggins,20211105,Jump Shot,3PT Field Goal,Left Corner 3,Left Side(L),22,-221,-15,0
Andrew Wiggins,20211105,Turnaround Fadeaway shot,2PT Field Goal,Mid-Range,Right Side(R),15,124,86,0
Andrew Wiggins,20211105,Step Back Jump shot,2PT Field Goal,Mid-Range,Right Side(R),16,151,60,1
Andrew Wiggins,20211105,Cutting Dunk Shot,2PT Field Goal,Restricted Area,Center(C),3,20,25,1
Andrew Wiggins,20211105,Jump Shot,3PT Field Goal,Right Corner 3,Right Side(R),22,228,22,1
Andrew Wiggins,20211107,Turnaround Fadeaway shot,2PT Field Goal,Mid-Range,Right Side(R),13,119,62,0
Andrew Wiggins,20211107,Driving Dunk Shot,2PT Field Goal,Restricted Area,Center(C),0,-2,7,1
Andrew Wiggins,20211107,Jump Shot,3PT Field Goal,Left Corner 3,Left Side(L),23,-225,75,1
Andrew Wiggins,20211107,Tip Layup Shot,2PT Field Goal,Restricted Area,Center(C),0,0,0,1
Andrew Wiggins,20211107,Running Alley Oop Dunk Shot,2PT Field Goal,Restricted Area,Center(C),1,-4,13,1
Andrew Wiggins,20211107,Jump Shot,3PT Field Goal,Above the Break 3,Center(C),25,-1,251,0
Andrew Wiggins,20211107,Jump Shot,3PT Field Goal,Above the Break 3,Left Side Center(LC),27,-184,207,0
Andrew Wiggins,20211107,Jump Shot,3PT Field Goal,Above the Break 3,Center(C),26,-54,256,0
Andrew Wiggins,20211107,Jump Shot,3PT Field Goal,Above the Break 3,Left Side Center(LC),24,-190,152,0
Andrew Wiggins,20211107,Jump Shot,2PT Field Goal,Mid-Range,Right Side(R),14,96,111,0
Andrew Wiggins,20211107,Jump Shot,3PT Field Goal,Left Corner 3,Left Side(L),24,-237,39,0
Andrew Wiggins,20211108,Jump Shot,3PT Field Goal,Above the Break 3,Left Side Center(LC),29,-178,232,0
Andrew Wiggins,20211108,Running Alley Oop Dunk Shot,2PT Field Goal,In The Paint (Non-RA),Center(C),4,29,29,0
Andrew Wiggins,20211108,Jump Shot,3PT Field Goal,Above the Break 3,Left Side Center(LC),26,-202,179,0
Andrew Wiggins,20211108,Cutting Dunk Shot,2PT Field Goal,Restricted Area,Center(C),3,18,29,1
Andrew Wiggins,20211108,Alley Oop Dunk Shot,2PT Field Goal,Restricted Area,Center(C),3,16,26,0
Andrew Wiggins,20211108,Putback Layup Shot,2PT Field Goal,Restricted Area,Center(C),0,0,0,1
Andrew Wiggins,20211108,Jump Shot,3PT Field Goal,Above the Break 3,Left Side Center(LC),28,-178,221,0
Andrew Wiggins,20211108,Turnaround Jump Shot,2PT Field Goal,In The Paint (Non-RA),Left Side(L),8,-47,65,0
Andrew Wiggins,20211108,Turnaround Hook Shot,2PT Field Goal,In The Paint (Non-RA),Center(C),4,-26,39,1
Andrew Wiggins,20211108,Alley Oop Dunk Shot,2PT Field Goal,Restricted Area,Center(C),2,0,27,1
Andrew Wiggins,20211108,Turnaround Fadeaway shot,2PT Field Goal,In The Paint (Non-RA),Center(C),8,11,83,0
Andrew Wiggins,20211108,Jump Shot,3PT Field Goal,Right Corner 3,Right Side(R),22,228,13,1
Andrew Wiggins,20211110,Pullup Jump shot,2PT Field Goal,Mid-Range,Right Side Center(RC),19,89,176,1
Andrew Wiggins,20211110,Jump Shot,3PT Field Goal,Left Corner 3,Left Side(L),22,-229,-1,1
Andrew Wiggins,20211110,Layup Shot,2PT Field Goal,Restricted Area,Center(C),1,-9,16,1
Andrew Wiggins,20211110,Running Layup Shot,2PT Field Goal,In The Paint (Non-RA),Center(C),4,21,42,1
Andrew Wiggins,20211110,Pullup Jump shot,2PT Field Goal,Mid-Range,Center(C),21,-48,212,1
Andrew Wiggins,20211110,Jump Shot,3PT Field Goal,Above the Break 3,Left Side Center(LC),26,-186,195,1
Andrew Wiggins,20211110,Running Dunk Shot,2PT Field Goal,Restricted Area,Center(C),3,20,31,1
Andrew Wiggins,20211110,Driving Dunk Shot,2PT Field Goal,Restricted Area,Center(C),3,-29,13,1
Andrew Wiggins,20211110,Running Finger Roll Layup Shot,2PT Field Goal,Restricted Area,Center(C),3,-31,16,1
Andrew Wiggins,20211110,Pullup Jump shot,2PT Field Goal,Mid-Range,Left Side(L),14,-137,53,1
Andrew Wiggins,20211110,Pullup Jump shot,2PT Field Goal,Mid-Range,Right Side Center(RC),21,138,167,0
Andrew Wiggins,20211110,Jump Shot,3PT Field Goal,Left Corner 3,Left Side(L),22,-224,1,0
Andrew Wiggins,20211110,Jump Shot,3PT Field Goal,Above the Break 3,Left Side Center(LC),26,-113,236,0
Andrew Wiggins,20211110,Driving Layup Shot,2PT Field Goal,In The Paint (Non-RA),Center(C),5,45,24,0
Andrew Wiggins,20211110,Pullup Jump shot,2PT Field Goal,In The Paint (Non-RA),Center(C),13,0,135,1
Andrew Wiggins,20211110,Cutting Dunk Shot,2PT Field Goal,Restricted Area,Center(C),3,4,30,1
Andrew Wiggins,20211110,Jump Shot,3PT Field Goal,Above the Break 3,Right Side Center(RC),27,86,262,1
Andrew Wiggins,20211110,Tip Layup Shot,2PT Field Goal,Restricted Area,Center(C),0,0,0,1
Andrew Wiggins,20211110,Jump Shot,3PT Field Goal,Above the Break 3,Left Side Center(LC),25,-172,187,0
Andrew Wiggins,20211112,Jump Shot,2PT Field Goal,Mid-Range,Right Side(R),15,146,48,0
Andrew Wiggins,20211112,Driving Layup Shot,2PT Field Goal,In The Paint (Non-RA),Center(C),4,-2,45,1
Andrew Wiggins,20211112,Jump Shot,3PT Field Goal,Left Corner 3,Left Side(L),22,-229,6,0
Andrew Wiggins,20211112,Putback Layup Shot,2PT Field Goal,Restricted Area,Center(C),1,0,11,1
Andrew Wiggins,20211112,Jump Shot,3PT Field Goal,Above the Break 3,Left Side Center(LC),25,-134,220,0
Andrew Wiggins,20211112,Driving Hook Shot,2PT Field Goal,In The Paint (Non-RA),Center(C),5,15,52,0
Andrew Wiggins,20211112,Tip Layup Shot,2PT Field Goal,Restricted Area,Center(C),0,0,0,0
Andrew Wiggins,20211112,Putback Layup Shot,2PT Field Goal,Restricted Area,Center(C),0,0,0,1
Andrew Wiggins,20211112,Turnaround Fadeaway shot,2PT Field Goal,Mid-Range,Right Side Center(RC),18,131,137,1
Andrew Wiggins,20211112,Step Back Jump shot,2PT Field Goal,Mid-Range,Right Side(R),18,183,38,0
Andrew Wiggins,20211112,Driving Finger Roll Layup Shot,2PT Field Goal,In The Paint (Non-RA),Center(C),5,-39,37,1
Andrew Wiggins,20211112,Pullup Jump shot,2PT Field Goal,Mid-Range,Left Side Center(LC),18,-114,147,0
Andrew Wiggins,20211112,Driving Layup Shot,2PT Field Goal,In The Paint (Non-RA),Center(C),7,-54,53,0
Andrew Wiggins,20211112,Jump Shot,3PT Field Goal,Left Corner 3,Left Side(L),22,-229,10,0
Andrew Wiggins,20211112,Jump Shot,3PT Field Goal,Above the Break 3,Left Side Center(LC),26,-179,200,0
Andrew Wiggins,20211114,Pullup Jump shot,2PT Field Goal,Mid-Range,Left Side(L),15,-151,30,0
Andrew Wiggins,20211114,Running Dunk Shot,2PT Field Goal,Restricted Area,Center(C),0,-2,9,1
Andrew Wiggins,20211114,Jump Shot,3PT Field Goal,Above the Break 3,Left Side Center(LC),24,-121,216,1
Andrew Wiggins,20211114,Cutting Dunk Shot,2PT Field Goal,Restricted Area,Center(C),1,-12,5,1
Andrew Wiggins,20211114,Floating Jump shot,2PT Field Goal,In The Paint (Non-RA),Center(C),7,59,46,0
Andrew Wiggins,20211114,Driving Dunk Shot,2PT Field Goal,Restricted Area,Center(C),1,-6,11,1
Andrew Wiggins,20211114,Fadeaway Jump Shot,2PT Field Goal,Mid-Range,Right Side Center(RC),17,125,122,1
Andrew Wiggins,20211114,Jump Shot,3PT Field Goal,Above the Break 3,Center(C),26,18,260,0
Andrew Wiggins,20211114,Jump Shot,3PT Field Goal,Above the Break 3,Left Side Center(LC),25,-129,221,1
Andrew Wiggins,20211114,Jump Shot,3PT Field Goal,Left Corner 3,Left Side(L),23,-232,-4,0
Andrew Wiggins,20211114,Running Layup Shot,2PT Field Goal,Restricted Area,Center(C),1,-10,13,1
Andrew Wiggins,20211114,Jump Shot,3PT Field Goal,Above the Break 3,Right Side Center(RC),26,145,222,1
Andrew Wiggins,20211114,Turnaround Hook Shot,2PT Field Goal,In The Paint (Non-RA),Center(C),6,12,68,1
Andrew Wiggins,20211114,Floating Jump shot,2PT Field Goal,Mid-Range,Right Side(R),10,100,23,0
Andrew Wiggins,20211114,Cutting Dunk Shot,2PT Field Goal,Restricted Area,Center(C),1,15,2,1
Andrew Wiggins,20211114,Running Layup Shot,2PT Field Goal,Restricted Area,Center(C),1,5,11,1
Andrew Wiggins,20211114,Driving Floating Jump Shot,2PT Field Goal,Restricted Area,Center(C),3,-17,34,1
Andrew Wiggins,20211114,Jump Shot,3PT Field Goal,Above the Break 3,Left Side Center(LC),29,-185,228,0
Andrew Wiggins,20211114,Jump Shot,3PT Field Goal,Above the Break 3,Right Side Center(RC),26,113,238,0
Andrew Wiggins,20211116,Floating Jump shot,2PT Field Goal,In The Paint (Non-RA),Center(C),10,12,103,0
Andrew Wiggins,20211116,Pullup Jump shot,3PT Field Goal,Above the Break 3,Center(C),25,-69,248,0
Andrew Wiggins,20211116,Pullup Jump shot,2PT Field Goal,Mid-Range,Right Side(R),19,180,71,0
Andrew Wiggins,20211116,Cutting Layup Shot,2PT Field Goal,Restricted Area,Center(C),1,-17,10,1
Andrew Wiggins,20211116,Driving Layup Shot,2PT Field Goal,Restricted Area,Center(C),2,27,-4,0
Andrew Wiggins,20211116,Driving Dunk Shot,2PT Field Goal,Restricted Area,Center(C),0,-1,8,1
Andrew Wiggins,20211116,Jump Shot,3PT Field Goal,Above the Break 3,Center(C),26,71,255,1
Andrew Wiggins,20211116,Running Jump Shot,3PT Field Goal,Above the Break 3,Right Side Center(RC),26,180,192,1
Andrew Wiggins,20211116,Cutting Layup Shot,2PT Field Goal,Restricted Area,Center(C),0,-4,7,1
Andrew Wiggins,20211116,Pullup Jump shot,2PT Field Goal,Mid-Range,Left Side(L),21,-182,111,1
Andrew Wiggins,20211116,Running Layup Shot,2PT Field Goal,Restricted Area,Center(C),1,10,15,1
Andrew Wiggins,20211118,Jump Shot,3PT Field Goal,Above the Break 3,Left Side Center(LC),26,-119,237,0
Andrew Wiggins,20211118,Layup Shot,2PT Field Goal,Restricted Area,Center(C),1,-15,8,0
Andrew Wiggins,20211118,Jump Shot,3PT Field Goal,Right Corner 3,Right Side(R),23,234,17,0
Andrew Wiggins,20211118,Turnaround Hook Shot,2PT Field Goal,In The Paint (Non-RA),Center(C),4,-6,45,1
Andrew Wiggins,20211118,Jump Shot,3PT Field Goal,Above the Break 3,Left Side Center(LC),25,-159,194,0
Andrew Wiggins,20211118,Turnaround Jump Shot,2PT Field Goal,Restricted Area,Center(C),3,5,35,1
Andrew Wiggins,20211118,Step Back Jump shot,2PT Field Goal,Mid-Range,Left Side Center(LC),19,-82,180,1
Andrew Wiggins,20211118,Jump Shot,3PT Field Goal,Right Corner 3,Right Side(R),22,222,11,0
Andrew Wiggins,20211118,Cutting Layup Shot,2PT Field Goal,Restricted Area,Center(C),1,1,11,1
Andrew Wiggins,20211118,Pullup Jump shot,2PT Field Goal,In The Paint (Non-RA),Center(C),9,-2,99,1
Andrew Wiggins,20211118,Jump Shot,3PT Field Goal,Above the Break 3,Left Side Center(LC),28,-105,267,0
Andrew Wiggins,20211119,Pullup Jump shot,2PT Field Goal,Mid-Range,Right Side Center(RC),19,82,172,1
Andrew Wiggins,20211119,Jump Shot,3PT Field Goal,Left Corner 3,Left Side(L),23,-235,36,0
Andrew Wiggins,20211119,Driving Floating Jump Shot,2PT Field Goal,Restricted Area,Center(C),2,-5,29,1
Andrew Wiggins,20211119,Driving Layup Shot,2PT Field Goal,Restricted Area,Center(C),2,-22,5,1
Andrew Wiggins,20211119,Pullup Jump shot,2PT Field Goal,Mid-Range,Right Side Center(RC),19,145,127,1
Andrew Wiggins,20211119,Pullup Jump shot,3PT Field Goal,Above the Break 3,Left Side Center(LC),26,-172,198,0
Andrew Wiggins,20211119,Driving Layup Shot,2PT Field Goal,Restricted Area,Center(C),2,-20,11,0
Andrew Wiggins,20211119,Jump Shot,3PT Field Goal,Above the Break 3,Left Side Center(LC),26,-181,195,1
Andrew Wiggins,20211119,Driving Hook Shot,2PT Field Goal,Restricted Area,Center(C),3,4,34,0
Andrew Wiggins,20211119,Step Back Jump shot,2PT Field Goal,Mid-Range,Center(C),21,45,209,1
Andrew Wiggins,20211119,Alley Oop Dunk Shot,2PT Field Goal,Restricted Area,Center(C),3,-16,31,0
Andrew Wiggins,20211119,Putback Layup Shot,2PT Field Goal,Restricted Area,Center(C),1,-10,11,1
Andrew Wiggins,20211119,Running Dunk Shot,2PT Field Goal,Restricted Area,Center(C),3,-2,39,1
Andrew Wiggins,20211119,Jump Shot,3PT Field Goal,Left Corner 3,Left Side(L),23,-235,41,0
Andrew Wiggins,20211119,Step Back Jump shot,2PT Field Goal,Mid-Range,Right Side(R),11,93,62,1
Andrew Wiggins,20211119,Turnaround Fadeaway shot,2PT Field Goal,In The Paint (Non-RA),Center(C),7,-1,78,0
Andrew Wiggins,20211119,Pullup Jump shot,2PT Field Goal,Mid-Range,Left Side(L),16,-161,8,0
Andrew Wiggins,20211119,Step Back Jump shot,2PT Field Goal,Mid-Range,Center(C),20,-40,206,0
Andrew Wiggins,20211119,Layup Shot,2PT Field Goal,Restricted Area,Center(C),2,-20,2,0
Andrew Wiggins,20211121,Jump Shot,3PT Field Goal,Left Corner 3,Left Side(L),23,-239,-8,1
Andrew Wiggins,20211121,Driving Layup Shot,2PT Field Goal,Restricted Area,Center(C),3,34,15,1
Andrew Wiggins,20211121,Cutting Dunk Shot,2PT Field Goal,Restricted Area,Center(C),3,-2,36,1
Andrew Wiggins,20211121,Jump Shot,3PT Field Goal,Left Corner 3,Left Side(L),23,-232,-24,1
Andrew Wiggins,20211121,Turnaround Hook Shot,2PT Field Goal,In The Paint (Non-RA),Center(C),7,-11,73,0
Andrew Wiggins,20211121,Pullup Jump shot,3PT Field Goal,Above the Break 3,Left Side Center(LC),27,-190,201,1
Andrew Wiggins,20211121,Turnaround Fadeaway shot,2PT Field Goal,Mid-Range,Left Side(L),17,-152,80,0
Andrew Wiggins,20211121,Turnaround Hook Shot,2PT Field Goal,In The Paint (Non-RA),Center(C),8,-43,78,0
Andrew Wiggins,20211121,Jump Shot,3PT Field Goal,Left Corner 3,Left Side(L),22,-227,12,1
Andrew Wiggins,20211121,Step Back Jump shot,2PT Field Goal,Mid-Range,Right Side(R),13,124,46,0
Andrew Wiggins,20211121,Step Back Jump shot,2PT Field Goal,Mid-Range,Left Side(L),16,-159,32,0
Andrew Wiggins,20211121,Jump Shot,3PT Field Goal,Left Corner 3,Left Side(L),24,-229,75,1
Andrew Wiggins,20211121,Jump Shot,3PT Field Goal,Left Corner 3,Left Side(L),22,-227,22,1
Andrew Wiggins,20211121,Jump Shot,3PT Field Goal,Right Corner 3,Right Side(R),24,238,34,0
Andrew Wiggins,20211121,Cutting Dunk Shot,2PT Field Goal,Restricted Area,Center(C),2,26,6,1
Andrew Wiggins,20211121,Step Back Jump shot,2PT Field Goal,Mid-Range,Right Side(R),17,165,69,0
Andrew Wiggins,20211121,Jump Shot,3PT Field Goal,Left Corner 3,Left Side(L),22,-227,6,0
Andrew Wiggins,20211121,Running Finger Roll Layup Shot,2PT Field Goal,Restricted Area,Center(C),2,25,14,1
Andrew Wiggins,20211121,Driving Layup Shot,2PT Field Goal,Restricted Area,Center(C),2,-15,25,1
Andrew Wiggins,20211121,Layup Shot,2PT Field Goal,In The Paint (Non-RA),Center(C),4,43,25,1
Andrew Wiggins,20211124,Jump Shot,3PT Field Goal,Left Corner 3,Left Side(L),23,-223,74,0
Andrew Wiggins,20211124,Jump Shot,3PT Field Goal,Left Corner 3,Left Side(L),22,-229,17,0
Andrew Wiggins,20211124,Running Layup Shot,2PT Field Goal,Restricted Area,Center(C),2,23,13,1
Andrew Wiggins,20211124,Driving Floating Jump Shot,2PT Field Goal,In The Paint (Non-RA),Center(C),8,28,82,1
Andrew Wiggins,20211124,Layup Shot,2PT Field Goal,Restricted Area,Center(C),3,-29,8,1
Andrew Wiggins,20211124,Step Back Jump shot,2PT Field Goal,Mid-Range,Center(C),18,-47,182,0
Andrew Wiggins,20211124,Running Alley Oop Dunk Shot,2PT Field Goal,Restricted Area,Center(C),2,-12,21,1
Andrew Wiggins,20211124,Jump Shot,3PT Field Goal,Above the Break 3,Right Side Center(RC),27,190,194,1
Andrew Wiggins,20211124,Jump Shot,3PT Field Goal,Above the Break 3,Center(C),26,-38,260,0
Andrew Wiggins,20211124,Turnaround Fadeaway shot,2PT Field Goal,Mid-Range,Left Side(L),15,-140,71,0
Andrew Wiggins,20211124,Pullup Jump shot,3PT Field Goal,Above the Break 3,Left Side Center(LC),26,-125,231,0
Andrew Wiggins,20211124,Driving Layup Shot,2PT Field Goal,Restricted Area,Center(C),3,-18,31,1
Andrew Wiggins,20211124,Jump Shot,3PT Field Goal,Above the Break 3,Left Side Center(LC),25,-165,193,1
Andrew Wiggins,20211126,Driving Layup Shot,2PT Field Goal,Restricted Area,Center(C),2,18,18,1
Andrew Wiggins,20211126,Jump Shot,3PT Field Goal,Left Corner 3,Left Side(L),23,-238,15,1
Andrew Wiggins,20211126,Layup Shot,2PT Field Goal,In The Paint (Non-RA),Center(C),4,-28,29,0
Andrew Wiggins,20211126,Tip Layup Shot,2PT Field Goal,Restricted Area,Center(C),0,0,0,1
Andrew Wiggins,20211126,Turnaround Jump Shot,2PT Field Goal,In The Paint (Non-RA),Center(C),9,20,92,0
Andrew Wiggins,20211126,Step Back Jump shot,2PT Field Goal,Mid-Range,Left Side(L),18,-180,58,1
Andrew Wiggins,20211126,Layup Shot,2PT Field Goal,Restricted Area,Center(C),3,28,13,1
Andrew Wiggins,20211126,Turnaround Jump Shot,2PT Field Goal,In The Paint (Non-RA),Center(C),8,-1,85,0
Andrew Wiggins,20211126,Alley Oop Dunk Shot,2PT Field Goal,Restricted Area,Center(C),1,-16,10,1
Andrew Wiggins,20211126,Jump Shot,3PT Field Goal,Above the Break 3,Left Side Center(LC),26,-188,190,0
Andrew Wiggins,20211126,Layup Shot,2PT Field Goal,Restricted Area,Center(C),2,18,21,1
Andrew Wiggins,20211126,Driving Hook Shot,2PT Field Goal,In The Paint (Non-RA),Center(C),4,-13,46,1
Andrew Wiggins,20211126,Layup Shot,2PT Field Goal,In The Paint (Non-RA),Center(C),6,-7,67,0
Andrew Wiggins,20211126,Jump Shot,3PT Field Goal,Left Corner 3,Left Side(L),22,-225,13,1
Andrew Wiggins,20211126,Jump Shot,3PT Field Goal,Above the Break 3,Right Side Center(RC),27,148,231,0
Andrew Wiggins,20211126,Pullup Jump shot,3PT Field Goal,Above the Break 3,Right Side Center(RC),27,175,210,1
Andrew Wiggins,20211128,Running Pull-Up Jump Shot,2PT Field Goal,Mid-Range,Right Side(R),11,109,18,0
Andrew Wiggins,20211128,Running Dunk Shot,2PT Field Goal,Restricted Area,Center(C),0,1,5,1
Andrew Wiggins,20211128,Jump Shot,3PT Field Goal,Above the Break 3,Left Side Center(LC),25,-151,211,1
Andrew Wiggins,20211128,Jump Shot,3PT Field Goal,Above the Break 3,Right Side Center(RC),24,200,143,0
Andrew Wiggins,20211128,Floating Jump shot,2PT Field Goal,In The Paint (Non-RA),Center(C),5,0,50,0
Andrew Wiggins,20211128,Layup Shot,2PT Field Goal,Restricted Area,Center(C),2,-25,5,1
Andrew Wiggins,20211128,Pullup Jump shot,2PT Field Goal,In The Paint (Non-RA),Right Side(R),12,75,94,0
Andrew Wiggins,20211128,Jump Shot,3PT Field Goal,Above the Break 3,Left Side Center(LC),26,-102,244,0
Andrew Wiggins,20211128,Driving Layup Shot,2PT Field Goal,Restricted Area,Center(C),2,-20,15,0
Andrew Wiggins,20211128,Jump Shot,3PT Field Goal,Above the Break 3,Left Side Center(LC),25,-192,163,0
Andrew Wiggins,20211128,Pullup Jump shot,2PT Field Goal,In The Paint (Non-RA),Center(C),14,-66,124,0
Andrew Wiggins,20211128,Jump Shot,3PT Field Goal,Left Corner 3,Left Side(L),24,-234,58,1
Andrew Wiggins,20211130,Jump Shot,3PT Field Goal,Above the Break 3,Left Side Center(LC),25,-222,122,0
Andrew Wiggins,20211130,Alley Oop Dunk Shot,2PT Field Goal,Restricted Area,Center(C),3,36,3,1
Andrew Wiggins,20211130,Turnaround Jump Shot,2PT Field Goal,In The Paint (Non-RA),Center(C),6,0,66,0
Andrew Wiggins,20211130,Running Layup Shot,2PT Field Goal,Restricted Area,Center(C),3,18,27,1
Andrew Wiggins,20211130,Driving Finger Roll Layup Shot,2PT Field Goal,In The Paint (Non-RA),Center(C),7,51,51,1
Andrew Wiggins,20211130,Hook Shot,2PT Field Goal,In The Paint (Non-RA),Center(C),4,15,41,0
Andrew Wiggins,20211130,Pullup Jump shot,2PT Field Goal,Mid-Range,Left Side Center(LC),18,-94,158,0
Andrew Wiggins,20211130,Pullup Jump shot,2PT Field Goal,Mid-Range,Left Side Center(LC),19,-138,131,0
Andrew Wiggins,20211130,Driving Floating Jump Shot,2PT Field Goal,In The Paint (Non-RA),Left Side(L),8,-55,59,1
Andrew Wiggins,20211130,Driving Layup Shot,2PT Field Goal,In The Paint (Non-RA),Center(C),5,45,32,0
Andrew Wiggins,20211130,Pullup Jump shot,2PT Field Goal,Mid-Range,Center(C),14,28,141,0
Andrew Wiggins,20211130,Driving Layup Shot,2PT Field Goal,In The Paint (Non-RA),Center(C),5,-22,48,0
Andrew Wiggins,20211203,Driving Floating Jump Shot,2PT Field Goal,In The Paint (Non-RA),Center(C),7,6,75,0
Andrew Wiggins,20211203,Turnaround Hook Shot,2PT Field Goal,In The Paint (Non-RA),Center(C),5,-49,25,1
Andrew Wiggins,20211203,Jump Shot,3PT Field Goal,Left Corner 3,Left Side(L),23,-237,-23,1
Andrew Wiggins,20211203,Dunk Shot,2PT Field Goal,Restricted Area,Center(C),1,4,19,1
Andrew Wiggins,20211203,Pullup Jump shot,2PT Field Goal,Mid-Range,Left Side Center(LC),18,-88,159,0
Andrew Wiggins,20211203,Jump Shot,3PT Field Goal,Above the Break 3,Right Side Center(RC),25,174,193,0
Andrew Wiggins,20211203,Turnaround Jump Shot,2PT Field Goal,In The Paint (Non-RA),Center(C),7,-6,71,1
Andrew Wiggins,20211203,Alley Oop Dunk Shot,2PT Field Goal,In The Paint (Non-RA),Center(C),4,2,48,0
Andrew Wiggins,20211203,Jump Shot,3PT Field Goal,Left Corner 3,Left Side(L),23,-227,59,0
Andrew Wiggins,20211203,Step Back Jump shot,2PT Field Goal,Mid-Range,Right Side Center(RC),17,74,158,1
Andrew Wiggins,20211203,Driving Floating Jump Shot,2PT Field Goal,In The Paint (Non-RA),Center(C),9,-2,96,1
Andrew Wiggins,20211203,Jump Shot,3PT Field Goal,Left Corner 3,Left Side(L),23,-232,-17,1
Andrew Wiggins,20211203,Pullup Jump shot,2PT Field Goal,Mid-Range,Center(C),16,-5,167,0
Andrew Wiggins,20211203,Jump Shot,3PT Field Goal,Above the Break 3,Right Side Center(RC),27,211,184,0
Andrew Wiggins,20211203,Jump Shot,3PT Field Goal,Above the Break 3,Right Side Center(RC),26,154,220,0
Andrew Wiggins,20211203,Jump Shot,3PT Field Goal,Left Corner 3,Left Side(L),23,-230,-5,1
Andrew Wiggins,20211204,Jump Shot,3PT Field Goal,Above the Break 3,Left Side Center(LC),25,-159,194,1
Andrew Wiggins,20211204,Step Back Jump shot,3PT Field Goal,Mid-Range,Left Side(L),22,-219,54,0
Andrew Wiggins,20211204,Driving Layup Shot,2PT Field Goal,Restricted Area,Center(C),2,18,18,0
Andrew Wiggins,20211204,Jump Shot,3PT Field Goal,Above the Break 3,Left Side Center(LC),26,-191,181,1
Andrew Wiggins,20211204,Driving Layup Shot,2PT Field Goal,Restricted Area,Center(C),2,20,20,0
Andrew Wiggins,20211204,Step Back Jump shot,2PT Field Goal,Mid-Range,Left Side(L),14,-140,6,1
Andrew Wiggins,20211204,Step Back Jump shot,2PT Field Goal,Mid-Range,Right Side(R),16,165,-4,0
Andrew Wiggins,20211204,Floating Jump shot,2PT Field Goal,In The Paint (Non-RA),Right Side(R),9,54,73,0
Andrew Wiggins,20211204,Turnaround Fadeaway Bank Jump Shot,2PT Field Goal,Restricted Area,Center(C),3,26,21,0
Andrew Wiggins,20211206,Jump Shot,3PT Field Goal,Above the Break 3,Left Side Center(LC),26,-190,179,0
Andrew Wiggins,20211206,Driving Layup Shot,2PT Field Goal,In The Paint (Non-RA),Center(C),7,-9,71,0
Andrew Wiggins,20211206,Jump Shot,3PT Field Goal,Above the Break 3,Left Side Center(LC),25,-203,158,1
Andrew Wiggins,20211206,Turnaround Hook Shot,2PT Field Goal,In The Paint (Non-RA),Center(C),6,-15,64,0
Andrew Wiggins,20211206,Pullup Jump shot,2PT Field Goal,Mid-Range,Left Side(L),16,-164,22,0
Andrew Wiggins,20211206,Tip Layup Shot,2PT Field Goal,Restricted Area,Center(C),0,0,0,0
Andrew Wiggins,20211206,Step Back Jump shot,2PT Field Goal,Mid-Range,Right Side(R),16,161,-12,1
Andrew Wiggins,20211206,Jump Shot,3PT Field Goal,Above the Break 3,Left Side Center(LC),26,-200,167,1
Andrew Wiggins,20211206,Step Back Jump shot,3PT Field Goal,Above the Break 3,Right Side Center(RC),25,227,114,1
Andrew Wiggins,20211206,Jump Shot,3PT Field Goal,Left Corner 3,Left Side(L),23,-239,-17,0
Andrew Wiggins,20211206,Jump Shot,3PT Field Goal,Left Corner 3,Left Side(L),23,-233,37,1
Andrew Wiggins,20211206,Jump Shot,3PT Field Goal,Left Corner 3,Left Side(L),23,-238,13,1
Andrew Wiggins,20211206,Pullup Jump shot,3PT Field Goal,Above the Break 3,Center(C),27,-78,259,1
Andrew Wiggins,20211206,Jump Shot,3PT Field Goal,Above the Break 3,Left Side Center(LC),27,-221,160,1
Andrew Wiggins,20211206,Step Back Jump shot,3PT Field Goal,Above the Break 3,Right Side Center(RC),24,230,97,1
Andrew Wiggins,20211206,Pullup Jump shot,2PT Field Goal,Mid-Range,Right Side(R),17,147,97,0
Andrew Wiggins,20211206,Floating Jump shot,2PT Field Goal,In The Paint (Non-RA),Left Side(L),8,-49,64,0
Andrew Wiggins,20211208,Driving Floating Jump Shot,2PT Field Goal,In The Paint (Non-RA),Center(C),9,31,94,1
Andrew Wiggins,20211208,Floating Jump shot,2PT Field Goal,In The Paint (Non-RA),Right Side(R),9,52,80,1
Andrew Wiggins,20211208,Jump Shot,3PT Field Goal,Left Corner 3,Left Side(L),22,-225,10,0
Andrew Wiggins,20211208,Jump Shot,3PT Field Goal,Above the Break 3,Center(C),25,-36,254,1
Andrew Wiggins,20211208,Jump Shot,3PT Field Goal,Above the Break 3,Left Side Center(LC),24,-224,88,0
Andrew Wiggins,20211208,Layup Shot,2PT Field Goal,In The Paint (Non-RA),Center(C),4,36,32,0
Andrew Wiggins,20211208,Jump Shot,3PT Field Goal,Above the Break 3,Center(C),26,17,269,1
Andrew Wiggins,20211208,Step Back Jump shot,2PT Field Goal,Mid-Range,Center(C),19,53,192,0
Andrew Wiggins,20211208,Pullup Jump shot,3PT Field Goal,Above the Break 3,Right Side Center(RC),28,186,222,0
Andrew Wiggins,20211211,Jump Shot,3PT Field Goal,Above the Break 3,Left Side Center(LC),27,-94,259,1
Andrew Wiggins,20211211,Turnaround Jump Shot,2PT Field Goal,Restricted Area,Center(C),2,-1,26,0
Andrew Wiggins,20211211,Cutting Dunk Shot,2PT Field Goal,Restricted Area,Center(C),0,-2,2,1
Andrew Wiggins,20211211,Pullup Jump shot,2PT Field Goal,Mid-Range,Right Side Center(RC),19,147,125,1
Andrew Wiggins,20211211,Step Back Jump shot,3PT Field Goal,Left Corner 3,Left Side(L),24,-228,81,0
Andrew Wiggins,20211211,Pullup Jump shot,2PT Field Goal,Mid-Range,Right Side Center(RC),20,125,163,1
Andrew Wiggins,20211211,Driving Floating Jump Shot,2PT Field Goal,Restricted Area,Center(C),2,0,29,1
Andrew Wiggins,20211211,Jump Shot,3PT Field Goal,Above the Break 3,Right Side Center(RC),24,172,174,0
Andrew Wiggins,20211211,Step Back Jump shot,3PT Field Goal,Above the Break 3,Left Side Center(LC),25,-224,119,1
Andrew Wiggins,20211211,Jump Shot,3PT Field Goal,Left Corner 3,Left Side(L),23,-235,27,0
Andrew Wiggins,20211211,Running Finger Roll Layup Shot,2PT Field Goal,Restricted Area,Center(C),2,-22,3,1
Andrew Wiggins,20211211,Jump Shot,3PT Field Goal,Above the Break 3,Center(C),24,-75,231,1
Andrew Wiggins,20211211,Jump Shot,3PT Field Goal,Above the Break 3,Center(C),26,-6,262,0
Andrew Wiggins,20211211,Jump Shot,3PT Field Goal,Left Corner 3,Left Side(L),24,-241,19,0
Andrew Wiggins,20211213,Jump Shot,2PT Field Goal,In The Paint (Non-RA),Left Side(L),8,-56,63,0
Andrew Wiggins,20211213,Jump Shot,3PT Field Goal,Right Corner 3,Right Side(R),22,225,8,0
Andrew Wiggins,20211213,Layup Shot,2PT Field Goal,Restricted Area,Center(C),1,-6,16,1
Andrew Wiggins,20211213,Putback Layup Shot,2PT Field Goal,Restricted Area,Center(C),1,-16,10,1
Andrew Wiggins,20211213,Pullup Jump shot,2PT Field Goal,In The Paint (Non-RA),Right Side(R),9,55,75,0
Andrew Wiggins,20211213,Turnaround Jump Shot,2PT Field Goal,In The Paint (Non-RA),Center(C),4,20,38,0
Andrew Wiggins,20211213,Jump Shot,3PT Field Goal,Above the Break 3,Right Side Center(RC),24,146,199,0
Andrew Wiggins,20211213,Layup Shot,2PT Field Goal,Restricted Area,Center(C),2,-22,17,1
Andrew Wiggins,20211213,Step Back Jump shot,2PT Field Goal,Mid-Range,Right Side(R),16,157,65,1
Andrew Wiggins,20211213,Driving Finger Roll Layup Shot,2PT Field Goal,Restricted Area,Center(C),2,-21,18,0
Andrew Wiggins,20211213,Step Back Jump shot,3PT Field Goal,Above the Break 3,Center(C),25,65,247,0
Andrew Wiggins,20211213,Pullup Jump shot,2PT Field Goal,Mid-Range,Right Side(R),9,94,25,1
Andrew Wiggins,20211213,Pullup Jump shot,2PT Field Goal,In The Paint (Non-RA),Center(C),12,18,120,0
Andrew Wiggins,20211213,Driving Floating Jump Shot,2PT Field Goal,In The Paint (Non-RA),Center(C),6,-9,62,1
Andrew Wiggins,20211213,Cutting Layup Shot,2PT Field Goal,Restricted Area,Center(C),2,10,25,1
Andrew Wiggins,20211214,Driving Hook Shot,2PT Field Goal,In The Paint (Non-RA),Center(C),5,-11,55,0
Andrew Wiggins,20211214,Jump Bank Shot,2PT Field Goal,In The Paint (Non-RA),Center(C),4,-21,35,1
Andrew Wiggins,20211214,Jump Shot,3PT Field Goal,Left Corner 3,Left Side(L),23,-238,-2,0
Andrew Wiggins,20211214,Layup Shot,2PT Field Goal,Restricted Area,Center(C),3,12,37,1
Andrew Wiggins,20211214,Step Back Jump shot,2PT Field Goal,Mid-Range,Left Side Center(LC),18,-103,156,0
Andrew Wiggins,20211214,Jump Shot,3PT Field Goal,Above the Break 3,Right Side Center(RC),25,141,210,0
Andrew Wiggins,20211214,Jump Shot,3PT Field Goal,Left Corner 3,Left Side(L),22,-229,15,0
Andrew Wiggins,20211214,Fadeaway Jump Shot,2PT Field Goal,Mid-Range,Right Side(R),13,113,69,0
Andrew Wiggins,20211214,Cutting Finger Roll Layup Shot,2PT Field Goal,Restricted Area,Center(C),1,4,18,1
Andrew Wiggins,20211214,Jump Shot,3PT Field Goal,Above the Break 3,Left Side Center(LC),24,-227,94,1
Andrew Wiggins,20211214,Hook Shot,2PT Field Goal,In The Paint (Non-RA),Center(C),4,-38,29,0
Andrew Wiggins,20211214,Jump Shot,3PT Field Goal,Above the Break 3,Right Side Center(RC),24,192,158,1
Andrew Wiggins,20211214,Pullup Jump shot,3PT Field Goal,Above the Break 3,Center(C),27,2,272,1
Andrew Wiggins,20211217,Jump Shot,3PT Field Goal,Above the Break 3,Left Side Center(LC),26,-134,224,0
Andrew Wiggins,20211217,Tip Layup Shot,2PT Field Goal,Restricted Area,Center(C),0,0,0,0
Andrew Wiggins,20211217,Tip Layup Shot,2PT Field Goal,Restricted Area,Center(C),0,0,0,1
Andrew Wiggins,20211217,Driving Layup Shot,2PT Field Goal,In The Paint (Non-RA),Center(C),6,54,43,1
Andrew Wiggins,20211217,Step Back Jump shot,2PT Field Goal,Mid-Range,Left Side(L),16,-164,30,1
Andrew Wiggins,20211217,Turnaround Fadeaway Bank Jump Shot,2PT Field Goal,Mid-Range,Left Side(L),14,-140,17,0
Andrew Wiggins,20211217,Driving Hook Shot,2PT Field Goal,In The Paint (Non-RA),Center(C),6,9,62,1
Andrew Wiggins,20211217,Turnaround Hook Shot,2PT Field Goal,In The Paint (Non-RA),Center(C),5,-18,57,1
Andrew Wiggins,20211217,Jump Shot,3PT Field Goal,Left Corner 3,Left Side(L),22,-224,16,1
Andrew Wiggins,20211217,Tip Dunk Shot,2PT Field Goal,Restricted Area,Center(C),0,0,0,0
Andrew Wiggins,20211217,Pullup Jump shot,2PT Field Goal,Mid-Range,Left Side(L),12,-119,50,1
Andrew Wiggins,20211217,Jump Shot,3PT Field Goal,Above the Break 3,Left Side Center(LC),26,-217,146,1
Andrew Wiggins,20211217,Jump Shot,3PT Field Goal,Above the Break 3,Left Side Center(LC),25,-213,142,1
Andrew Wiggins,20211217,Fadeaway Jump Shot,2PT Field Goal,Mid-Range,Right Side(R),12,124,34,0
Andrew Wiggins,20211217,Jump Shot,3PT Field Goal,Above the Break 3,Left Side Center(LC),25,-184,183,1
Andrew Wiggins,20211217,Pullup Jump shot,3PT Field Goal,Above the Break 3,Left Side Center(LC),25,-184,182,0
Andrew Wiggins,20211217,Driving Layup Shot,2PT Field Goal,In The Paint (Non-RA),Center(C),7,-51,59,0
Andrew Wiggins,20211217,Pullup Jump shot,2PT Field Goal,Mid-Range,Center(C),14,42,139,0
Andrew Wiggins,20211217,Pullup Jump shot,2PT Field Goal,Mid-Range,Left Side Center(LC),18,-109,144,0
Andrew Wiggins,20211217,Jump Shot,3PT Field Goal,Left Corner 3,Left Side(L),22,-224,-19,1
Andrew Wiggins,20211228,Jump Shot,3PT Field Goal,Left Corner 3,Left Side(L),24,-237,42,0
Andrew Wiggins,20211228,Driving Layup Shot,2PT Field Goal,In The Paint (Non-RA),Center(C),5,34,39,1
Andrew Wiggins,20211228,Layup Shot,2PT Field Goal,In The Paint (Non-RA),Center(C),4,16,39,0
Andrew Wiggins,20211228,Jump Shot,3PT Field Goal,Left Corner 3,Left Side(L),23,-234,1,1
Andrew Wiggins,20211228,Driving Layup Shot,2PT Field Goal,In The Paint (Non-RA),Center(C),5,12,52,1
Andrew Wiggins,20211228,Turnaround Fadeaway shot,2PT Field Goal,Mid-Range,Left Side(L),14,-141,28,1
Andrew Wiggins,20211228,Layup Shot,2PT Field Goal,In The Paint (Non-RA),Center(C),5,-2,58,0
Andrew Wiggins,20211228,Turnaround Hook Shot,2PT Field Goal,In The Paint (Non-RA),Center(C),8,-10,81,0
Andrew Wiggins,20211228,Step Back Jump shot,3PT Field Goal,Above the Break 3,Right Side Center(RC),27,217,174,1
Andrew Wiggins,20211228,Driving Layup Shot,2PT Field Goal,Restricted Area,Center(C),2,17,22,0
Andrew Wiggins,20211228,Turnaround Hook Shot,2PT Field Goal,In The Paint (Non-RA),Center(C),5,-6,56,0
Andrew Wiggins,20211228,Putback Layup Shot,2PT Field Goal,Restricted Area,Center(C),0,0,0,0
Andrew Wiggins,20211228,Jump Shot,3PT Field Goal,Above the Break 3,Left Side Center(LC),25,-181,180,1
Andrew Wiggins,20211228,Running Dunk Shot,2PT Field Goal,Restricted Area,Center(C),2,-1,22,1
Andrew Wiggins,20211228,Step Back Jump shot,2PT Field Goal,Mid-Range,Right Side(R),15,154,35,0
Andrew Wiggins,20211228,Pullup Jump shot,3PT Field Goal,Above the Break 3,Center(C),25,-9,256,0
Andrew Wiggins,20211228,Jump Shot,3PT Field Goal,Right Corner 3,Right Side(R),24,235,77,0
Andrew Wiggins,20211228,Turnaround Fadeaway Bank Jump Shot,2PT Field Goal,In The Paint (Non-RA),Center(C),5,55,20,0
Andrew Wiggins,20211228,Jump Shot,2PT Field Goal,Mid-Range,Left Side Center(LC),20,-143,150,0
Andrew Wiggins,20211228,Dunk Shot,2PT Field Goal,Restricted Area,Center(C),1,-13,5,1
Andrew Wiggins,20220101,Running Jump Shot,3PT Field Goal,Above the Break 3,Right Side Center(RC),25,237,99,1
Andrew Wiggins,20220101,Turnaround Jump Shot,2PT Field Goal,Mid-Range,Right Side(R),15,154,-2,0
Andrew Wiggins,20220101,Pullup Jump shot,3PT Field Goal,Above the Break 3,Left Side Center(LC),25,-172,194,0
Andrew Wiggins,20220101,Driving Layup Shot,2PT Field Goal,In The Paint (Non-RA),Center(C),6,-36,53,0
Andrew Wiggins,20220101,Cutting Layup Shot,2PT Field Goal,Restricted Area,Center(C),2,-22,-2,1
Andrew Wiggins,20220101,Driving Finger Roll Layup Shot,2PT Field Goal,Restricted Area,Center(C),2,27,11,1
Andrew Wiggins,20220101,Jump Shot,3PT Field Goal,Above the Break 3,Right Side Center(RC),25,109,232,1
Andrew Wiggins,20220101,Step Back Jump shot,2PT Field Goal,Mid-Range,Right Side(R),13,130,5,1
Andrew Wiggins,20220101,Step Back Jump shot,3PT Field Goal,Above the Break 3,Left Side Center(LC),24,-185,167,1
Andrew Wiggins,20220101,Floating Jump shot,2PT Field Goal,In The Paint (Non-RA),Center(C),12,-13,124,0
Andrew Wiggins,20220101,Pullup Jump shot,2PT Field Goal,Mid-Range,Center(C),16,17,165,0
Andrew Wiggins,20220101,Pullup Jump shot,2PT Field Goal,In The Paint (Non-RA),Center(C),9,15,89,0
Andrew Wiggins,20220101,Driving Floating Bank Jump Shot,2PT Field Goal,In The Paint (Non-RA),Center(C),6,0,60,0
Andrew Wiggins,20220101,Driving Floating Jump Shot,2PT Field Goal,In The Paint (Non-RA),Center(C),10,31,102,0
Andrew Wiggins,20220101,Running Jump Shot,3PT Field Goal,Above the Break 3,Left Side Center(LC),27,-227,149,0
Andrew Wiggins,20220101,Step Back Jump shot,2PT Field Goal,Mid-Range,Right Side(R),11,114,4,1
Andrew Wiggins,20220101,Jump Shot,3PT Field Goal,Left Corner 3,Left Side(L),23,-234,10,1
Andrew Wiggins,20220101,Cutting Layup Shot,2PT Field Goal,Restricted Area,Center(C),2,20,17,1
Andrew Wiggins,20220101,Pullup Jump shot,2PT Field Goal,Mid-Range,Center(C),18,18,183,0
Andrew Wiggins,20220103,Step Back Jump shot,3PT Field Goal,Above the Break 3,Center(C),25,-31,256,1
Andrew Wiggins,20220103,Jump Shot,3PT Field Goal,Left Corner 3,Left Side(L),23,-237,-5,1
Andrew Wiggins,20220103,Layup Shot,2PT Field Goal,Restricted Area,Center(C),3,1,39,1
Andrew Wiggins,20220103,Step Back Jump shot,2PT Field Goal,Mid-Range,Left Side(L),17,-146,105,0
Andrew Wiggins,20220103,Dunk Shot,2PT Field Goal,Restricted Area,Center(C),3,11,31,1
Andrew Wiggins,20220103,Cutting Layup Shot,2PT Field Goal,In The Paint (Non-RA),Center(C),5,-49,34,1
Andrew Wiggins,20220103,Driving Floating Jump Shot,2PT Field Goal,In The Paint (Non-RA),Center(C),8,-36,81,1
Andrew Wiggins,20220103,Jump Shot,3PT Field Goal,Above the Break 3,Left Side Center(LC),27,-207,176,0
Andrew Wiggins,20220103,Alley Oop Dunk Shot,2PT Field Goal,Restricted Area,Center(C),2,-23,8,1
Andrew Wiggins,20220103,Turnaround Jump Shot,2PT Field Goal,In The Paint (Non-RA),Center(C),7,5,79,0
Andrew Wiggins,20220103,Jump Shot,3PT Field Goal,Above the Break 3,Right Side Center(RC),27,176,211,0
Andrew Wiggins,20220103,Cutting Dunk Shot,2PT Field Goal,Restricted Area,Center(C),2,7,20,1
Andrew Wiggins,20220103,Turnaround Jump Shot,2PT Field Goal,In The Paint (Non-RA),Center(C),6,-45,53,0
Andrew Wiggins,20220105,Jump Shot,3PT Field Goal,Above the Break 3,Left Side Center(LC),26,-113,240,0
Andrew Wiggins,20220105,Cutting Layup Shot,2PT Field Goal,Restricted Area,Center(C),1,7,9,1
Andrew Wiggins,20220105,Step Back Jump shot,2PT Field Goal,Mid-Range,Right Side(R),12,119,17,0
Andrew Wiggins,20220105,Cutting Layup Shot,2PT Field Goal,In The Paint (Non-RA),Center(C),4,39,30,1
Andrew Wiggins,20220105,Cutting Layup Shot,2PT Field Goal,Restricted Area,Center(C),1,-13,3,1
Andrew Wiggins,20220105,Turnaround Fadeaway shot,2PT Field Goal,Mid-Range,Left Side(L),12,-118,30,0
Andrew Wiggins,20220105,Driving Floating Bank Jump Shot,2PT Field Goal,In The Paint (Non-RA),Right Side(R),9,77,50,1
Andrew Wiggins,20220105,Step Back Jump shot,2PT Field Goal,Mid-Range,Right Side(R),15,147,36,0
Andrew Wiggins,20220105,Jump Shot,3PT Field Goal,Right Corner 3,Right Side(R),23,230,47,1
Andrew Wiggins,20220105,Jump Shot,3PT Field Goal,Above the Break 3,Left Side Center(LC),25,-224,120,0
Andrew Wiggins,20220105,Step Back Jump shot,3PT Field Goal,Above the Break 3,Left Side Center(LC),25,-199,152,0
Andrew Wiggins,20220105,Driving Finger Roll Layup Shot,2PT Field Goal,Restricted Area,Center(C),1,-12,8,1
Andrew Wiggins,20220105,Jump Shot,3PT Field Goal,Above the Break 3,Left Side Center(LC),24,-201,148,1
Andrew Wiggins,20220106,Step Back Jump shot,3PT Field Goal,Above the Break 3,Left Side Center(LC),24,-165,179,0
Andrew Wiggins,20220106,Jump Shot,3PT Field Goal,Above the Break 3,Center(C),26,4,263,0
Andrew Wiggins,20220106,Pullup Jump shot,2PT Field Goal,Mid-Range,Left Side(L),8,-86,0,0
Andrew Wiggins,20220106,Driving Layup Shot,2PT Field Goal,Restricted Area,Center(C),2,28,3,1
Andrew Wiggins,20220106,Step Back Jump shot,3PT Field Goal,Left Corner 3,Left Side(L),23,-235,45,1
Andrew Wiggins,20220106,Jump Shot,3PT Field Goal,Left Corner 3,Left Side(L),23,-232,-17,0
Andrew Wiggins,20220106,Driving Floating Jump Shot,2PT Field Goal,In The Paint (Non-RA),Center(C),5,-7,56,1
Andrew Wiggins,20220106,Driving Layup Shot,2PT Field Goal,Restricted Area,Center(C),2,-22,5,1
Andrew Wiggins,20220106,Driving Layup Shot,2PT Field Goal,Restricted Area,Center(C),1,-16,6,1
Andrew Wiggins,20220106,Turnaround Jump Shot,2PT Field Goal,In The Paint (Non-RA),Center(C),11,5,115,0
Andrew Wiggins,20220106,Driving Layup Shot,2PT Field Goal,Restricted Area,Center(C),1,13,15,0
Andrew Wiggins,20220106,Jump Shot,3PT Field Goal,Above the Break 3,Right Side Center(RC),26,188,188,0
Andrew Wiggins,20220106,Driving Layup Shot,2PT Field Goal,Restricted Area,Center(C),0,-5,6,1
Andrew Wiggins,20220106,Driving Layup Shot,2PT Field Goal,Restricted Area,Center(C),1,18,6,0
Andrew Wiggins,20220106,Fadeaway Jump Shot,2PT Field Goal,Mid-Range,Right Side(R),10,109,4,1
Andrew Wiggins,20220106,Driving Layup Shot,2PT Field Goal,In The Paint (Non-RA),Center(C),4,-5,42,0
Andrew Wiggins,20220106,Jump Shot,3PT Field Goal,Above the Break 3,Left Side Center(LC),28,-191,206,0
Andrew Wiggins,20220109,Driving Dunk Shot,2PT Field Goal,Restricted Area,Center(C),2,20,17,1
Andrew Wiggins,20220109,Jump Shot,3PT Field Goal,Right Corner 3,Right Side(R),22,227,36,0
Andrew Wiggins,20220109,Step Back Jump shot,2PT Field Goal,Mid-Range,Center(C),20,38,200,0
Andrew Wiggins,20220109,Driving Hook Shot,2PT Field Goal,In The Paint (Non-RA),Center(C),8,-4,84,0
Andrew Wiggins,20220109,Driving Layup Shot,2PT Field Goal,Restricted Area,Center(C),3,-20,29,1
Andrew Wiggins,20220109,Jump Shot,3PT Field Goal,Above the Break 3,Right Side Center(RC),27,146,236,0
Andrew Wiggins,20220109,Driving Floating Jump Shot,2PT Field Goal,In The Paint (Non-RA),Center(C),8,25,84,0
Andrew Wiggins,20220109,Jump Shot,3PT Field Goal,Above the Break 3,Left Side Center(LC),24,-210,122,0
Andrew Wiggins,20220109,Driving Layup Shot,2PT Field Goal,Restricted Area,Center(C),3,-33,17,1
Andrew Wiggins,20220111,Driving Finger Roll Layup Shot,2PT Field Goal,Restricted Area,Center(C),1,-6,12,1
Andrew Wiggins,20220111,Turnaround Hook Shot,2PT Field Goal,In The Paint (Non-RA),Center(C),4,-39,17,0
Andrew Wiggins,20220111,Step Back Jump shot,2PT Field Goal,Mid-Range,Left Side(L),13,-108,88,1
Andrew Wiggins,20220111,Jump Shot,3PT Field Goal,Above the Break 3,Right Side Center(RC),25,141,216,0
Andrew Wiggins,20220111,Jump Shot,3PT Field Goal,Above the Break 3,Center(C),26,51,257,1
Andrew Wiggins,20220111,Driving Floating Jump Shot,2PT Field Goal,Restricted Area,Center(C),3,-1,38,0
Andrew Wiggins,20220111,Driving Layup Shot,2PT Field Goal,In The Paint (Non-RA),Center(C),5,9,57,0
Andrew Wiggins,20220111,Jump Shot,3PT Field Goal,Above the Break 3,Center(C),27,-26,270,1
Andrew Wiggins,20220111,Jump Shot,3PT Field Goal,Above the Break 3,Left Side Center(LC),25,-109,227,1
Andrew Wiggins,20220111,Jump Shot,3PT Field Goal,Above the Break 3,Left Side Center(LC),25,-131,214,0
Andrew Wiggins,20220111,Jump Shot,3PT Field Goal,Above the Break 3,Left Side Center(LC),25,-127,218,0
Andrew Wiggins,20220111,Driving Finger Roll Layup Shot,2PT Field Goal,Restricted Area,Center(C),2,-20,10,0
Andrew Wiggins,20220113,Turnaround Hook Shot,2PT Field Goal,In The Paint (Non-RA),Center(C),5,-44,31,1
Andrew Wiggins,20220113,Jump Shot,3PT Field Goal,Above the Break 3,Left Side Center(LC),26,-207,167,0
Andrew Wiggins,20220113,Driving Layup Shot,2PT Field Goal,Restricted Area,Center(C),2,-17,13,1
Andrew Wiggins,20220113,Step Back Jump shot,2PT Field Goal,Mid-Range,Center(C),15,18,155,1
Andrew Wiggins,20220113,Jump Shot,3PT Field Goal,Above the Break 3,Left Side Center(LC),27,-196,193,0
Andrew Wiggins,20220113,Turnaround Jump Shot,2PT Field Goal,In The Paint (Non-RA),Center(C),10,1,107,0
Andrew Wiggins,20220113,Jump Shot,2PT Field Goal,Mid-Range,Right Side(R),14,141,-8,0
Andrew Wiggins,20220113,Jump Shot,3PT Field Goal,Above the Break 3,Center(C),26,35,266,1
Andrew Wiggins,20220113,Jump Shot,3PT Field Goal,Right Corner 3,Right Side(R),24,233,73,1
Andrew Wiggins,20220113,Jump Shot,3PT Field Goal,Above the Break 3,Center(C),25,-75,246,0
Andrew Wiggins,20220113,Driving Floating Jump Shot,2PT Field Goal,In The Paint (Non-RA),Center(C),5,29,48,1
Andrew Wiggins,20220114,Jump Shot,3PT Field Goal,Above the Break 3,Center(C),25,-4,252,1
Andrew Wiggins,20220114,Jump Shot,3PT Field Goal,Right Corner 3,Right Side(R),23,224,55,0
Andrew Wiggins,20220114,Cutting Layup Shot,2PT Field Goal,Restricted Area,Center(C),1,2,16,1
Andrew Wiggins,20220114,Pullup Jump shot,2PT Field Goal,Mid-Range,Right Side(R),19,191,31,1
Andrew Wiggins,20220114,Turnaround Hook Shot,2PT Field Goal,In The Paint (Non-RA),Center(C),6,-11,64,1
Andrew Wiggins,20220114,Driving Dunk Shot,2PT Field Goal,Restricted Area,Center(C),0,7,6,1
Andrew Wiggins,20220114,Driving Floating Bank Jump Shot,2PT Field Goal,In The Paint (Non-RA),Center(C),5,55,16,1
Andrew Wiggins,20220114,Step Back Jump shot,2PT Field Goal,Mid-Range,Left Side Center(LC),18,-145,120,0
Andrew Wiggins,20220114,Jump Shot,3PT Field Goal,Above the Break 3,Left Side Center(LC),25,-123,227,1
Andrew Wiggins,20220114,Step Back Jump shot,3PT Field Goal,Above the Break 3,Right Side Center(RC),25,147,211,1
Andrew Wiggins,20220114,Jump Shot,3PT Field Goal,Above the Break 3,Left Side Center(LC),25,-167,188,0
Andrew Wiggins,20220116,Jump Shot,3PT Field Goal,Above the Break 3,Left Side Center(LC),26,-185,186,0
Andrew Wiggins,20220116,Jump Shot,3PT Field Goal,Above the Break 3,Center(C),25,17,258,0
Andrew Wiggins,20220116,Jump Shot,3PT Field Goal,Above the Break 3,Right Side Center(RC),24,86,226,0
Andrew Wiggins,20220116,Running Jump Shot,3PT Field Goal,Above the Break 3,Right Side Center(RC),25,214,134,1
Andrew Wiggins,20220116,Jump Shot,3PT Field Goal,Left Corner 3,Left Side(L),22,-224,5,1
Andrew Wiggins,20220116,Running Layup Shot,2PT Field Goal,Restricted Area,Center(C),1,-18,3,1
Andrew Wiggins,20220116,Jump Shot,3PT Field Goal,Left Corner 3,Left Side(L),23,-229,71,0
Andrew Wiggins,20220116,Driving Hook Shot,2PT Field Goal,In The Paint (Non-RA),Center(C),5,-6,50,0
Andrew Wiggins,20220116,Turnaround Fadeaway shot,2PT Field Goal,Mid-Range,Left Side(L),11,-116,15,0
Andrew Wiggins,20220116,Step Back Jump shot,2PT Field Goal,Mid-Range,Center(C),14,-38,140,0
Andrew Wiggins,20220116,Turnaround Jump Shot,2PT Field Goal,Mid-Range,Left Side Center(LC),18,-69,171,1
Andrew Wiggins,20220118,Jump Shot,2PT Field Goal,Mid-Range,Center(C),18,-9,183,1
Andrew Wiggins,20220118,Jump Shot,3PT Field Goal,Left Corner 3,Left Side(L),23,-234,-3,1
Andrew Wiggins,20220118,Turnaround Jump Shot,2PT Field Goal,In The Paint (Non-RA),Center(C),6,-5,65,1
Andrew Wiggins,20220118,Driving Dunk Shot,2PT Field Goal,In The Paint (Non-RA),Center(C),5,15,50,1
Andrew Wiggins,20220118,Jump Shot,3PT Field Goal,Left Corner 3,Left Side(L),24,-233,79,0
Andrew Wiggins,20220118,Jump Shot,3PT Field Goal,Above the Break 3,Left Side Center(LC),25,-216,144,0
Andrew Wiggins,20220118,Pullup Jump shot,2PT Field Goal,Mid-Range,Left Side Center(LC),19,-148,130,0
Andrew Wiggins,20220118,Jump Shot,3PT Field Goal,Above the Break 3,Left Side Center(LC),26,-214,151,0
Andrew Wiggins,20220118,Reverse Layup Shot,2PT Field Goal,Restricted Area,Center(C),3,29,13,1
Andrew Wiggins,20220118,Running Dunk Shot,2PT Field Goal,Restricted Area,Center(C),2,-9,26,1
Andrew Wiggins,20220118,Jump Shot,3PT Field Goal,Left Corner 3,Left Side(L),22,-227,34,1
Andrew Wiggins,20220118,Step Back Jump shot,3PT Field Goal,Above the Break 3,Right Side Center(RC),27,200,184,1
Andrew Wiggins,20220118,Pullup Jump shot,3PT Field Goal,Above the Break 3,Left Side Center(LC),25,-207,147,0
Andrew Wiggins,20220120,Jump Shot,3PT Field Goal,Above the Break 3,Left Side Center(LC),27,-192,196,0
Andrew Wiggins,20220120,Step Back Jump shot,2PT Field Goal,Mid-Range,Right Side(R),14,103,100,1
Andrew Wiggins,20220120,Jump Shot,3PT Field Goal,Above the Break 3,Left Side Center(LC),25,-195,169,0
Andrew Wiggins,20220120,Step Back Jump shot,2PT Field Goal,Mid-Range,Left Side Center(LC),21,-137,162,0
Andrew Wiggins,20220120,Pullup Jump shot,3PT Field Goal,Above the Break 3,Center(C),27,39,275,0
Andrew Wiggins,20220120,Pullup Jump shot,2PT Field Goal,In The Paint (Non-RA),Center(C),12,-43,113,0
Andrew Wiggins,20220120,Putback Layup Shot,2PT Field Goal,Restricted Area,Center(C),0,0,0,1
Andrew Wiggins,20220120,Jump Shot,3PT Field Goal,Above the Break 3,Left Side Center(LC),25,-89,240,0
Andrew Wiggins,20220120,Turnaround Hook Shot,2PT Field Goal,In The Paint (Non-RA),Center(C),5,4,58,1
Andrew Wiggins,20220120,Pullup Jump shot,2PT Field Goal,Mid-Range,Center(C),19,36,187,0
Andrew Wiggins,20220120,Pullup Jump shot,2PT Field Goal,Mid-Range,Right Side Center(RC),17,58,163,0
Andrew Wiggins,20220120,Pullup Jump shot,2PT Field Goal,Mid-Range,Center(C),19,5,193,0
Andrew Wiggins,20220120,Jump Shot,3PT Field Goal,Above the Break 3,Right Side Center(RC),26,197,176,1
Andrew Wiggins,20220120,Jump Shot,3PT Field Goal,Above the Break 3,Left Side Center(LC),25,-192,167,0
Andrew Wiggins,20220120,Alley Oop Layup shot,2PT Field Goal,In The Paint (Non-RA),Center(C),5,40,31,1
Andrew Wiggins,20220121,Step Back Jump shot,3PT Field Goal,Right Corner 3,Right Side(R),23,235,11,0
Andrew Wiggins,20220121,Jump Shot,3PT Field Goal,Right Corner 3,Right Side(R),23,233,4,1
Andrew Wiggins,20220121,Driving Layup Shot,2PT Field Goal,In The Paint (Non-RA),Center(C),6,-58,36,0
Andrew Wiggins,20220121,Jump Shot,2PT Field Goal,Mid-Range,Left Side(L),21,-187,108,1
Andrew Wiggins,20220121,Turnaround Jump Shot,2PT Field Goal,In The Paint (Non-RA),Center(C),6,-6,64,0
Andrew Wiggins,20220121,Driving Layup Shot,2PT Field Goal,In The Paint (Non-RA),Center(C),5,45,31,1
Andrew Wiggins,20220121,Pullup Jump shot,3PT Field Goal,Above the Break 3,Center(C),28,-16,280,0
Andrew Wiggins,20220121,Driving Hook Shot,2PT Field Goal,In The Paint (Non-RA),Center(C),6,-4,60,0
Andrew Wiggins,20220121,Jump Shot,3PT Field Goal,Above the Break 3,Left Side Center(LC),25,-185,182,0
Andrew Wiggins,20220121,Turnaround Hook Shot,2PT Field Goal,Restricted Area,Center(C),3,-7,36,1
Andrew Wiggins,20220121,Jump Shot,3PT Field Goal,Above the Break 3,Right Side Center(RC),27,216,163,1
Andrew Wiggins,20220121,Jump Shot,3PT Field Goal,Above the Break 3,Left Side Center(LC),27,-175,214,0
Andrew Wiggins,20220121,Running Layup Shot,2PT Field Goal,Restricted Area,Center(C),3,29,25,0
Andrew Wiggins,20220121,Driving Finger Roll Layup Shot,2PT Field Goal,Restricted Area,Center(C),3,13,30,1
Andrew Wiggins,20220121,Turnaround Jump Shot,2PT Field Goal,In The Paint (Non-RA),Right Side(R),8,69,50,0
Andrew Wiggins,20220121,Driving Layup Shot,2PT Field Goal,Restricted Area,Center(C),3,-13,29,1
Andrew Wiggins,20220123,Pullup Jump shot,2PT Field Goal,Mid-Range,Center(C),17,-32,172,0
Andrew Wiggins,20220123,Jump Shot,2PT Field Goal,Mid-Range,Right Side(R),13,137,-5,1
Andrew Wiggins,20220123,Jump Shot,3PT Field Goal,Above the Break 3,Right Side Center(RC),26,216,151,1
Andrew Wiggins,20220123,Step Back Jump shot,2PT Field Goal,Mid-Range,Right Side Center(RC),18,136,124,0
Andrew Wiggins,20220123,Turnaround Hook Shot,2PT Field Goal,In The Paint (Non-RA),Center(C),5,6,59,0
Andrew Wiggins,20220123,Driving Layup Shot,2PT Field Goal,Restricted Area,Center(C),3,-38,0,1
Andrew Wiggins,20220123,Jump Shot,3PT Field Goal,Above the Break 3,Left Side Center(LC),26,-146,221,0
Andrew Wiggins,20220123,Step Back Jump shot,2PT Field Goal,Mid-Range,Right Side Center(RC),19,93,176,0
Andrew Wiggins,20220123,Driving Layup Shot,2PT Field Goal,In The Paint (Non-RA),Center(C),4,39,16,1
Andrew Wiggins,20220123,Step Back Jump shot,2PT Field Goal,Mid-Range,Left Side(L),19,-178,70,0
Andrew Wiggins,20220123,Pullup Jump shot,2PT Field Goal,Mid-Range,Center(C),16,10,165,0
Andrew Wiggins,20220123,Driving Layup Shot,2PT Field Goal,In The Paint (Non-RA),Center(C),4,2,44,1
Andrew Wiggins,20220123,Pullup Jump shot,2PT Field Goal,Mid-Range,Center(C),20,-22,199,1
Andrew Wiggins,20220123,Driving Layup Shot,2PT Field Goal,In The Paint (Non-RA),Center(C),7,0,71,0
Andrew Wiggins,20220123,Jump Shot,3PT Field Goal,Above the Break 3,Center(C),28,69,272,0
Andrew Wiggins,20220123,Pullup Jump shot,3PT Field Goal,Above the Break 3,Right Side Center(RC),32,184,264,0
Andrew Wiggins,20220123,Jump Shot,3PT Field Goal,Right Corner 3,Right Side(R),24,239,58,0
Andrew Wiggins,20220125,Driving Layup Shot,2PT Field Goal,In The Paint (Non-RA),Center(C),5,48,28,0
Andrew Wiggins,20220125,Jump Shot,3PT Field Goal,Left Corner 3,Left Side(L),23,-234,-13,1
Andrew Wiggins,20220125,Step Back Jump shot,2PT Field Goal,Mid-Range,Center(C),18,12,181,1
Andrew Wiggins,20220125,Driving Layup Shot,2PT Field Goal,Restricted Area,Center(C),3,25,21,1
Andrew Wiggins,20220125,Jump Shot,3PT Field Goal,Above the Break 3,Right Side Center(RC),25,224,128,0
Andrew Wiggins,20220125,Step Back Jump shot,2PT Field Goal,Mid-Range,Right Side Center(RC),19,94,176,1
Andrew Wiggins,20220125,Pullup Jump shot,3PT Field Goal,Above the Break 3,Center(C),28,-22,284,0
Andrew Wiggins,20220125,Jump Shot,3PT Field Goal,Above the Break 3,Left Side Center(LC),25,-210,148,0
Andrew Wiggins,20220125,Jump Shot,3PT Field Goal,Above the Break 3,Left Side Center(LC),26,-191,190,0
Andrew Wiggins,20220125,Running Layup Shot,2PT Field Goal,Restricted Area,Center(C),3,-32,22,1
Andrew Wiggins,20220125,Turnaround Fadeaway shot,2PT Field Goal,In The Paint (Non-RA),Center(C),8,-34,79,0
Andrew Wiggins,20220127,Step Back Jump shot,2PT Field Goal,Mid-Range,Right Side(R),14,138,33,1
Andrew Wiggins,20220127,Jump Shot,3PT Field Goal,Above the Break 3,Left Side Center(LC),24,-181,168,1
Andrew Wiggins,20220127,Jump Shot,3PT Field Goal,Right Corner 3,Right Side(R),23,229,49,1
Andrew Wiggins,20220127,Jump Shot,2PT Field Goal,Mid-Range,Left Side(L),14,-137,44,0
Andrew Wiggins,20220127,Step Back Jump shot,2PT Field Goal,Mid-Range,Left Side Center(LC),23,-96,212,0
Andrew Wiggins,20220127,Jump Shot,3PT Field Goal,Above the Break 3,Center(C),24,76,235,1
Andrew Wiggins,20220127,Jump Shot,3PT Field Goal,Left Corner 3,Left Side(L),23,-227,39,0
Andrew Wiggins,20220127,Jump Shot,3PT Field Goal,Above the Break 3,Left Side Center(LC),24,-190,157,1
Andrew Wiggins,20220127,Driving Floating Bank Jump Shot,2PT Field Goal,In The Paint (Non-RA),Center(C),11,15,109,1
Andrew Wiggins,20220127,Jump Shot,3PT Field Goal,Above the Break 3,Left Side Center(LC),24,-222,95,0
Andrew Wiggins,20220127,Jump Shot,3PT Field Goal,Left Corner 3,Left Side(L),23,-222,72,1
Andrew Wiggins,20220127,Step Back Jump shot,3PT Field Goal,Above the Break 3,Left Side Center(LC),24,-167,183,0
Andrew Wiggins,20220129,Turnaround Hook Shot,2PT Field Goal,In The Paint (Non-RA),Center(C),9,-37,90,0
Andrew Wiggins,20220129,Driving Layup Shot,2PT Field Goal,Restricted Area,Center(C),2,25,15,1
Andrew Wiggins,20220129,Step Back Jump shot,2PT Field Goal,Mid-Range,Center(C),16,5,169,1
Andrew Wiggins,20220129,Driving Layup Shot,2PT Field Goal,Restricted Area,Center(C),3,-29,16,1
Andrew Wiggins,20220129,Jump Shot,3PT Field Goal,Above the Break 3,Right Side Center(RC),25,181,181,1
Andrew Wiggins,20220129,Step Back Jump shot,2PT Field Goal,Mid-Range,Right Side(R),13,129,32,0
Andrew Wiggins,20220129,Jump Shot,3PT Field Goal,Above the Break 3,Left Side Center(LC),25,-179,180,1
Andrew Wiggins,20220129,Jump Shot,3PT Field Goal,Left Corner 3,Left Side(L),24,-233,74,0
Andrew Wiggins,20220129,Tip Dunk Shot,2PT Field Goal,Restricted Area,Center(C),0,0,0,1
Andrew Wiggins,20220129,Step Back Jump shot,3PT Field Goal,Above the Break 3,Left Side Center(LC),25,-203,162,1
Andrew Wiggins,20220129,Jump Shot,3PT Field Goal,Above the Break 3,Left Side Center(LC),26,-143,225,0
Andrew Wiggins,20220129,Step Back Jump shot,3PT Field Goal,Left Corner 3,Left Side(L),23,-228,74,1
Andrew Wiggins,20220129,Driving Floating Jump Shot,2PT Field Goal,In The Paint (Non-RA),Right Side(R),8,51,73,1
Andrew Wiggins,20220129,Pullup Jump shot,3PT Field Goal,Above the Break 3,Right Side Center(RC),28,119,258,0
Andrew Wiggins,20220129,Turnaround Fadeaway shot,2PT Field Goal,Mid-Range,Left Side(L),12,-123,30,1
Andrew Wiggins,20220129,Pullup Jump shot,2PT Field Goal,Mid-Range,Left Side Center(LC),18,-92,162,0
Andrew Wiggins,20220129,Turnaround Fadeaway Bank Jump Shot,2PT Field Goal,Restricted Area,Center(C),2,-23,13,0
Andrew Wiggins,20220129,Pullup Jump shot,3PT Field Goal,Above the Break 3,Left Side Center(LC),26,-154,210,0
Andrew Wiggins,20220131,Step Back Jump shot,3PT Field Goal,Above the Break 3,Right Side Center(RC),25,137,219,1
Andrew Wiggins,20220131,Running Jump Shot,3PT Field Goal,Left Corner 3,Left Side(L),24,-240,45,0
Andrew Wiggins,20220131,Driving Layup Shot,2PT Field Goal,In The Paint (Non-RA),Center(C),5,20,46,0
Andrew Wiggins,20220131,Jump Shot,3PT Field Goal,Above the Break 3,Right Side Center(RC),26,172,197,0
Andrew Wiggins,20220131,Layup Shot,2PT Field Goal,Restricted Area,Center(C),2,-27,4,1
Andrew Wiggins,20220131,Jump Shot,3PT Field Goal,Above the Break 3,Right Side Center(RC),26,196,183,1
Andrew Wiggins,20220131,Step Back Jump shot,2PT Field Goal,Mid-Range,Right Side Center(RC),19,114,163,1
Andrew Wiggins,20220131,Turnaround Fadeaway shot,2PT Field Goal,In The Paint (Non-RA),Center(C),13,-62,125,1
Andrew Wiggins,20220131,Jump Shot,3PT Field Goal,Above the Break 3,Left Side Center(LC),26,-154,215,1
Andrew Wiggins,20220131,Step Back Jump shot,2PT Field Goal,Mid-Range,Left Side Center(LC),21,-100,193,1
Andrew Wiggins,20220131,Pullup Jump shot,2PT Field Goal,Mid-Range,Center(C),18,56,175,0
Andrew Wiggins,20220131,Driving Layup Shot,2PT Field Goal,Restricted Area,Center(C),1,16,5,1
Andrew Wiggins,20220131,Turnaround Fadeaway Bank Jump Shot,2PT Field Goal,In The Paint (Non-RA),Left Side(L),10,-80,74,0
Andrew Wiggins,20220131,Jump Shot,3PT Field Goal,Left Corner 3,Left Side(L),22,-225,15,0
Andrew Wiggins,20220203,Pullup Jump shot,2PT Field Goal,Mid-Range,Right Side(R),12,116,33,0
Andrew Wiggins,20220203,Jump Shot,3PT Field Goal,Above the Break 3,Left Side Center(LC),25,-191,174,0
Andrew Wiggins,20220203,Layup Shot,2PT Field Goal,Restricted Area,Center(C),3,39,0,0
Andrew Wiggins,20220203,Driving Finger Roll Layup Shot,2PT Field Goal,In The Paint (Non-RA),Center(C),4,17,42,0
Andrew Wiggins,20220203,Jump Shot,2PT Field Goal,Mid-Range,Right Side Center(RC),16,118,122,1
Andrew Wiggins,20220203,Driving Layup Shot,2PT Field Goal,In The Paint (Non-RA),Center(C),4,-37,18,0
Andrew Wiggins,20220203,Turnaround Fadeaway shot,2PT Field Goal,In The Paint (Non-RA),Center(C),8,-32,76,0
Andrew Wiggins,20220203,Jump Shot,3PT Field Goal,Above the Break 3,Left Side Center(LC),27,-221,167,0
Andrew Wiggins,20220203,Jump Shot,3PT Field Goal,Left Corner 3,Left Side(L),22,-228,1,1
Andrew Wiggins,20220203,Driving Floating Jump Shot,2PT Field Goal,In The Paint (Non-RA),Center(C),7,4,73,1
Andrew Wiggins,20220203,Jump Shot,3PT Field Goal,Above the Break 3,Left Side Center(LC),26,-170,201,1
Andrew Wiggins,20220203,Driving Floating Jump Shot,2PT Field Goal,In The Paint (Non-RA),Center(C),6,0,61,1
Andrew Wiggins,20220207,Pullup Jump shot,2PT Field Goal,Mid-Range,Left Side Center(LC),19,-140,142,1
Andrew Wiggins,20220207,Jump Shot,3PT Field Goal,Above the Break 3,Left Side Center(LC),27,-174,210,0
Andrew Wiggins,20220207,Pullup Jump shot,2PT Field Goal,In The Paint (Non-RA),Right Side(R),9,69,60,0
Andrew Wiggins,20220207,Jump Shot,3PT Field Goal,Above the Break 3,Left Side Center(LC),25,-223,122,0
Andrew Wiggins,20220207,Jump Shot,3PT Field Goal,Above the Break 3,Left Side Center(LC),28,-210,188,1
Andrew Wiggins,20220207,Jump Shot,3PT Field Goal,Left Corner 3,Left Side(L),23,-237,-1,1
Andrew Wiggins,20220207,Driving Layup Shot,2PT Field Goal,In The Paint (Non-RA),Center(C),4,37,20,1
Andrew Wiggins,20220207,Jump Shot,3PT Field Goal,Left Corner 3,Left Side(L),24,-227,84,0
Andrew Wiggins,20220207,Jump Shot,3PT Field Goal,Left Corner 3,Left Side(L),23,-233,48,1
Andrew Wiggins,20220207,Jump Shot,3PT Field Goal,Above the Break 3,Right Side Center(RC),26,206,166,0
Andrew Wiggins,20220207,Driving Layup Shot,2PT Field Goal,Restricted Area,Center(C),3,-28,25,1
Andrew Wiggins,20220207,Jump Shot,3PT Field Goal,Above the Break 3,Left Side Center(LC),25,-219,126,0
Andrew Wiggins,20220207,Pullup Jump shot,2PT Field Goal,Mid-Range,Center(C),20,34,204,0
Andrew Wiggins,20220207,Driving Layup Shot,2PT Field Goal,In The Paint (Non-RA),Right Side(R),8,55,68,0
Andrew Wiggins,20220207,Running Jump Shot,3PT Field Goal,Above the Break 3,Center(C),26,10,263,0
Andrew Wiggins,20220209,Jump Shot,3PT Field Goal,Above the Break 3,Right Side Center(RC),24,221,114,1
Andrew Wiggins,20220209,Step Back Jump shot,2PT Field Goal,Mid-Range,Right Side(R),18,175,50,0
Andrew Wiggins,20220209,Layup Shot,2PT Field Goal,Restricted Area,Center(C),2,26,10,0
Andrew Wiggins,20220209,Jump Shot,3PT Field Goal,Above the Break 3,Right Side Center(RC),27,140,241,1
Andrew Wiggins,20220209,Pullup Jump shot,2PT Field Goal,Mid-Range,Right Side Center(RC),16,96,131,1
Andrew Wiggins,20220209,Pullup Jump shot,3PT Field Goal,Above the Break 3,Right Side Center(RC),25,158,198,0
Andrew Wiggins,20220209,Floating Jump shot,2PT Field Goal,In The Paint (Non-RA),Center(C),11,40,105,1
Andrew Wiggins,20220209,Jump Shot,3PT Field Goal,Above the Break 3,Center(C),26,33,265,0
Andrew Wiggins,20220209,Jump Shot,3PT Field Goal,Above the Break 3,Center(C),25,15,253,0
Andrew Wiggins,20220209,Driving Layup Shot,2PT Field Goal,Restricted Area,Center(C),3,-26,26,1
Andrew Wiggins,20220209,Driving Layup Shot,2PT Field Goal,Restricted Area,Center(C),3,22,32,0
Andrew Wiggins,20220210,Jump Shot,2PT Field Goal,Mid-Range,Left Side Center(LC),18,-151,115,1
Andrew Wiggins,20220210,Jump Shot,3PT Field Goal,Right Corner 3,Right Side(R),23,232,41,0
Andrew Wiggins,20220210,Jump Shot,2PT Field Goal,In The Paint (Non-RA),Center(C),4,-21,42,0
Andrew Wiggins,20220210,Jump Shot,3PT Field Goal,Above the Break 3,Left Side Center(LC),26,-191,190,0
Andrew Wiggins,20220210,Hook Shot,2PT Field Goal,In The Paint (Non-RA),Center(C),6,-6,63,0
Andrew Wiggins,20220210,Putback Layup Shot,2PT Field Goal,Restricted Area,Center(C),0,0,0,1
Andrew Wiggins,20220210,Driving Hook Shot,2PT Field Goal,In The Paint (Non-RA),Center(C),7,-5,73,1
Andrew Wiggins,20220210,Jump Shot,3PT Field Goal,Above the Break 3,Right Side Center(RC),25,233,93,1
Andrew Wiggins,20220210,Driving Hook Shot,2PT Field Goal,In The Paint (Non-RA),Center(C),5,32,47,0
Andrew Wiggins,20220210,Putback Layup Shot,2PT Field Goal,In The Paint (Non-RA),Center(C),4,-38,17,1
Andrew Wiggins,20220210,Jump Shot,2PT Field Goal,Mid-Range,Right Side(R),21,210,37,0
Andrew Wiggins,20220210,Jump Shot,3PT Field Goal,Above the Break 3,Right Side Center(RC),25,115,232,1
Andrew Wiggins,20220210,Cutting Layup Shot,2PT Field Goal,In The Paint (Non-RA),Center(C),4,-44,13,0
Andrew Wiggins,20220212,Pullup Jump shot,3PT Field Goal,Above the Break 3,Left Side Center(LC),27,-148,237,1
Andrew Wiggins,20220212,Driving Finger Roll Layup Shot,2PT Field Goal,In The Paint (Non-RA),Center(C),5,11,55,0
Andrew Wiggins,20220212,Turnaround Fadeaway Bank Jump Shot,2PT Field Goal,In The Paint (Non-RA),Center(C),7,-61,41,1
Andrew Wiggins,20220212,Step Back Jump shot,2PT Field Goal,Mid-Range,Center(C),18,-7,184,0
Andrew Wiggins,20220212,Dunk Shot,2PT Field Goal,Restricted Area,Center(C),3,13,33,1
Andrew Wiggins,20220212,Jump Shot,3PT Field Goal,Above the Break 3,Right Side Center(RC),27,164,222,0
Andrew Wiggins,20220212,Driving Layup Shot,2PT Field Goal,In The Paint (Non-RA),Center(C),6,56,25,1
Andrew Wiggins,20220212,Pullup Jump shot,2PT Field Goal,In The Paint (Non-RA),Center(C),12,-43,114,0
Andrew Wiggins,20220212,Driving Layup Shot,2PT Field Goal,In The Paint (Non-RA),Center(C),4,7,47,1
Andrew Wiggins,20220212,Jump Shot,3PT Field Goal,Above the Break 3,Right Side Center(RC),28,195,205,1
Andrew Wiggins,20220212,Step Back Jump shot,3PT Field Goal,Above the Break 3,Right Side Center(RC),25,170,193,0
Andrew Wiggins,20220212,Jump Shot,3PT Field Goal,Above the Break 3,Left Side Center(LC),24,-164,187,0
Andrew Wiggins,20220212,Pullup Jump shot,2PT Field Goal,In The Paint (Non-RA),Center(C),10,16,100,0
Andrew Wiggins,20220212,Jump Shot,3PT Field Goal,Left Corner 3,Left Side(L),22,-222,36,0
Andrew Wiggins,20220212,Pullup Jump shot,3PT Field Goal,Above the Break 3,Left Side Center(LC),25,-186,179,1
Andrew Wiggins,20220214,Pullup Jump shot,2PT Field Goal,Mid-Range,Center(C),15,-25,155,0
Andrew Wiggins,20220214,Fadeaway Jump Shot,2PT Field Goal,In The Paint (Non-RA),Center(C),9,49,85,0
Andrew Wiggins,20220214,Jump Shot,3PT Field Goal,Above the Break 3,Center(C),28,-27,283,1
Andrew Wiggins,20220214,Jump Shot,3PT Field Goal,Left Corner 3,Left Side(L),23,-237,28,0
Andrew Wiggins,20220214,Jump Shot,3PT Field Goal,Above the Break 3,Center(C),29,-9,290,1
Andrew Wiggins,20220214,Jump Shot,3PT Field Goal,Above the Break 3,Right Side Center(RC),26,127,233,0
Andrew Wiggins,20220214,Turnaround Fadeaway shot,2PT Field Goal,In The Paint (Non-RA),Center(C),13,33,132,1
Andrew Wiggins,20220214,Step Back Jump shot,2PT Field Goal,Mid-Range,Left Side(L),14,-143,35,1
Andrew Wiggins,20220214,Step Back Jump shot,2PT Field Goal,In The Paint (Non-RA),Left Side(L),12,-78,98,1
Andrew Wiggins,20220214,Driving Layup Shot,2PT Field Goal,Restricted Area,Center(C),2,16,17,0
Andrew Wiggins,20220216,Jump Shot,3PT Field Goal,Above the Break 3,Left Side Center(LC),26,-158,217,1
Andrew Wiggins,20220216,Jump Shot,3PT Field Goal,Above the Break 3,Center(C),28,-27,280,0
Andrew Wiggins,20220216,Jump Shot,3PT Field Goal,Above the Break 3,Left Side Center(LC),25,-191,175,0
Andrew Wiggins,20220216,Driving Layup Shot,2PT Field Goal,In The Paint (Non-RA),Center(C),5,-29,41,0
Andrew Wiggins,20220216,Step Back Jump shot,2PT Field Goal,Mid-Range,Left Side Center(LC),20,-104,180,1
Andrew Wiggins,20220216,Step Back Jump shot,2PT Field Goal,Mid-Range,Left Side(L),18,-161,81,1
Andrew Wiggins,20220216,Jump Shot,3PT Field Goal,Left Corner 3,Left Side(L),22,-228,-4,0
Andrew Wiggins,20220216,Driving Floating Bank Jump Shot,2PT Field Goal,In The Paint (Non-RA),Center(C),5,51,30,0
Andrew Wiggins,20220216,Step Back Jump shot,2PT Field Goal,Mid-Range,Right Side(R),18,178,37,0
Andrew Wiggins,20220216,Step Back Jump shot,2PT Field Goal,Mid-Range,Left Side(L),15,-143,53,1
Andrew Wiggins,20220216,Jump Shot,3PT Field Goal,Above the Break 3,Left Side Center(LC),27,-151,227,0
Andrew Wiggins,20220216,Turnaround Hook Shot,2PT Field Goal,In The Paint (Non-RA),Center(C),7,69,15,0
Andrew Wiggins,20220224,Jump Shot,3PT Field Goal,Above the Break 3,Center(C),26,-74,253,0
Andrew Wiggins,20220224,Jump Shot,3PT Field Goal,Right Corner 3,Right Side(R),23,230,55,0
Andrew Wiggins,20220224,Jump Shot,3PT Field Goal,Above the Break 3,Left Side Center(LC),25,-162,194,0
Andrew Wiggins,20220224,Jump Shot,3PT Field Goal,Above the Break 3,Right Side Center(RC),25,161,199,0
Andrew Wiggins,20220224,Jump Shot,3PT Field Goal,Above the Break 3,Left Side Center(LC),24,-190,156,0
Andrew Wiggins,20220224,Turnaround Fadeaway shot,2PT Field Goal,Mid-Range,Left Side(L),12,-120,41,0
Andrew Wiggins,20220224,Jump Shot,3PT Field Goal,Above the Break 3,Left Side Center(LC),26,-168,199,1
Andrew Wiggins,20220224,Driving Layup Shot,2PT Field Goal,Restricted Area,Center(C),2,-1,28,1
Andrew Wiggins,20220224,Jump Shot,3PT Field Goal,Left Corner 3,Left Side(L),22,-227,20,0
Andrew Wiggins,20220224,Pullup Jump shot,2PT Field Goal,Mid-Range,Left Side Center(LC),18,-132,133,0
Andrew Wiggins,20220224,Jump Shot,3PT Field Goal,Above the Break 3,Center(C),25,62,248,1
Andrew Wiggins,20220224,Pullup Jump shot,2PT Field Goal,Mid-Range,Right Side Center(RC),16,81,139,1
Andrew Wiggins,20220224,Jump Shot,2PT Field Goal,Mid-Range,Left Side(L),19,-192,29,0
Andrew Wiggins,20220227,Step Back Jump shot,2PT Field Goal,Mid-Range,Right Side(R),16,150,64,0
Andrew Wiggins,20220227,Step Back Jump shot,2PT Field Goal,Mid-Range,Right Side(R),15,127,80,1
Andrew Wiggins,20220227,Jump Shot,3PT Field Goal,Above the Break 3,Left Side Center(LC),24,-145,202,1
Andrew Wiggins,20220227,Driving Finger Roll Layup Shot,2PT Field Goal,Restricted Area,Center(C),1,-2,13,1
Andrew Wiggins,20220227,Jump Shot,3PT Field Goal,Right Corner 3,Right Side(R),23,229,39,1
Andrew Wiggins,20220227,Step Back Jump shot,2PT Field Goal,Mid-Range,Right Side Center(RC),21,137,165,0
Andrew Wiggins,20220227,Step Back Jump shot,2PT Field Goal,Mid-Range,Right Side Center(RC),16,123,110,0
Andrew Wiggins,20220227,Cutting Layup Shot,2PT Field Goal,Restricted Area,Center(C),1,12,8,1
Andrew Wiggins,20220227,Pullup Jump shot,3PT Field Goal,Above the Break 3,Right Side Center(RC),26,82,249,0
Andrew Wiggins,20220227,Jump Shot,3PT Field Goal,Left Corner 3,Left Side(L),22,-222,27,0
Andrew Wiggins,20220227,Driving Layup Shot,2PT Field Goal,Restricted Area,Center(C),3,31,19,1
Andrew Wiggins,20220227,Jump Shot,3PT Field Goal,Above the Break 3,Right Side Center(RC),24,87,231,0
Andrew Wiggins,20220227,Step Back Jump shot,2PT Field Goal,In The Paint (Non-RA),Left Side(L),14,-75,120,0
Andrew Wiggins,20220227,Step Back Jump shot,2PT Field Goal,Mid-Range,Left Side Center(LC),20,-82,187,0
Andrew Wiggins,20220227,Jump Shot,3PT Field Goal,Above the Break 3,Left Side Center(LC),24,-208,120,0
Andrew Wiggins,20220227,Driving Floating Bank Jump Shot,2PT Field Goal,In The Paint (Non-RA),Center(C),5,23,46,1
Andrew Wiggins,20220301,Pullup Jump shot,2PT Field Goal,Mid-Range,Center(C),15,26,155,1
Andrew Wiggins,20220301,Jump Shot,3PT Field Goal,Above the Break 3,Left Side Center(LC),26,-175,193,1
Andrew Wiggins,20220301,Step Back Jump shot,3PT Field Goal,Above the Break 3,Right Side Center(RC),25,154,199,1
Andrew Wiggins,20220301,Turnaround Fadeaway Bank Jump Shot,2PT Field Goal,Mid-Range,Left Side(L),10,-94,54,0
Andrew Wiggins,20220301,Step Back Jump shot,2PT Field Goal,Mid-Range,Center(C),16,-39,162,0
Andrew Wiggins,20220301,Jump Shot,3PT Field Goal,Above the Break 3,Left Side Center(LC),25,-199,157,0
Andrew Wiggins,20220301,Jump Shot,3PT Field Goal,Above the Break 3,Center(C),26,-77,258,0
Andrew Wiggins,20220301,Jump Shot,3PT Field Goal,Above the Break 3,Center(C),25,10,251,0
Andrew Wiggins,20220301,Pullup Jump shot,2PT Field Goal,Mid-Range,Right Side(R),15,141,75,0
Andrew Wiggins,20220301,Pullup Jump shot,2PT Field Goal,Mid-Range,Center(C),19,6,197,0
Andrew Wiggins,20220301,Running Finger Roll Layup Shot,2PT Field Goal,Restricted Area,Center(C),1,12,13,1
Andrew Wiggins,20220301,Jump Shot,3PT Field Goal,Above the Break 3,Right Side Center(RC),26,102,240,0
Andrew Wiggins,20220301,Pullup Jump shot,2PT Field Goal,Mid-Range,Right Side Center(RC),20,156,136,1
Andrew Wiggins,20220303,Driving Floating Jump Shot,2PT Field Goal,In The Paint (Non-RA),Center(C),7,23,72,0
Andrew Wiggins,20220303,Jump Shot,3PT Field Goal,Above the Break 3,Left Side Center(LC),24,-222,105,0
Andrew Wiggins,20220303,Driving Layup Shot,2PT Field Goal,Restricted Area,Center(C),3,-2,34,0
Andrew Wiggins,20220303,Tip Layup Shot,2PT Field Goal,Restricted Area,Center(C),0,0,0,0
Andrew Wiggins,20220303,Driving Layup Shot,2PT Field Goal,In The Paint (Non-RA),Center(C),5,40,30,1
Andrew Wiggins,20220303,Driving Layup Shot,2PT Field Goal,Restricted Area,Center(C),1,-12,6,1
Andrew Wiggins,20220303,Jump Shot,2PT Field Goal,Mid-Range,Left Side(L),15,-146,53,0
Andrew Wiggins,20220303,Turnaround Jump Shot,2PT Field Goal,Mid-Range,Right Side Center(RC),21,157,149,0
Andrew Wiggins,20220303,Driving Layup Shot,2PT Field Goal,Restricted Area,Center(C),2,-6,22,1
Andrew Wiggins,20220303,Turnaround Fadeaway shot,2PT Field Goal,In The Paint (Non-RA),Center(C),12,15,125,1
Andrew Wiggins,20220303,Step Back Jump shot,2PT Field Goal,Mid-Range,Right Side Center(RC),20,118,172,0
Andrew Wiggins,20220303,Cutting Finger Roll Layup Shot,2PT Field Goal,Restricted Area,Center(C),3,5,30,1
Andrew Wiggins,20220303,Turnaround Fadeaway shot,2PT Field Goal,In The Paint (Non-RA),Center(C),10,-43,99,0
Andrew Wiggins,20220303,Driving Finger Roll Layup Shot,2PT Field Goal,In The Paint (Non-RA),Center(C),4,-11,47,0
Andrew Wiggins,20220303,Jump Shot,3PT Field Goal,Above the Break 3,Left Side Center(LC),24,-200,149,1
Andrew Wiggins,20220303,Driving Finger Roll Layup Shot,2PT Field Goal,Restricted Area,Center(C),1,6,10,1
Andrew Wiggins,20220303,Jump Shot,3PT Field Goal,Above the Break 3,Left Side Center(LC),25,-138,220,0
Andrew Wiggins,20220305,Driving Layup Shot,2PT Field Goal,Restricted Area,Center(C),1,17,4,1
Andrew Wiggins,20220305,Driving Layup Shot,2PT Field Goal,In The Paint (Non-RA),Center(C),4,21,37,0
Andrew Wiggins,20220305,Layup Shot,2PT Field Goal,Restricted Area,Center(C),3,-4,32,0
Andrew Wiggins,20220305,Putback Layup Shot,2PT Field Goal,Restricted Area,Center(C),0,0,0,1
Andrew Wiggins,20220305,Driving Layup Shot,2PT Field Goal,In The Paint (Non-RA),Center(C),5,44,32,0
Andrew Wiggins,20220305,Jump Shot,3PT Field Goal,Right Corner 3,Right Side(R),22,225,-8,1
Andrew Wiggins,20220305,Driving Layup Shot,2PT Field Goal,Restricted Area,Center(C),3,31,13,0
Andrew Wiggins,20220305,Driving Layup Shot,2PT Field Goal,In The Paint (Non-RA),Center(C),4,-38,27,0
Andrew Wiggins,20220305,Driving Layup Shot,2PT Field Goal,In The Paint (Non-RA),Center(C),7,26,71,0
Andrew Wiggins,20220305,Putback Layup Shot,2PT Field Goal,Restricted Area,Center(C),0,0,0,1
Andrew Wiggins,20220305,Jump Shot,3PT Field Goal,Left Corner 3,Left Side(L),23,-224,68,1
Andrew Wiggins,20220305,Jump Shot,3PT Field Goal,Above the Break 3,Right Side Center(RC),29,138,256,0
Andrew Wiggins,20220305,Pullup Jump shot,2PT Field Goal,In The Paint (Non-RA),Center(C),9,10,99,0
Andrew Wiggins,20220305,Turnaround Jump Shot,2PT Field Goal,In The Paint (Non-RA),Left Side(L),8,-58,59,1
Andrew Wiggins,20220305,Running Jump Shot,3PT Field Goal,Above the Break 3,Left Side Center(LC),28,-142,245,0
Andrew Wiggins,20220308,Pullup Jump shot,2PT Field Goal,Mid-Range,Center(C),15,-45,152,0
Andrew Wiggins,20220308,Tip Layup Shot,2PT Field Goal,Restricted Area,Center(C),0,0,0,0
Andrew Wiggins,20220308,Putback Layup Shot,2PT Field Goal,Restricted Area,Center(C),0,0,0,1
Andrew Wiggins,20220308,Pullup Jump shot,2PT Field Goal,Mid-Range,Right Side Center(RC),21,78,199,0
Andrew Wiggins,20220308,Layup Shot,2PT Field Goal,Restricted Area,Center(C),1,2,10,0
Andrew Wiggins,20220308,Jump Shot,3PT Field Goal,Above the Break 3,Left Side Center(LC),25,-119,225,1
Andrew Wiggins,20220308,Jump Shot,3PT Field Goal,Above the Break 3,Right Side Center(RC),24,112,220,1
Andrew Wiggins,20220308,Driving Finger Roll Layup Shot,2PT Field Goal,In The Paint (Non-RA),Center(C),6,22,60,1
Andrew Wiggins,20220308,Layup Shot,2PT Field Goal,Restricted Area,Center(C),1,4,11,1
Andrew Wiggins,20220308,Step Back Jump shot,3PT Field Goal,Above the Break 3,Center(C),25,-16,254,0
Andrew Wiggins,20220308,Driving Hook Shot,2PT Field Goal,Restricted Area,Center(C),3,-6,33,0
Andrew Wiggins,20220308,Jump Shot,3PT Field Goal,Left Corner 3,Left Side(L),23,-228,71,0
Andrew Wiggins,20220308,Step Back Jump shot,2PT Field Goal,Mid-Range,Right Side(R),14,97,113,1
Andrew Wiggins,20220308,Jump Shot,3PT Field Goal,Above the Break 3,Left Side Center(LC),25,-183,175,0
Andrew Wiggins,20220310,Jump Shot,3PT Field Goal,Above the Break 3,Left Side Center(LC),26,-96,242,1
Andrew Wiggins,20220310,Pullup Jump shot,2PT Field Goal,Mid-Range,Center(C),17,34,176,0
Andrew Wiggins,20220310,Jump Shot,3PT Field Goal,Right Corner 3,Right Side(R),23,233,16,0
Andrew Wiggins,20220310,Jump Shot,3PT Field Goal,Left Corner 3,Left Side(L),23,-234,-5,0
Andrew Wiggins,20220310,Step Back Jump shot,3PT Field Goal,Above the Break 3,Center(C),25,27,252,0
Andrew Wiggins,20220310,Turnaround Fadeaway Bank Jump Shot,2PT Field Goal,Restricted Area,Center(C),2,-28,5,1
Andrew Wiggins,20220310,Jump Shot,3PT Field Goal,Above the Break 3,Left Side Center(LC),24,-167,182,0
Andrew Wiggins,20220310,Cutting Layup Shot,2PT Field Goal,In The Paint (Non-RA),Center(C),5,50,27,1
Andrew Wiggins,20220310,Jump Shot,3PT Field Goal,Left Corner 3,Left Side(L),22,-227,15,0
Andrew Wiggins,20220310,Driving Floating Jump Shot,2PT Field Goal,In The Paint (Non-RA),Right Side(R),9,61,69,0
Andrew Wiggins,20220310,Jump Shot,3PT Field Goal,Above the Break 3,Left Side Center(LC),28,-157,235,0
Andrew Wiggins,20220312,Driving Layup Shot,2PT Field Goal,In The Paint (Non-RA),Center(C),5,-37,37,0
Andrew Wiggins,20220312,Step Back Jump shot,2PT Field Goal,Mid-Range,Center(C),19,1,190,1
Andrew Wiggins,20220312,Jump Shot,3PT Field Goal,Above the Break 3,Left Side Center(LC),25,-172,188,0
Andrew Wiggins,20220312,Jump Shot,3PT Field Goal,Above the Break 3,Right Side Center(RC),28,147,248,0
Andrew Wiggins,20220312,Jump Shot,3PT Field Goal,Above the Break 3,Right Side Center(RC),26,107,239,0
Andrew Wiggins,20220312,Cutting Dunk Shot,2PT Field Goal,Restricted Area,Center(C),3,11,34,1
Andrew Wiggins,20220312,Putback Dunk Shot,2PT Field Goal,Restricted Area,Center(C),0,0,0,1
Andrew Wiggins,20220312,Turnaround Fadeaway shot,2PT Field Goal,Mid-Range,Left Side(L),10,-109,9,1
Andrew Wiggins,20220312,Jump Shot,3PT Field Goal,Above the Break 3,Center(C),24,39,245,1
Andrew Wiggins,20220312,Pullup Jump shot,3PT Field Goal,Above the Break 3,Right Side Center(RC),26,147,222,0
Andrew Wiggins,20220312,Putback Layup Shot,2PT Field Goal,In The Paint (Non-RA),Center(C),5,-6,54,1
Andrew Wiggins,20220312,Step Back Jump shot,2PT Field Goal,Mid-Range,Left Side(L),18,-161,92,0
Andrew Wiggins,20220312,Jump Shot,3PT Field Goal,Above the Break 3,Right Side Center(RC),25,85,244,1
Andrew Wiggins,20220312,Jump Shot,3PT Field Goal,Left Corner 3,Left Side(L),22,-229,10,1
Andrew Wiggins,20220312,Running Layup Shot,2PT Field Goal,In The Paint (Non-RA),Center(C),7,-67,37,0
Andrew Wiggins,20220312,Jump Shot,3PT Field Goal,Left Corner 3,Left Side(L),23,-235,2,0
Andrew Wiggins,20220320,Alley Oop Layup shot,2PT Field Goal,Restricted Area,Center(C),3,-33,18,0
Andrew Wiggins,20220320,Putback Layup Shot,2PT Field Goal,Restricted Area,Center(C),2,-15,24,0
Andrew Wiggins,20220320,Turnaround Hook Shot,2PT Field Goal,In The Paint (Non-RA),Center(C),6,-22,64,1
Andrew Wiggins,20220320,Pullup Jump shot,2PT Field Goal,Mid-Range,Left Side(L),12,-120,42,0
Andrew Wiggins,20220320,Jump Shot,3PT Field Goal,Right Corner 3,Right Side(R),24,232,73,0
Andrew Wiggins,20220320,Driving Layup Shot,2PT Field Goal,In The Paint (Non-RA),Center(C),4,-28,31,1
Andrew Wiggins,20220320,Turnaround Jump Shot,2PT Field Goal,Mid-Range,Right Side(R),12,126,-15,0
Andrew Wiggins,20220320,Turnaround Fadeaway shot,2PT Field Goal,Mid-Range,Left Side(L),10,-100,6,0
Andrew Wiggins,20220320,Driving Layup Shot,2PT Field Goal,In The Paint (Non-RA),Center(C),4,26,34,1
Andrew Wiggins,20220320,Pullup Jump shot,3PT Field Goal,Above the Break 3,Right Side Center(RC),25,217,142,0
Andrew Wiggins,20220320,Running Jump Shot,3PT Field Goal,Above the Break 3,Left Side Center(LC),25,-199,167,0
Andrew Wiggins,20220320,Driving Floating Bank Jump Shot,2PT Field Goal,In The Paint (Non-RA),Center(C),7,17,73,1
Andrew Wiggins,20220320,Fadeaway Jump Shot,2PT Field Goal,In The Paint (Non-RA),Center(C),11,13,110,1
Andrew Wiggins,20220322,Step Back Jump shot,2PT Field Goal,Mid-Range,Left Side(L),13,-129,33,0
Andrew Wiggins,20220322,Jump Shot,3PT Field Goal,Above the Break 3,Center(C),26,76,249,0
Andrew Wiggins,20220322,Turnaround Jump Shot,2PT Field Goal,In The Paint (Non-RA),Right Side(R),8,51,74,0
Andrew Wiggins,20220322,Driving Layup Shot,2PT Field Goal,Restricted Area,Center(C),3,5,39,1
Andrew Wiggins,20220322,Running Layup Shot,2PT Field Goal,Restricted Area,Center(C),3,-12,33,0
Andrew Wiggins,20220322,Jump Shot,3PT Field Goal,Above the Break 3,Left Side Center(LC),27,-92,260,0
Andrew Wiggins,20220322,Turnaround Hook Shot,2PT Field Goal,In The Paint (Non-RA),Center(C),7,-31,64,0
Andrew Wiggins,20220322,Pullup Jump shot,3PT Field Goal,Above the Break 3,Left Side Center(LC),26,-221,138,0
Andrew Wiggins,20220322,Driving Floating Jump Shot,2PT Field Goal,In The Paint (Non-RA),Center(C),10,1,106,0
Andrew Wiggins,20220322,Jump Shot,3PT Field Goal,Above the Break 3,Center(C),25,5,250,0
Andrew Wiggins,20220322,Turnaround Hook Shot,2PT Field Goal,In The Paint (Non-RA),Center(C),7,-18,68,1
Andrew Wiggins,20220322,Turnaround Jump Shot,2PT Field Goal,Restricted Area,Center(C),3,23,26,0
Andrew Wiggins,20220322,Jump Shot,3PT Field Goal,Above the Break 3,Right Side Center(RC),25,223,122,1
Andrew Wiggins,20220322,Driving Layup Shot,2PT Field Goal,Restricted Area,Center(C),0,-6,6,0
Andrew Wiggins,20220322,Pullup Jump shot,2PT Field Goal,Mid-Range,Center(C),17,-26,168,0
Andrew Wiggins,20220322,Turnaround Hook Shot,2PT Field Goal,In The Paint (Non-RA),Center(C),5,-21,48,0
Andrew Wiggins,20220322,Hook Shot,2PT Field Goal,In The Paint (Non-RA),Center(C),5,34,47,1
Andrew Wiggins,20220322,Driving Layup Shot,2PT Field Goal,Restricted Area,Center(C),2,-28,3,0
Andrew Wiggins,20220322,Jump Shot,3PT Field Goal,Left Corner 3,Left Side(L),22,-225,-10,1
Andrew Wiggins,20220323,Pullup Jump shot,3PT Field Goal,Above the Break 3,Center(C),25,25,256,0
Andrew Wiggins,20220323,Step Back Jump shot,2PT Field Goal,Mid-Range,Right Side(R),19,197,14,0
Andrew Wiggins,20220323,Driving Layup Shot,2PT Field Goal,Restricted Area,Center(C),1,-17,8,1
Andrew Wiggins,20220323,Fadeaway Jump Shot,2PT Field Goal,In The Paint (Non-RA),Center(C),11,33,113,0
Andrew Wiggins,20220323,Pullup Jump shot,3PT Field Goal,Above the Break 3,Left Side Center(LC),26,-123,236,0
Andrew Wiggins,20220323,Jump Shot,3PT Field Goal,Above the Break 3,Left Side Center(LC),26,-213,152,1
Andrew Wiggins,20220323,Step Back Jump shot,2PT Field Goal,Mid-Range,Right Side(R),10,91,54,1
Andrew Wiggins,20220323,Jump Shot,3PT Field Goal,Above the Break 3,Right Side Center(RC),25,189,173,1
Andrew Wiggins,20220323,Jump Shot,3PT Field Goal,Left Corner 3,Left Side(L),24,-230,87,0
Andrew Wiggins,20220323,Driving Hook Shot,2PT Field Goal,In The Paint (Non-RA),Center(C),6,1,65,1
Andrew Wiggins,20220323,Step Back Jump shot,2PT Field Goal,Mid-Range,Right Side(R),18,188,21,0
Andrew Wiggins,20220323,Cutting Finger Roll Layup Shot,2PT Field Goal,Restricted Area,Center(C),1,-12,13,1
Andrew Wiggins,20220323,Driving Layup Shot,2PT Field Goal,Restricted Area,Center(C),2,-21,8,0
Andrew Wiggins,20220323,Jump Shot,3PT Field Goal,Above the Break 3,Left Side Center(LC),25,-216,132,0
Andrew Wiggins,20220323,Driving Layup Shot,2PT Field Goal,Restricted Area,Center(C),1,4,19,1
Andrew Wiggins,20220323,Jump Shot,3PT Field Goal,Left Corner 3,Left Side(L),25,-243,85,1
Andrew Wiggins,20220325,Jump Shot,3PT Field Goal,Above the Break 3,Right Side Center(RC),24,190,158,0
Andrew Wiggins,20220325,Jump Shot,3PT Field Goal,Above the Break 3,Center(C),26,23,260,1
Andrew Wiggins,20220325,Hook Shot,2PT Field Goal,In The Paint (Non-RA),Center(C),4,-34,25,1
Andrew Wiggins,20220325,Driving Layup Shot,2PT Field Goal,Restricted Area,Center(C),1,-11,14,1
Andrew Wiggins,20220325,Jump Shot,3PT Field Goal,Above the Break 3,Right Side Center(RC),24,224,90,0
Andrew Wiggins,20220325,Jump Shot,2PT Field Goal,Mid-Range,Right Side(R),13,124,40,0
Andrew Wiggins,20220325,Jump Shot,3PT Field Goal,Left Corner 3,Left Side(L),23,-232,10,0
Andrew Wiggins,20220325,Driving Floating Jump Shot,2PT Field Goal,In The Paint (Non-RA),Center(C),9,36,86,1
Andrew Wiggins,20220325,Driving Floating Jump Shot,2PT Field Goal,In The Paint (Non-RA),Center(C),6,-43,54,0
Andrew Wiggins,20220327,Pullup Jump shot,2PT Field Goal,Mid-Range,Right Side(R),14,135,63,0
Andrew Wiggins,20220327,Turnaround Fadeaway shot,2PT Field Goal,In The Paint (Non-RA),Left Side(L),13,-71,115,1
Andrew Wiggins,20220327,Jump Shot,3PT Field Goal,Above the Break 3,Left Side Center(LC),25,-201,163,0
Andrew Wiggins,20220327,Cutting Finger Roll Layup Shot,2PT Field Goal,Restricted Area,Center(C),2,-12,25,1
Andrew Wiggins,20220327,Driving Layup Shot,2PT Field Goal,Restricted Area,Center(C),2,-12,26,0
Andrew Wiggins,20220327,Driving Layup Shot,2PT Field Goal,Restricted Area,Center(C),2,-22,19,1
Andrew Wiggins,20220327,Driving Layup Shot,2PT Field Goal,In The Paint (Non-RA),Center(C),6,-16,68,0
Andrew Wiggins,20220327,Driving Layup Shot,2PT Field Goal,In The Paint (Non-RA),Center(C),5,50,27,1
Andrew Wiggins,20220327,Pullup Jump shot,3PT Field Goal,Above the Break 3,Center(C),26,53,257,0
Andrew Wiggins,20220327,Cutting Layup Shot,2PT Field Goal,Restricted Area,Center(C),2,26,11,1
Andrew Wiggins,20220327,Turnaround Hook Shot,2PT Field Goal,In The Paint (Non-RA),Center(C),4,31,39,1
Andrew Wiggins,20220327,Turnaround Jump Shot,2PT Field Goal,In The Paint (Non-RA),Center(C),6,67,17,1
Andrew Wiggins,20220327,Cutting Layup Shot,2PT Field Goal,In The Paint (Non-RA),Center(C),5,54,20,1
Andrew Wiggins,20220327,Jump Shot,3PT Field Goal,Left Corner 3,Left Side(L),23,-233,53,0
Andrew Wiggins,20220328,Driving Floating Jump Shot,2PT Field Goal,Restricted Area,Center(C),2,0,25,1
Andrew Wiggins,20220328,Step Back Jump shot,3PT Field Goal,Above the Break 3,Left Side Center(LC),26,-93,244,0
Andrew Wiggins,20220328,Jump Shot,3PT Field Goal,Above the Break 3,Left Side Center(LC),25,-97,239,0
Andrew Wiggins,20220328,Turnaround Jump Shot,2PT Field Goal,In The Paint (Non-RA),Center(C),6,-29,55,1
Andrew Wiggins,20220328,Jump Shot,3PT Field Goal,Above the Break 3,Right Side Center(RC),26,93,246,0
Andrew Wiggins,20220328,Driving Floating Jump Shot,2PT Field Goal,In The Paint (Non-RA),Center(C),7,-26,75,0
Andrew Wiggins,20220328,Driving Finger Roll Layup Shot,2PT Field Goal,Restricted Area,Center(C),2,-9,27,0
Andrew Wiggins,20220328,Jump Shot,3PT Field Goal,Above the Break 3,Left Side Center(LC),26,-130,236,0
Andrew Wiggins,20220328,Jump Shot,3PT Field Goal,Left Corner 3,Left Side(L),23,-228,60,0
Andrew Wiggins,20220328,Tip Layup Shot,2PT Field Goal,Restricted Area,Center(C),0,0,0,1
Andrew Wiggins,20220328,Driving Floating Jump Shot,2PT Field Goal,In The Paint (Non-RA),Center(C),4,-34,25,0
Andrew Wiggins,20220328,Turnaround Hook Shot,2PT Field Goal,In The Paint (Non-RA),Center(C),7,11,71,1
Andrew Wiggins,20220328,Layup Shot,2PT Field Goal,Restricted Area,Center(C),1,-12,5,1
Andrew Wiggins,20220328,Step Back Jump shot,2PT Field Goal,Mid-Range,Left Side Center(LC),16,-86,135,0
Andrew Wiggins,20220328,Pullup Jump shot,2PT Field Goal,In The Paint (Non-RA),Center(C),6,37,55,0
Andrew Wiggins,20220330,Floating Jump shot,2PT Field Goal,In The Paint (Non-RA),Center(C),7,65,31,0
Andrew Wiggins,20220330,Jump Shot,3PT Field Goal,Above the Break 3,Left Side Center(LC),25,-178,189,1
Andrew Wiggins,20220330,Cutting Finger Roll Layup Shot,2PT Field Goal,Restricted Area,Center(C),1,-11,13,1
Andrew Wiggins,20220330,Jump Shot,3PT Field Goal,Above the Break 3,Right Side Center(RC),26,178,195,1
Andrew Wiggins,20220330,Jump Shot,3PT Field Goal,Above the Break 3,Right Side Center(RC),26,183,192,0
Andrew Wiggins,20220330,Layup Shot,2PT Field Goal,Restricted Area,Center(C),2,25,8,0
Andrew Wiggins,20220330,Putback Layup Shot,2PT Field Goal,Restricted Area,Center(C),0,0,0,0
Andrew Wiggins,20220330,Step Back Jump shot,2PT Field Goal,Mid-Range,Left Side(L),17,-141,100,0
Andrew Wiggins,20220330,Pullup Jump shot,2PT Field Goal,Mid-Range,Center(C),18,-20,183,1
Andrew Wiggins,20220330,Step Back Jump shot,2PT Field Goal,Mid-Range,Right Side(R),14,138,54,0
Andrew Wiggins,20220330,Jump Shot,3PT Field Goal,Left Corner 3,Left Side(L),24,-233,74,0
Andrew Wiggins,20220330,Layup Shot,2PT Field Goal,In The Paint (Non-RA),Center(C),4,6,46,1
Andrew Wiggins,20220330,Jump Shot,3PT Field Goal,Above the Break 3,Right Side Center(RC),25,141,211,0
Andrew Wiggins,20220330,Driving Floating Jump Shot,2PT Field Goal,In The Paint (Non-RA),Right Side(R),8,78,32,0
Andrew Wiggins,20220330,Tip Dunk Shot,2PT Field Goal,Restricted Area,Center(C),0,0,0,1
Andrew Wiggins,20220330,Jump Shot,3PT Field Goal,Left Corner 3,Left Side(L),24,-240,13,0
Andrew Wiggins,20220402,Driving Floating Jump Shot,2PT Field Goal,In The Paint (Non-RA),Right Side(R),9,72,57,0
Andrew Wiggins,20220402,Jump Shot,3PT Field Goal,Left Corner 3,Left Side(L),23,-230,-4,1
Andrew Wiggins,20220402,Step Back Jump shot,2PT Field Goal,In The Paint (Non-RA),Center(C),11,-31,111,0
Andrew Wiggins,20220402,Jump Shot,3PT Field Goal,Above the Break 3,Center(C),25,-74,243,0
Andrew Wiggins,20220402,Driving Floating Jump Shot,2PT Field Goal,In The Paint (Non-RA),Center(C),7,26,72,1
Andrew Wiggins,20220402,Jump Shot,2PT Field Goal,Mid-Range,Right Side Center(RC),18,147,109,1
Andrew Wiggins,20220402,Driving Dunk Shot,2PT Field Goal,Restricted Area,Center(C),2,6,22,1
Andrew Wiggins,20220402,Jump Shot,3PT Field Goal,Above the Break 3,Left Side Center(LC),26,-208,159,1
Andrew Wiggins,20220402,Pullup Jump shot,2PT Field Goal,Mid-Range,Right Side(R),12,126,28,1
Andrew Wiggins,20220402,Running Pull-Up Jump Shot,3PT Field Goal,Above the Break 3,Left Side Center(LC),27,-112,256,1
Andrew Wiggins,20220403,Jump Shot,2PT Field Goal,Mid-Range,Left Side(L),18,-186,15,0
Andrew Wiggins,20220403,Jump Shot,3PT Field Goal,Above the Break 3,Right Side Center(RC),24,183,167,0
Andrew Wiggins,20220403,Pullup Jump shot,3PT Field Goal,Above the Break 3,Left Side Center(LC),25,-88,238,1
Andrew Wiggins,20220403,Turnaround Fadeaway shot,2PT Field Goal,In The Paint (Non-RA),Right Side(R),13,67,116,1
Andrew Wiggins,20220403,Driving Layup Shot,2PT Field Goal,Restricted Area,Center(C),3,-29,16,0
Andrew Wiggins,20220403,Jump Shot,3PT Field Goal,Above the Break 3,Center(C),26,-18,267,0
Andrew Wiggins,20220403,Jump Shot,3PT Field Goal,Above the Break 3,Right Side Center(RC),27,164,215,1
Andrew Wiggins,20220403,Layup Shot,2PT Field Goal,Restricted Area,Center(C),3,34,11,0
Andrew Wiggins,20220403,Driving Layup Shot,2PT Field Goal,Restricted Area,Center(C),1,13,8,1
Andrew Wiggins,20220403,Jump Shot,3PT Field Goal,Above the Break 3,Right Side Center(RC),24,143,204,1
Andrew Wiggins,20220403,Jump Shot,3PT Field Goal,Above the Break 3,Left Side Center(LC),24,-194,152,0
Andrew Wiggins,20220403,Step Back Jump shot,2PT Field Goal,Mid-Range,Right Side Center(RC),17,80,161,0
Andrew Wiggins,20220403,Driving Layup Shot,2PT Field Goal,Restricted Area,Center(C),2,-21,8,1
Andrew Wiggins,20220403,Jump Shot,2PT Field Goal,In The Paint (Non-RA),Center(C),12,-1,120,0
Andrew Wiggins,20220403,Jump Shot,3PT Field Goal,Above the Break 3,Left Side Center(LC),25,-201,150,1
Andrew Wiggins,20220403,Driving Dunk Shot,2PT Field Goal,Restricted Area,Center(C),2,-17,19,1
Andrew Wiggins,20220407,Running Layup Shot,2PT Field Goal,In The Paint (Non-RA),Center(C),5,5,53,1
Andrew Wiggins,20220407,Turnaround Fadeaway Bank Jump Shot,2PT Field Goal,In The Paint (Non-RA),Center(C),6,-1,69,1
Andrew Wiggins,20220407,Jump Shot,3PT Field Goal,Left Corner 3,Left Side(L),23,-233,-9,1
Andrew Wiggins,20220407,Jump Shot,3PT Field Goal,Above the Break 3,Left Side Center(LC),26,-217,155,0
Andrew Wiggins,20220407,Step Back Jump shot,2PT Field Goal,Mid-Range,Center(C),18,-6,180,1
Andrew Wiggins,20220407,Turnaround Fadeaway shot,2PT Field Goal,Mid-Range,Left Side(L),14,-106,93,0
Andrew Wiggins,20220407,Driving Dunk Shot,2PT Field Goal,Restricted Area,Center(C),3,12,38,1
Andrew Wiggins,20220407,Pullup Jump shot,2PT Field Goal,Mid-Range,Right Side Center(RC),19,147,122,0
Andrew Wiggins,20220407,Pullup Jump shot,3PT Field Goal,Above the Break 3,Center(C),25,33,256,1
Andrew Wiggins,20220407,Jump Shot,3PT Field Goal,Above the Break 3,Center(C),26,16,260,0
Andrew Wiggins,20220407,Jump Shot,3PT Field Goal,Above the Break 3,Left Side Center(LC),25,-170,185,1
Andrew Wiggins,20220407,Driving Layup Shot,2PT Field Goal,In The Paint (Non-RA),Center(C),5,43,31,0
Andrew Wiggins,20220409,Jump Shot,3PT Field Goal,Above the Break 3,Center(C),25,-71,240,0
Andrew Wiggins,20220409,Pullup Jump shot,2PT Field Goal,In The Paint (Non-RA),Center(C),11,37,110,0
Andrew Wiggins,20220409,Turnaround Fadeaway shot,2PT Field Goal,In The Paint (Non-RA),Left Side(L),9,-58,77,1
Andrew Wiggins,20220409,Driving Finger Roll Layup Shot,2PT Field Goal,Restricted Area,Center(C),1,-18,6,0
Andrew Wiggins,20220409,Jump Shot,3PT Field Goal,Above the Break 3,Right Side Center(RC),28,159,236,1
Andrew Wiggins,20220409,Jump Shot,2PT Field Goal,Mid-Range,Left Side Center(LC),17,-131,123,1
Andrew Wiggins,20220409,Jump Shot,3PT Field Goal,Above the Break 3,Right Side Center(RC),26,119,238,1
Andrew Wiggins,20220409,Pullup Jump shot,3PT Field Goal,Above the Break 3,Right Side Center(RC),27,197,186,0
Andrew Wiggins,20220409,Jump Shot,3PT Field Goal,Above the Break 3,Right Side Center(RC),26,104,248,0
Andrew Wiggins,20220409,Driving Floating Jump Shot,2PT Field Goal,In The Paint (Non-RA),Center(C),4,-22,39,0
Andrew Wiggins,20220409,Pullup Jump shot,3PT Field Goal,Above the Break 3,Left Side Center(LC),28,-164,236,0
Andrew Wiggins,20220409,Jump Shot,3PT Field Goal,Above the Break 3,Left Side Center(LC),28,-129,249,0
Andrew Wiggins,20220409,Cutting Finger Roll Layup Shot,2PT Field Goal,Restricted Area,Center(C),3,-28,15,1
Draymond Green,20211019,Floating Jump shot,2PT Field Goal,In The Paint (Non-RA),Center(C),8,-4,80,0
Draymond Green,20211019,Tip Layup Shot,2PT Field Goal,Restricted Area,Center(C),0,0,0,0
Draymond Green,20211019,Cutting Layup Shot,2PT Field Goal,Restricted Area,Center(C),2,-2,20,1
Draymond Green,20211019,Layup Shot,2PT Field Goal,Restricted Area,Center(C),2,-1,20,0
Draymond Green,20211019,Cutting Layup Shot,2PT Field Goal,Restricted Area,Center(C),1,-4,12,1
Draymond Green,20211021,Pullup Jump shot,2PT Field Goal,Mid-Range,Center(C),17,-9,172,0
Draymond Green,20211021,Driving Floating Jump Shot,2PT Field Goal,In The Paint (Non-RA),Center(C),7,-4,71,1
Draymond Green,20211021,Layup Shot,2PT Field Goal,Restricted Area,Center(C),1,-12,11,1
Draymond Green,20211021,Layup Shot,2PT Field Goal,Restricted Area,Center(C),1,13,0,1
Draymond Green,20211021,Layup Shot,2PT Field Goal,Restricted Area,Center(C),2,-22,4,1
Draymond Green,20211024,Jump Shot,2PT Field Goal,Mid-Range,Center(C),15,1,152,0
Draymond Green,20211024,Tip Layup Shot,2PT Field Goal,Restricted Area,Center(C),0,0,0,0
Draymond Green,20211024,Cutting Dunk Shot,2PT Field Goal,Restricted Area,Center(C),1,5,10,1
Draymond Green,20211024,Jump Shot,3PT Field Goal,Above the Break 3,Left Side Center(LC),25,-184,180,1
Draymond Green,20211024,Driving Layup Shot,2PT Field Goal,In The Paint (Non-RA),Center(C),4,-21,36,0
Draymond Green,20211024,Cutting Layup Shot,2PT Field Goal,Restricted Area,Center(C),2,25,6,1
Draymond Green,20211024,Dunk Shot,2PT Field Goal,Restricted Area,Center(C),0,4,4,1
Draymond Green,20211024,Jump Shot,3PT Field Goal,Right Corner 3,Right Side(R),23,232,14,0
Draymond Green,20211024,Floating Jump shot,2PT Field Goal,In The Paint (Non-RA),Center(C),8,10,82,0
Draymond Green,20211024,Cutting Layup Shot,2PT Field Goal,Restricted Area,Center(C),1,17,6,1
Draymond Green,20211024,Layup Shot,2PT Field Goal,In The Paint (Non-RA),Center(C),5,-1,51,0
Draymond Green,20211024,Layup Shot,2PT Field Goal,Restricted Area,Center(C),1,-11,14,1
Draymond Green,20211026,Driving Layup Shot,2PT Field Goal,Restricted Area,Center(C),1,-17,8,1
Draymond Green,20211026,Jump Shot,3PT Field Goal,Above the Break 3,Center(C),24,55,242,1
Draymond Green,20211026,Pullup Jump shot,2PT Field Goal,Mid-Range,Center(C),22,56,217,0
Draymond Green,20211026,Layup Shot,2PT Field Goal,Restricted Area,Center(C),2,20,-2,1
Draymond Green,20211028,Driving Floating Jump Shot,2PT Field Goal,In The Paint (Non-RA),Center(C),11,7,117,0
Draymond Green,20211028,Cutting Layup Shot,2PT Field Goal,Restricted Area,Center(C),3,26,19,1
Draymond Green,20211028,Turnaround Hook Shot,2PT Field Goal,In The Paint (Non-RA),Center(C),6,59,32,0
Draymond Green,20211028,Driving Layup Shot,2PT Field Goal,In The Paint (Non-RA),Center(C),5,22,47,1
Draymond Green,20211028,Layup Shot,2PT Field Goal,Restricted Area,Center(C),2,-16,12,0
Draymond Green,20211030,Driving Layup Shot,2PT Field Goal,In The Paint (Non-RA),Center(C),4,-40,17,1
Draymond Green,20211030,Jump Shot,3PT Field Goal,Above the Break 3,Left Side Center(LC),25,-134,214,0
Draymond Green,20211030,Floating Jump shot,2PT Field Goal,In The Paint (Non-RA),Center(C),13,-20,132,1
Draymond Green,20211030,Dunk Shot,2PT Field Goal,Restricted Area,Center(C),0,9,4,1
Draymond Green,20211030,Jump Shot,3PT Field Goal,Right Corner 3,Right Side(R),22,222,29,1
Draymond Green,20211030,Dunk Shot,2PT Field Goal,Restricted Area,Center(C),1,6,10,1
Draymond Green,20211030,Pullup Jump shot,2PT Field Goal,In The Paint (Non-RA),Right Side(R),8,44,73,0
Draymond Green,20211030,Driving Layup Shot,2PT Field Goal,Restricted Area,Center(C),1,-11,7,1
Draymond Green,20211103,Running Dunk Shot,2PT Field Goal,Restricted Area,Center(C),2,27,-4,0
Draymond Green,20211103,Jump Shot,2PT Field Goal,Mid-Range,Right Side Center(RC),23,159,174,0
Draymond Green,20211103,Running Layup Shot,2PT Field Goal,Restricted Area,Center(C),2,-9,22,1
Draymond Green,20211103,Tip Layup Shot,2PT Field Goal,Restricted Area,Center(C),1,2,11,0
Draymond Green,20211103,Running Layup Shot,2PT Field Goal,Restricted Area,Center(C),2,-15,24,1
Draymond Green,20211105,Jump Shot,3PT Field Goal,Right Corner 3,Right Side(R),23,233,1,0
Draymond Green,20211105,Cutting Layup Shot,2PT Field Goal,In The Paint (Non-RA),Center(C),6,17,64,1
Draymond Green,20211105,Tip Layup Shot,2PT Field Goal,Restricted Area,Center(C),0,0,0,1
Draymond Green,20211105,Dunk Shot,2PT Field Goal,Restricted Area,Center(C),3,-10,31,1
Draymond Green,20211105,Jump Shot,3PT Field Goal,Above the Break 3,Left Side Center(LC),26,-141,223,0
Draymond Green,20211107,Jump Shot,3PT Field Goal,Above the Break 3,Right Side Center(RC),24,178,172,0
Draymond Green,20211107,Driving Finger Roll Layup Shot,2PT Field Goal,Restricted Area,Center(C),1,7,15,1
Draymond Green,20211107,Cutting Layup Shot,2PT Field Goal,Restricted Area,Center(C),1,2,17,1
Draymond Green,20211107,Jump Shot,2PT Field Goal,Mid-Range,Left Side Center(LC),17,-112,136,1
Draymond Green,20211107,Layup Shot,2PT Field Goal,Restricted Area,Center(C),1,17,1,0
Draymond Green,20211108,Jump Shot,3PT Field Goal,Above the Break 3,Left Side Center(LC),27,-205,188,0
Draymond Green,20211108,Floating Jump shot,2PT Field Goal,In The Paint (Non-RA),Center(C),11,53,106,0
Draymond Green,20211108,Hook Shot,2PT Field Goal,In The Paint (Non-RA),Center(C),5,-9,52,0
Draymond Green,20211108,Layup Shot,2PT Field Goal,In The Paint (Non-RA),Center(C),5,-38,33,0
Draymond Green,20211108,Tip Layup Shot,2PT Field Goal,Restricted Area,Center(C),0,0,0,0
Draymond Green,20211108,Cutting Layup Shot,2PT Field Goal,In The Paint (Non-RA),Center(C),4,34,29,1
Draymond Green,20211108,Cutting Dunk Shot,2PT Field Goal,Restricted Area,Center(C),1,16,10,1
Draymond Green,20211108,Jump Shot,2PT Field Goal,Mid-Range,Right Side Center(RC),18,120,146,0
Draymond Green,20211110,Jump Shot,3PT Field Goal,Right Corner 3,Right Side(R),22,225,26,0
Draymond Green,20211110,Layup Shot,2PT Field Goal,Restricted Area,Center(C),3,-16,31,0
Draymond Green,20211110,Tip Layup Shot,2PT Field Goal,Restricted Area,Center(C),0,0,0,0
Draymond Green,20211112,Driving Floating Bank Jump Shot,2PT Field Goal,In The Paint (Non-RA),Right Side(R),9,71,57,0
Draymond Green,20211112,Running Layup Shot,2PT Field Goal,Restricted Area,Center(C),3,-20,27,1
Draymond Green,20211112,Running Dunk Shot,2PT Field Goal,Restricted Area,Center(C),1,-11,15,1
Draymond Green,20211112,Jump Shot,3PT Field Goal,Above the Break 3,Center(C),27,40,268,1
Draymond Green,20211112,Driving Floating Jump Shot,2PT Field Goal,Mid-Range,Center(C),15,-2,158,0
Draymond Green,20211112,Driving Finger Roll Layup Shot,2PT Field Goal,Restricted Area,Center(C),3,18,31,1
Draymond Green,20211114,Cutting Layup Shot,2PT Field Goal,Restricted Area,Center(C),2,22,6,1
Draymond Green,20211114,Jump Shot,3PT Field Goal,Above the Break 3,Left Side Center(LC),24,-175,178,1
Draymond Green,20211114,Layup Shot,2PT Field Goal,Restricted Area,Center(C),1,-13,15,0
Draymond Green,20211114,Layup Shot,2PT Field Goal,Restricted Area,Center(C),1,11,12,1
Draymond Green,20211114,Driving Layup Shot,2PT Field Goal,Restricted Area,Center(C),1,12,11,1
Draymond Green,20211114,Jump Shot,3PT Field Goal,Above the Break 3,Right Side Center(RC),26,129,231,0
Draymond Green,20211114,Driving Dunk Shot,2PT Field Goal,Restricted Area,Center(C),0,5,8,1
Draymond Green,20211116,Jump Shot,3PT Field Goal,Left Corner 3,Left Side(L),23,-233,-13,0
Draymond Green,20211116,Layup Shot,2PT Field Goal,Restricted Area,Center(C),2,-22,11,1
Draymond Green,20211116,Hook Bank Shot,2PT Field Goal,In The Paint (Non-RA),Center(C),4,43,6,1
Draymond Green,20211116,Running Dunk Shot,2PT Field Goal,Restricted Area,Center(C),0,-4,4,1
Draymond Green,20211116,Jump Shot,3PT Field Goal,Above the Break 3,Center(C),27,78,264,1
Draymond Green,20211116,Driving Layup Shot,2PT Field Goal,Restricted Area,Center(C),2,-21,12,1
Draymond Green,20211118,Driving Floating Jump Shot,2PT Field Goal,In The Paint (Non-RA),Center(C),6,-66,3,1
Draymond Green,20211118,Driving Layup Shot,2PT Field Goal,Restricted Area,Center(C),0,2,3,1
Draymond Green,20211118,Jump Shot,3PT Field Goal,Above the Break 3,Right Side Center(RC),25,147,207,0
Draymond Green,20211121,Running Layup Shot,2PT Field Goal,In The Paint (Non-RA),Center(C),4,-45,2,1
Draymond Green,20211121,Running Dunk Shot,2PT Field Goal,In The Paint (Non-RA),Center(C),4,42,17,0
Draymond Green,20211121,Jump Shot,3PT Field Goal,Above the Break 3,Right Side Center(RC),26,145,222,0
Draymond Green,20211124,Jump Shot,3PT Field Goal,Above the Break 3,Right Side Center(RC),26,141,223,0
Draymond Green,20211124,Layup Shot,2PT Field Goal,In The Paint (Non-RA),Center(C),6,9,64,0
Draymond Green,20211124,Cutting Layup Shot,2PT Field Goal,Restricted Area,Center(C),3,28,23,1
Draymond Green,20211124,Running Dunk Shot,2PT Field Goal,Restricted Area,Center(C),2,-5,29,1
Draymond Green,20211124,Cutting Dunk Shot,2PT Field Goal,In The Paint (Non-RA),Center(C),4,-16,40,1
Draymond Green,20211126,Cutting Layup Shot,2PT Field Goal,In The Paint (Non-RA),Center(C),5,44,27,1
Draymond Green,20211126,Layup Shot,2PT Field Goal,In The Paint (Non-RA),Center(C),4,-48,2,0
Draymond Green,20211126,Jump Shot,3PT Field Goal,Above the Break 3,Left Side Center(LC),27,-110,247,0
Draymond Green,20211126,Running Layup Shot,2PT Field Goal,In The Paint (Non-RA),Center(C),4,44,17,1
Draymond Green,20211126,Driving Layup Shot,2PT Field Goal,In The Paint (Non-RA),Center(C),5,39,35,0
Draymond Green,20211126,Running Layup Shot,2PT Field Goal,In The Paint (Non-RA),Center(C),4,-43,4,1
Draymond Green,20211126,Layup Shot,2PT Field Goal,Restricted Area,Center(C),3,-32,8,1
Draymond Green,20211126,Driving Dunk Shot,2PT Field Goal,Restricted Area,Center(C),2,15,19,1
Draymond Green,20211128,Jump Shot,2PT Field Goal,Mid-Range,Center(C),18,-11,180,0
Draymond Green,20211128,Layup Shot,2PT Field Goal,Restricted Area,Center(C),1,17,7,1
Draymond Green,20211128,Driving Floating Jump Shot,2PT Field Goal,In The Paint (Non-RA),Center(C),11,1,112,0
Draymond Green,20211128,Driving Reverse Layup Shot,2PT Field Goal,Restricted Area,Center(C),1,-18,3,1
Draymond Green,20211128,Cutting Layup Shot,2PT Field Goal,Restricted Area,Center(C),1,10,15,1
Draymond Green,20211128,Cutting Layup Shot,2PT Field Goal,Restricted Area,Center(C),2,16,16,0
Draymond Green,20211128,Fadeaway Jump Shot,2PT Field Goal,Mid-Range,Right Side Center(RC),20,65,195,0
Draymond Green,20211130,Driving Finger Roll Layup Shot,2PT Field Goal,Restricted Area,Center(C),2,-20,17,1
Draymond Green,20211130,Tip Layup Shot,2PT Field Goal,Restricted Area,Center(C),1,4,10,0
Draymond Green,20211130,Cutting Layup Shot,2PT Field Goal,In The Paint (Non-RA),Center(C),6,6,61,0
Draymond Green,20211130,Cutting Dunk Shot,2PT Field Goal,Restricted Area,Center(C),3,-6,31,1
Draymond Green,20211130,Fadeaway Jump Shot,2PT Field Goal,In The Paint (Non-RA),Center(C),8,-28,75,1
Draymond Green,20211130,Driving Layup Shot,2PT Field Goal,In The Paint (Non-RA),Center(C),5,42,41,0
Draymond Green,20211130,Cutting Layup Shot,2PT Field Goal,In The Paint (Non-RA),Center(C),5,-22,53,0
Draymond Green,20211130,Putback Layup Shot,2PT Field Goal,Restricted Area,Center(C),3,21,23,1
Draymond Green,20211203,Driving Finger Roll Layup Shot,2PT Field Goal,Restricted Area,Center(C),3,36,13,1
Draymond Green,20211203,Cutting Layup Shot,2PT Field Goal,In The Paint (Non-RA),Center(C),6,50,48,1
Draymond Green,20211203,Driving Floating Jump Shot,2PT Field Goal,In The Paint (Non-RA),Center(C),6,2,62,0
Draymond Green,20211203,Hook Shot,2PT Field Goal,Restricted Area,Center(C),2,18,20,0
Draymond Green,20211203,Jump Shot,2PT Field Goal,Mid-Range,Left Side Center(LC),21,-99,189,1
Draymond Green,20211203,Jump Shot,3PT Field Goal,Above the Break 3,Left Side Center(LC),27,-93,262,1
Draymond Green,20211204,Jump Shot,3PT Field Goal,Above the Break 3,Left Side Center(LC),24,-157,193,0
Draymond Green,20211204,Jump Shot,3PT Field Goal,Right Corner 3,Right Side(R),23,224,70,0
Draymond Green,20211204,Cutting Layup Shot,2PT Field Goal,Restricted Area,Center(C),2,29,7,1
Draymond Green,20211204,Turnaround Jump Shot,2PT Field Goal,In The Paint (Non-RA),Center(C),9,16,90,0
Draymond Green,20211204,Driving Dunk Shot,2PT Field Goal,Restricted Area,Center(C),2,-5,21,1
Draymond Green,20211204,Running Dunk Shot,2PT Field Goal,Restricted Area,Center(C),0,4,5,1
Draymond Green,20211204,Driving Reverse Layup Shot,2PT Field Goal,Restricted Area,Center(C),1,-7,9,1
Draymond Green,20211206,Cutting Layup Shot,2PT Field Goal,Restricted Area,Center(C),3,-36,-2,1
Draymond Green,20211206,Layup Shot,2PT Field Goal,Restricted Area,Center(C),2,20,14,1
Draymond Green,20211206,Layup Shot,2PT Field Goal,Restricted Area,Center(C),3,-27,21,1
Draymond Green,20211206,Floating Jump shot,2PT Field Goal,In The Paint (Non-RA),Center(C),13,43,125,0
Draymond Green,20211208,Jump Shot,3PT Field Goal,Above the Break 3,Center(C),27,-20,272,0
Draymond Green,20211208,Pullup Jump shot,2PT Field Goal,Mid-Range,Center(C),15,-54,148,0
Draymond Green,20211208,Driving Floating Jump Shot,2PT Field Goal,In The Paint (Non-RA),Center(C),9,7,99,0
Draymond Green,20211208,Driving Floating Jump Shot,2PT Field Goal,In The Paint (Non-RA),Right Side(R),10,55,85,0
Draymond Green,20211208,Tip Layup Shot,2PT Field Goal,Restricted Area,Center(C),0,0,0,1
Draymond Green,20211211,Running Reverse Layup Shot,2PT Field Goal,Restricted Area,Center(C),1,-12,6,0
Draymond Green,20211211,Jump Shot,3PT Field Goal,Left Corner 3,Left Side(L),24,-245,17,0
Draymond Green,20211211,Driving Floating Jump Shot,2PT Field Goal,In The Paint (Non-RA),Center(C),10,-17,101,1
Draymond Green,20211211,Driving Dunk Shot,2PT Field Goal,Restricted Area,Center(C),0,-1,-2,1
Draymond Green,20211213,Driving Finger Roll Layup Shot,2PT Field Goal,In The Paint (Non-RA),Center(C),4,27,30,0
Draymond Green,20211213,Putback Layup Shot,2PT Field Goal,Restricted Area,Center(C),1,9,13,1
Draymond Green,20211213,Running Finger Roll Layup Shot,2PT Field Goal,Restricted Area,Center(C),2,20,8,1
Draymond Green,20211213,Layup Shot,2PT Field Goal,Restricted Area,Center(C),2,20,3,1
Draymond Green,20211213,Jump Shot,3PT Field Goal,Above the Break 3,Center(C),24,-33,239,0
Draymond Green,20211213,Driving Finger Roll Layup Shot,2PT Field Goal,Restricted Area,Center(C),1,9,8,1
Draymond Green,20211213,Driving Finger Roll Layup Shot,2PT Field Goal,Restricted Area,Center(C),2,16,12,1
Draymond Green,20211213,Driving Layup Shot,2PT Field Goal,In The Paint (Non-RA),Center(C),4,-16,46,0
Draymond Green,20211213,Jump Shot,2PT Field Goal,Mid-Range,Left Side(L),17,-178,20,1
Draymond Green,20211213,Driving Finger Roll Layup Shot,2PT Field Goal,In The Paint (Non-RA),Center(C),4,-29,31,1
Draymond Green,20211214,Driving Layup Shot,2PT Field Goal,Restricted Area,Center(C),0,1,9,0
Draymond Green,20211214,Driving Layup Shot,2PT Field Goal,Restricted Area,Center(C),2,-23,11,0
Draymond Green,20211214,Driving Finger Roll Layup Shot,2PT Field Goal,Restricted Area,Center(C),2,16,16,0
Draymond Green,20211214,Cutting Dunk Shot,2PT Field Goal,Restricted Area,Center(C),1,-1,16,1
Draymond Green,20211214,Cutting Dunk Shot,2PT Field Goal,Restricted Area,Center(C),0,0,5,1
Draymond Green,20211214,Jump Shot,3PT Field Goal,Above the Break 3,Center(C),25,39,254,1
Draymond Green,20211217,Jump Shot,3PT Field Goal,Above the Break 3,Left Side Center(LC),26,-99,241,0
Draymond Green,20211217,Jump Shot,3PT Field Goal,Above the Break 3,Left Side Center(LC),27,-109,256,0
Draymond Green,20211217,Jump Bank Shot,3PT Field Goal,Above the Break 3,Center(C),29,-49,290,0
Draymond Green,20211217,Turnaround Hook Shot,2PT Field Goal,In The Paint (Non-RA),Center(C),10,-34,100,0
Draymond Green,20211217,Running Dunk Shot,2PT Field Goal,Restricted Area,Center(C),2,-6,20,1
Draymond Green,20211217,Layup Shot,2PT Field Goal,In The Paint (Non-RA),Center(C),4,45,17,1
Draymond Green,20211220,Driving Layup Shot,2PT Field Goal,In The Paint (Non-RA),Center(C),4,36,21,0
Draymond Green,20211220,Floating Jump shot,2PT Field Goal,In The Paint (Non-RA),Center(C),11,-36,104,1
Draymond Green,20211220,Driving Layup Shot,2PT Field Goal,In The Paint (Non-RA),Center(C),9,21,95,0
Draymond Green,20211220,Driving Finger Roll Layup Shot,2PT Field Goal,In The Paint (Non-RA),Center(C),4,37,32,1
Draymond Green,20211220,Jump Shot,3PT Field Goal,Above the Break 3,Right Side Center(RC),24,89,232,1
Draymond Green,20211220,Jump Shot,2PT Field Goal,In The Paint (Non-RA),Center(C),6,-4,68,1
Draymond Green,20211220,Driving Layup Shot,2PT Field Goal,In The Paint (Non-RA),Center(C),4,-20,37,0
Draymond Green,20211220,Tip Layup Shot,2PT Field Goal,Restricted Area,Center(C),0,0,0,1
Draymond Green,20211220,Jump Shot,3PT Field Goal,Right Corner 3,Right Side(R),23,229,50,0
Draymond Green,20211220,Cutting Dunk Shot,2PT Field Goal,Restricted Area,Center(C),3,10,31,1
Draymond Green,20211220,Cutting Layup Shot,2PT Field Goal,In The Paint (Non-RA),Center(C),4,-38,13,1
Draymond Green,20211223,Driving Floating Jump Shot,2PT Field Goal,In The Paint (Non-RA),Center(C),7,13,78,1
Draymond Green,20211223,Jump Shot,3PT Field Goal,Left Corner 3,Left Side(L),22,-223,15,0
Draymond Green,20211223,Jump Shot,3PT Field Goal,Backcourt,Back Court(BC),55,-5,554,0
Draymond Green,20211223,Driving Layup Shot,2PT Field Goal,In The Paint (Non-RA),Center(C),5,37,34,1
Draymond Green,20211223,Jump Shot,3PT Field Goal,Above the Break 3,Right Side Center(RC),26,109,237,0
Draymond Green,20211223,Driving Layup Shot,2PT Field Goal,Restricted Area,Center(C),3,-25,20,1
Draymond Green,20211223,Driving Floating Jump Shot,2PT Field Goal,In The Paint (Non-RA),Center(C),10,-15,100,0
Draymond Green,20211223,Driving Layup Shot,2PT Field Goal,Restricted Area,Center(C),2,-4,27,1
Draymond Green,20211225,Jump Shot,3PT Field Goal,Above the Break 3,Right Side Center(RC),25,118,231,1
Draymond Green,20211225,Running Layup Shot,2PT Field Goal,Restricted Area,Center(C),2,-1,26,0
Draymond Green,20211225,Jump Shot,3PT Field Goal,Backcourt,Back Court(BC),50,108,489,0
Draymond Green,20211225,Jump Shot,3PT Field Goal,Above the Break 3,Center(C),26,-9,263,1
Draymond Green,20211225,Driving Layup Shot,2PT Field Goal,Restricted Area,Center(C),1,16,6,0
Draymond Green,20211225,Jump Shot,3PT Field Goal,Above the Break 3,Left Side Center(LC),27,-173,210,0
Draymond Green,20211225,Driving Layup Shot,2PT Field Goal,In The Paint (Non-RA),Center(C),5,33,39,1
Draymond Green,20220103,Jump Shot,3PT Field Goal,Above the Break 3,Right Side Center(RC),25,152,206,0
Draymond Green,20220103,Running Layup Shot,2PT Field Goal,Restricted Area,Center(C),3,26,24,1
Draymond Green,20220103,Jump Shot,3PT Field Goal,Above the Break 3,Center(C),26,29,260,1
Draymond Green,20220103,Jump Shot,3PT Field Goal,Above the Break 3,Left Side Center(LC),26,-185,195,0
Draymond Green,20220103,Driving Finger Roll Layup Shot,2PT Field Goal,In The Paint (Non-RA),Center(C),7,54,51,0
Draymond Green,20220105,Jump Shot,3PT Field Goal,Left Corner 3,Left Side(L),23,-232,22,0
Draymond Green,20220105,Driving Dunk Shot,2PT Field Goal,Restricted Area,Center(C),3,15,29,0
Draymond Green,20220105,Driving Hook Shot,2PT Field Goal,In The Paint (Non-RA),Center(C),6,-12,64,1
Draymond Green,20220105,Jump Shot,2PT Field Goal,Mid-Range,Left Side Center(LC),22,-178,144,0
Draymond Green,20220314,Jump Shot,3PT Field Goal,Above the Break 3,Right Side Center(RC),27,112,254,1
Draymond Green,20220314,Cutting Layup Shot,2PT Field Goal,In The Paint (Non-RA),Center(C),5,55,7,1
Draymond Green,20220314,Jump Shot,3PT Field Goal,Backcourt,Back Court(BC),58,-175,562,0
Draymond Green,20220314,Jump Shot,3PT Field Goal,Backcourt,Back Court(BC),50,0,503,0
Draymond Green,20220316,Jump Shot,3PT Field Goal,Above the Break 3,Right Side Center(RC),25,230,105,0
Draymond Green,20220316,Jump Shot,3PT Field Goal,Above the Break 3,Center(C),26,1,268,0
Draymond Green,20220320,Driving Layup Shot,2PT Field Goal,In The Paint (Non-RA),Center(C),4,-45,10,0
Draymond Green,20220320,Cutting Finger Roll Layup Shot,2PT Field Goal,Restricted Area,Center(C),2,12,26,1
Draymond Green,20220320,Jump Shot,3PT Field Goal,Above the Break 3,Right Side Center(RC),25,91,242,0
Draymond Green,20220322,Running Layup Shot,2PT Field Goal,In The Paint (Non-RA),Center(C),4,-9,44,0
Draymond Green,20220322,Cutting Layup Shot,2PT Field Goal,In The Paint (Non-RA),Center(C),4,4,40,1
Draymond Green,20220322,Driving Layup Shot,2PT Field Goal,Restricted Area,Center(C),3,26,27,0
Draymond Green,20220325,Jump Shot,3PT Field Goal,Above the Break 3,Center(C),26,4,261,0
Draymond Green,20220325,Driving Floating Bank Jump Shot,2PT Field Goal,Restricted Area,Center(C),2,7,26,1
Draymond Green,20220325,Driving Layup Shot,2PT Field Goal,Restricted Area,Center(C),2,9,22,0
Draymond Green,20220327,Jump Shot,3PT Field Goal,Left Corner 3,Left Side(L),24,-241,-1,0
Draymond Green,20220327,Layup Shot,2PT Field Goal,In The Paint (Non-RA),Center(C),5,44,32,0
Draymond Green,20220327,Putback Layup Shot,2PT Field Goal,In The Paint (Non-RA),Center(C),4,34,31,1
Draymond Green,20220327,Cutting Layup Shot,2PT Field Goal,In The Paint (Non-RA),Center(C),5,51,15,0
Draymond Green,20220327,Running Layup Shot,2PT Field Goal,Restricted Area,Center(C),3,27,15,1
Draymond Green,20220327,Running Layup Shot,2PT Field Goal,Restricted Area,Center(C),2,-23,11,0
Draymond Green,20220330,Driving Floating Jump Shot,2PT Field Goal,In The Paint (Non-RA),Center(C),7,-21,68,1
Draymond Green,20220330,Cutting Layup Shot,2PT Field Goal,In The Paint (Non-RA),Center(C),4,43,13,0
Draymond Green,20220330,Driving Layup Shot,2PT Field Goal,In The Paint (Non-RA),Center(C),5,53,15,0
Draymond Green,20220330,Cutting Layup Shot,2PT Field Goal,In The Paint (Non-RA),Center(C),5,-50,25,1
Draymond Green,20220402,Driving Floating Jump Shot,2PT Field Goal,In The Paint (Non-RA),Center(C),7,11,79,1
Draymond Green,20220402,Layup Shot,2PT Field Goal,Restricted Area,Center(C),2,23,8,0
Draymond Green,20220402,Cutting Dunk Shot,2PT Field Goal,In The Paint (Non-RA),Center(C),4,9,46,1
Draymond Green,20220402,Cutting Finger Roll Layup Shot,2PT Field Goal,In The Paint (Non-RA),Center(C),4,31,31,1
Draymond Green,20220402,Running Finger Roll Layup Shot,2PT Field Goal,In The Paint (Non-RA),Center(C),5,47,23,0
Draymond Green,20220403,Jump Shot,3PT Field Goal,Above the Break 3,Center(C),25,-27,256,1
Draymond Green,20220403,Jump Shot,3PT Field Goal,Above the Break 3,Left Side Center(LC),25,-172,190,1
Draymond Green,20220403,Layup Shot,2PT Field Goal,Restricted Area,Center(C),3,-26,18,0
Draymond Green,20220403,Driving Layup Shot,2PT Field Goal,Restricted Area,Center(C),3,22,27,0
Draymond Green,20220403,Driving Floating Jump Shot,2PT Field Goal,In The Paint (Non-RA),Left Side(L),8,-70,45,0
Draymond Green,20220407,Layup Shot,2PT Field Goal,In The Paint (Non-RA),Center(C),5,42,32,0
Draymond Green,20220407,Cutting Finger Roll Layup Shot,2PT Field Goal,In The Paint (Non-RA),Center(C),7,9,76,1
Draymond Green,20220407,Driving Layup Shot,2PT Field Goal,In The Paint (Non-RA),Center(C),4,40,22,1
Draymond Green,20220407,Running Layup Shot,2PT Field Goal,In The Paint (Non-RA),Center(C),6,43,44,0
Draymond Green,20220407,Turnaround Hook Shot,2PT Field Goal,In The Paint (Non-RA),Center(C),7,21,73,0
Draymond Green,20220407,Floating Jump shot,2PT Field Goal,In The Paint (Non-RA),Center(C),7,-76,16,0
Draymond Green,20220407,Driving Layup Shot,2PT Field Goal,In The Paint (Non-RA),Center(C),4,2,45,1
Draymond Green,20220407,Running Layup Shot,2PT Field Goal,In The Paint (Non-RA),Center(C),6,48,36,1
Draymond Green,20220407,Driving Finger Roll Layup Shot,2PT Field Goal,In The Paint (Non-RA),Center(C),7,54,47,1
Draymond Green,20220409,Turnaround Jump Shot,2PT Field Goal,In The Paint (Non-RA),Center(C),7,26,75,1
Draymond Green,20220409,Jump Shot,3PT Field Goal,Above the Break 3,Center(C),25,32,248,0
Draymond Green,20220409,Driving Floating Bank Jump Shot,2PT Field Goal,In The Paint (Non-RA),Center(C),4,29,32,0
Draymond Green,20220409,Layup Shot,2PT Field Goal,Restricted Area,Center(C),1,-12,3,1
Draymond Green,20220409,Cutting Layup Shot,2PT Field Goal,Restricted Area,Center(C),1,10,5,1
Draymond Green,20220409,Layup Shot,2PT Field Goal,Restricted Area,Center(C),2,16,13,1
Draymond Green,20220409,Fadeaway Jump Shot,2PT Field Goal,Mid-Range,Left Side(L),13,-105,92,0
Draymond Green,20220409,Driving Layup Shot,2PT Field Goal,Restricted Area,Center(C),1,9,16,1
Draymond Green,20220409,Cutting Layup Shot,2PT Field Goal,Restricted Area,Center(C),3,-27,21,1
Draymond Green,20220409,Cutting Finger Roll Layup Shot,2PT Field Goal,Restricted Area,Center(C),2,9,22,0
Draymond Green,20220410,Jump Bank Shot,2PT Field Goal,Mid-Range,Left Side(L),12,-125,27,1
Draymond Green,20220410,Jump Shot,3PT Field Goal,Right Corner 3,Right Side(R),23,225,59,1
Stephen Curry,20211019,Pullup Jump shot,3PT Field Goal,Above the Break 3,Left Side Center(LC),28,-109,260,0
Stephen Curry,20211019,Running Pull-Up Jump Shot,3PT Field Goal,Above the Break 3,Center(C),26,48,257,0
Stephen Curry,20211019,Jump Shot,3PT Field Goal,Above the Break 3,Left Side Center(LC),25,-165,189,1
Stephen Curry,20211019,Driving Finger Roll Layup Shot,2PT Field Goal,Restricted Area,Center(C),1,-13,12,0
Stephen Curry,20211019,Layup Shot,2PT Field Goal,Restricted Area,Center(C),2,-15,22,0
Stephen Curry,20211019,Driving Layup Shot,2PT Field Goal,Restricted Area,Center(C),2,18,16,0
Stephen Curry,20211019,Driving Finger Roll Layup Shot,2PT Field Goal,Restricted Area,Center(C),2,-7,29,1
Stephen Curry,20211019,Running Pull-Up Jump Shot,3PT Field Goal,Above the Break 3,Right Side Center(RC),26,135,228,0
Stephen Curry,20211019,Running Layup Shot,2PT Field Goal,Restricted Area,Center(C),2,-9,18,0
Stephen Curry,20211019,Layup Shot,2PT Field Goal,Restricted Area,Center(C),1,-1,10,1
Stephen Curry,20211019,Driving Layup Shot,2PT Field Goal,Restricted Area,Center(C),2,-1,22,0
Stephen Curry,20211019,Floating Jump shot,2PT Field Goal,In The Paint (Non-RA),Center(C),14,66,130,0
Stephen Curry,20211019,Step Back Jump shot,3PT Field Goal,Left Corner 3,Left Side(L),23,-238,11,0
Stephen Curry,20211019,Jump Shot,3PT Field Goal,Above the Break 3,Left Side Center(LC),26,-89,247,0
Stephen Curry,20211019,Jump Shot,3PT Field Goal,Left Corner 3,Left Side(L),23,-230,6,0
Stephen Curry,20211019,Floating Jump shot,2PT Field Goal,In The Paint (Non-RA),Center(C),4,4,41,0
Stephen Curry,20211019,Cutting Layup Shot,2PT Field Goal,Restricted Area,Center(C),1,7,8,1
Stephen Curry,20211019,Layup Shot,2PT Field Goal,Restricted Area,Center(C),2,7,21,0
Stephen Curry,20211019,Jump Shot,3PT Field Goal,Above the Break 3,Center(C),26,48,260,1
Stephen Curry,20211019,Step Back Jump shot,2PT Field Goal,Mid-Range,Left Side(L),14,-98,108,0
Stephen Curry,20211019,Pullup Jump shot,2PT Field Goal,Mid-Range,Left Side Center(LC),16,-97,131,0
Stephen Curry,20211021,Pullup Jump shot,3PT Field Goal,Above the Break 3,Right Side Center(RC),26,110,237,1
Stephen Curry,20211021,Cutting Layup Shot,2PT Field Goal,Restricted Area,Center(C),0,2,-1,1
Stephen Curry,20211021,Pullup Jump shot,3PT Field Goal,Above the Break 3,Left Side Center(LC),26,-116,234,1
Stephen Curry,20211021,Driving Layup Shot,2PT Field Goal,Restricted Area,Center(C),2,0,27,1
Stephen Curry,20211021,Step Back Jump shot,3PT Field Goal,Above the Break 3,Center(C),25,80,247,1
Stephen Curry,20211021,Pullup Jump shot,3PT Field Goal,Above the Break 3,Left Side Center(LC),25,-98,237,1
Stephen Curry,20211021,Pullup Jump shot,2PT Field Goal,Mid-Range,Center(C),18,1,187,1
Stephen Curry,20211021,Running Layup Shot,2PT Field Goal,Restricted Area,Center(C),0,6,1,1
Stephen Curry,20211021,Jump Shot,3PT Field Goal,Above the Break 3,Right Side Center(RC),25,213,134,1
Stephen Curry,20211021,Driving Floating Jump Shot,2PT Field Goal,In The Paint (Non-RA),Center(C),11,2,115,1
Stephen Curry,20211021,Pullup Jump shot,3PT Field Goal,Above the Break 3,Center(C),28,-75,271,0
Stephen Curry,20211021,Driving Floating Bank Jump Shot,2PT Field Goal,In The Paint (Non-RA),Center(C),7,-58,42,0
Stephen Curry,20211021,Driving Layup Shot,2PT Field Goal,Restricted Area,Center(C),2,-16,13,0
Stephen Curry,20211021,Driving Layup Shot,2PT Field Goal,Restricted Area,Center(C),2,-21,10,0
Stephen Curry,20211021,Jump Shot,3PT Field Goal,Above the Break 3,Left Side Center(LC),24,-146,196,0
Stephen Curry,20211021,Jump Shot,3PT Field Goal,Above the Break 3,Left Side Center(LC),24,-112,214,0
Stephen Curry,20211021,Pullup Jump shot,2PT Field Goal,Mid-Range,Center(C),15,-23,151,0
Stephen Curry,20211021,Jump Shot,3PT Field Goal,Above the Break 3,Left Side Center(LC),26,-125,230,1
Stephen Curry,20211021,Driving Floating Bank Jump Shot,2PT Field Goal,Mid-Range,Right Side(R),14,124,71,1
Stephen Curry,20211021,Driving Layup Shot,2PT Field Goal,Restricted Area,Center(C),1,-18,6,1
Stephen Curry,20211021,Pullup Jump shot,3PT Field Goal,Above the Break 3,Left Side Center(LC),26,-93,252,0
Stephen Curry,20211021,Jump Shot,3PT Field Goal,Above the Break 3,Right Side Center(RC),25,158,205,0
Stephen Curry,20211021,Driving Layup Shot,2PT Field Goal,Restricted Area,Center(C),2,23,5,1
Stephen Curry,20211021,Jump Shot,3PT Field Goal,Above the Break 3,Left Side Center(LC),30,-116,286,1
Stephen Curry,20211021,Jump Shot,3PT Field Goal,Above the Break 3,Right Side Center(RC),26,157,212,1
Stephen Curry,20211024,Jump Shot,3PT Field Goal,Above the Break 3,Left Side Center(LC),25,-159,205,0
Stephen Curry,20211024,Jump Bank Shot,2PT Field Goal,Mid-Range,Left Side(L),13,-130,34,0
Stephen Curry,20211024,Running Jump Shot,3PT Field Goal,Above the Break 3,Left Side Center(LC),25,-195,164,0
Stephen Curry,20211024,Jump Shot,3PT Field Goal,Above the Break 3,Left Side Center(LC),27,-103,252,1
Stephen Curry,20211024,Pullup Jump shot,2PT Field Goal,Mid-Range,Right Side(R),17,170,55,1
Stephen Curry,20211024,Pullup Jump shot,3PT Field Goal,Above the Break 3,Center(C),28,4,286,1
Stephen Curry,20211024,Step Back Jump shot,3PT Field Goal,Above the Break 3,Center(C),26,-6,262,0
Stephen Curry,20211024,Running Layup Shot,2PT Field Goal,Restricted Area,Center(C),1,4,10,1
Stephen Curry,20211024,Running Layup Shot,2PT Field Goal,Restricted Area,Center(C),1,-5,13,1
Stephen Curry,20211024,Running Pull-Up Jump Shot,3PT Field Goal,Above the Break 3,Center(C),32,10,323,0
Stephen Curry,20211024,Pullup Jump shot,3PT Field Goal,Above the Break 3,Center(C),25,-17,258,0
Stephen Curry,20211024,Jump Shot,3PT Field Goal,Above the Break 3,Right Side Center(RC),24,126,213,1
Stephen Curry,20211024,Step Back Jump shot,3PT Field Goal,Above the Break 3,Center(C),24,-69,240,0
Stephen Curry,20211024,Driving Layup Shot,2PT Field Goal,Restricted Area,Center(C),1,12,8,1
Stephen Curry,20211024,Jump Shot,3PT Field Goal,Above the Break 3,Right Side Center(RC),25,120,224,0
Stephen Curry,20211024,Running Layup Shot,2PT Field Goal,Restricted Area,Center(C),1,-18,4,1
Stephen Curry,20211024,Step Back Jump shot,3PT Field Goal,Above the Break 3,Left Side Center(LC),24,-210,132,0
Stephen Curry,20211024,Pullup Jump shot,3PT Field Goal,Above the Break 3,Left Side Center(LC),25,-200,156,1
Stephen Curry,20211024,Jump Shot,3PT Field Goal,Above the Break 3,Center(C),25,-64,250,0
Stephen Curry,20211024,Fadeaway Jump Shot,3PT Field Goal,Above the Break 3,Center(C),25,34,257,0
Stephen Curry,20211024,Reverse Layup Shot,2PT Field Goal,Restricted Area,Center(C),2,-21,21,0
Stephen Curry,20211024,Cutting Layup Shot,2PT Field Goal,Restricted Area,Center(C),2,-17,11,0
Stephen Curry,20211024,Jump Shot,3PT Field Goal,Above the Break 3,Right Side Center(RC),26,169,201,0
Stephen Curry,20211026,Running Jump Shot,3PT Field Goal,Above the Break 3,Left Side Center(LC),25,-173,184,0
Stephen Curry,20211026,Jump Shot,3PT Field Goal,Above the Break 3,Right Side Center(RC),25,189,164,0
Stephen Curry,20211026,Pullup Jump shot,2PT Field Goal,Mid-Range,Left Side Center(LC),20,-115,174,1
Stephen Curry,20211026,Driving Finger Roll Layup Shot,2PT Field Goal,Restricted Area,Center(C),1,-11,15,1
Stephen Curry,20211026,Cutting Layup Shot,2PT Field Goal,Restricted Area,Center(C),3,12,38,0
Stephen Curry,20211026,Jump Shot,3PT Field Goal,Above the Break 3,Left Side Center(LC),27,-181,212,1
Stephen Curry,20211026,Step Back Jump shot,3PT Field Goal,Above the Break 3,Right Side Center(RC),25,183,181,1
Stephen Curry,20211026,Pullup Jump shot,3PT Field Goal,Above the Break 3,Center(C),25,-47,251,1
Stephen Curry,20211026,Pullup Jump shot,2PT Field Goal,Mid-Range,Right Side(R),17,167,52,0
Stephen Curry,20211026,Jump Shot,3PT Field Goal,Above the Break 3,Right Side Center(RC),27,199,184,0
Stephen Curry,20211026,Jump Shot,3PT Field Goal,Above the Break 3,Center(C),25,15,256,1
Stephen Curry,20211026,Driving Reverse Layup Shot,2PT Field Goal,Restricted Area,Center(C),2,-21,-1,0
Stephen Curry,20211026,Step Back Jump shot,3PT Field Goal,Above the Break 3,Left Side Center(LC),25,-217,125,0
Stephen Curry,20211026,Jump Shot,3PT Field Goal,Above the Break 3,Right Side Center(RC),29,161,245,0
Stephen Curry,20211028,Layup Shot,2PT Field Goal,Restricted Area,Center(C),2,-15,21,1
Stephen Curry,20211028,Step Back Jump shot,3PT Field Goal,Above the Break 3,Right Side Center(RC),26,162,214,1
Stephen Curry,20211028,Jump Shot,3PT Field Goal,Above the Break 3,Right Side Center(RC),26,232,130,0
Stephen Curry,20211028,Floating Jump shot,2PT Field Goal,Mid-Range,Right Side(R),12,93,83,0
Stephen Curry,20211028,Jump Shot,3PT Field Goal,Above the Break 3,Right Side Center(RC),24,228,88,0
Stephen Curry,20211028,Jump Shot,3PT Field Goal,Above the Break 3,Left Side Center(LC),25,-186,177,1
Stephen Curry,20211028,Running Layup Shot,2PT Field Goal,Restricted Area,Center(C),2,-22,10,1
Stephen Curry,20211028,Pullup Jump shot,3PT Field Goal,Above the Break 3,Right Side Center(RC),28,151,241,0
Stephen Curry,20211028,Pullup Jump shot,3PT Field Goal,Above the Break 3,Center(C),26,26,268,0
Stephen Curry,20211028,Layup Shot,2PT Field Goal,In The Paint (Non-RA),Center(C),4,43,25,1
Stephen Curry,20211028,Pullup Jump shot,3PT Field Goal,Above the Break 3,Center(C),27,-67,267,0
Stephen Curry,20211028,Jump Shot,3PT Field Goal,Above the Break 3,Right Side Center(RC),28,201,198,1
Stephen Curry,20211028,Driving Layup Shot,2PT Field Goal,Restricted Area,Center(C),2,-23,11,0
Stephen Curry,20211028,Pullup Jump shot,3PT Field Goal,Above the Break 3,Left Side Center(LC),26,-173,195,1
Stephen Curry,20211028,Jump Shot,3PT Field Goal,Above the Break 3,Right Side Center(RC),26,164,212,1
Stephen Curry,20211028,Step Back Jump shot,3PT Field Goal,Above the Break 3,Left Side Center(LC),29,-164,247,1
Stephen Curry,20211028,Driving Layup Shot,2PT Field Goal,In The Paint (Non-RA),Center(C),6,31,57,0
Stephen Curry,20211028,Step Back Jump shot,3PT Field Goal,Above the Break 3,Left Side Center(LC),27,-115,254,0
Stephen Curry,20211028,Jump Shot,3PT Field Goal,Left Corner 3,Left Side(L),22,-225,18,1
Stephen Curry,20211028,Layup Shot,2PT Field Goal,In The Paint (Non-RA),Center(C),8,-20,78,0
Stephen Curry,20211028,Putback Layup Shot,2PT Field Goal,Restricted Area,Center(C),0,0,0,1
Stephen Curry,20211028,Step Back Jump shot,3PT Field Goal,Above the Break 3,Left Side Center(LC),28,-179,223,0
Stephen Curry,20211028,Driving Layup Shot,2PT Field Goal,In The Paint (Non-RA),Center(C),5,-28,46,0
Stephen Curry,20211028,Jump Shot,3PT Field Goal,Above the Break 3,Right Side Center(RC),26,169,206,0
Stephen Curry,20211028,Jump Shot,3PT Field Goal,Above the Break 3,Left Side Center(LC),28,-181,216,0
Stephen Curry,20211028,Jump Shot,3PT Field Goal,Above the Break 3,Right Side Center(RC),33,112,312,0
Stephen Curry,20211028,Pullup Jump shot,3PT Field Goal,Above the Break 3,Left Side Center(LC),29,-100,280,0
Stephen Curry,20211028,Pullup Jump shot,3PT Field Goal,Above the Break 3,Center(C),30,42,302,0
Stephen Curry,20211028,Step Back Jump shot,3PT Field Goal,Above the Break 3,Left Side Center(LC),26,-192,186,0
Stephen Curry,20211030,Step Back Jump shot,3PT Field Goal,Above the Break 3,Right Side Center(RC),25,163,191,0
Stephen Curry,20211030,Jump Shot,3PT Field Goal,Right Corner 3,Right Side(R),22,223,-1,0
Stephen Curry,20211030,Jump Shot,3PT Field Goal,Above the Break 3,Right Side Center(RC),24,113,214,1
Stephen Curry,20211030,Layup Shot,2PT Field Goal,In The Paint (Non-RA),Center(C),4,28,41,1
Stephen Curry,20211030,Jump Shot,3PT Field Goal,Above the Break 3,Center(C),27,69,268,0
Stephen Curry,20211030,Jump Shot,3PT Field Goal,Above the Break 3,Center(C),25,-56,253,0
Stephen Curry,20211030,Jump Shot,3PT Field Goal,Above the Break 3,Right Side Center(RC),25,217,132,1
Stephen Curry,20211030,Jump Shot,3PT Field Goal,Above the Break 3,Right Side Center(RC),24,195,153,1
Stephen Curry,20211030,Pullup Jump shot,3PT Field Goal,Left Corner 3,Left Side(L),24,-240,-11,1
Stephen Curry,20211030,Jump Shot,3PT Field Goal,Above the Break 3,Right Side Center(RC),26,115,234,0
Stephen Curry,20211030,Jump Shot,3PT Field Goal,Above the Break 3,Center(C),26,-42,258,0
Stephen Curry,20211030,Jump Shot,3PT Field Goal,Mid-Range,Left Side(L),23,-219,87,0
Stephen Curry,20211030,Pullup Jump shot,3PT Field Goal,Above the Break 3,Right Side Center(RC),25,157,199,1
Stephen Curry,20211030,Jump Shot,3PT Field Goal,Above the Break 3,Left Side Center(LC),24,-213,121,1
Stephen Curry,20211030,Jump Shot,3PT Field Goal,Above the Break 3,Center(C),24,-9,246,0
Stephen Curry,20211030,Jump Shot,3PT Field Goal,Above the Break 3,Right Side Center(RC),28,109,268,0
Stephen Curry,20211103,Jump Shot,3PT Field Goal,Above the Break 3,Right Side Center(RC),28,199,206,0
Stephen Curry,20211103,Jump Shot,3PT Field Goal,Above the Break 3,Left Side Center(LC),25,-210,146,0
Stephen Curry,20211103,Jump Shot,2PT Field Goal,Mid-Range,Center(C),22,-9,225,1
Stephen Curry,20211103,Step Back Jump shot,3PT Field Goal,Above the Break 3,Right Side Center(RC),27,98,259,0
Stephen Curry,20211103,Jump Shot,3PT Field Goal,Above the Break 3,Left Side Center(LC),36,-170,325,0
Stephen Curry,20211103,Driving Finger Roll Layup Shot,2PT Field Goal,Restricted Area,Center(C),3,0,38,0
Stephen Curry,20211103,Jump Shot,3PT Field Goal,Above the Break 3,Center(C),28,18,283,1
Stephen Curry,20211103,Jump Shot,3PT Field Goal,Left Corner 3,Left Side(L),23,-230,25,0
Stephen Curry,20211103,Jump Shot,3PT Field Goal,Above the Break 3,Center(C),26,-6,260,0
Stephen Curry,20211103,Jump Shot,3PT Field Goal,Above the Break 3,Right Side Center(RC),31,207,232,1
Stephen Curry,20211103,Driving Floating Bank Jump Shot,2PT Field Goal,Mid-Range,Left Side(L),12,-113,57,1
Stephen Curry,20211103,Cutting Layup Shot,2PT Field Goal,Restricted Area,Center(C),2,-15,20,1
Stephen Curry,20211103,Step Back Jump shot,3PT Field Goal,Above the Break 3,Center(C),29,40,293,1
Stephen Curry,20211103,Fadeaway Jump Shot,3PT Field Goal,Right Corner 3,Right Side(R),23,237,27,0
Stephen Curry,20211103,Pullup Jump shot,3PT Field Goal,Above the Break 3,Left Side Center(LC),27,-91,260,0
Stephen Curry,20211105,Pullup Jump shot,3PT Field Goal,Above the Break 3,Right Side Center(RC),27,123,242,0
Stephen Curry,20211105,Jump Shot,3PT Field Goal,Above the Break 3,Right Side Center(RC),29,124,264,1
Stephen Curry,20211105,Step Back Jump shot,3PT Field Goal,Above the Break 3,Left Side Center(LC),25,-154,206,1
Stephen Curry,20211105,Jump Shot,3PT Field Goal,Right Corner 3,Right Side(R),22,229,20,0
Stephen Curry,20211105,Jump Shot,3PT Field Goal,Above the Break 3,Center(C),27,-78,266,1
Stephen Curry,20211105,Cutting Layup Shot,2PT Field Goal,Restricted Area,Center(C),1,-10,17,0
Stephen Curry,20211105,Jump Shot,3PT Field Goal,Above the Break 3,Center(C),29,26,289,1
Stephen Curry,20211105,Driving Layup Shot,2PT Field Goal,In The Paint (Non-RA),Center(C),4,-1,41,0
Stephen Curry,20211105,Step Back Jump shot,3PT Field Goal,Above the Break 3,Left Side Center(LC),26,-192,180,0
Stephen Curry,20211105,Jump Shot,3PT Field Goal,Right Corner 3,Right Side(R),24,230,73,0
Stephen Curry,20211105,Step Back Jump shot,3PT Field Goal,Above the Break 3,Right Side Center(RC),27,140,236,0
Stephen Curry,20211105,Driving Layup Shot,2PT Field Goal,In The Paint (Non-RA),Left Side(L),10,-65,83,0
Stephen Curry,20211105,Jump Shot,3PT Field Goal,Right Corner 3,Right Side(R),23,233,53,0
Stephen Curry,20211105,Step Back Jump shot,3PT Field Goal,Above the Break 3,Left Side Center(LC),27,-154,233,1
Stephen Curry,20211105,Step Back Jump shot,3PT Field Goal,Above the Break 3,Left Side Center(LC),29,-162,241,0
Stephen Curry,20211105,Step Back Jump shot,3PT Field Goal,Above the Break 3,Center(C),32,-12,328,0
Stephen Curry,20211107,Running Jump Shot,3PT Field Goal,Right Corner 3,Right Side(R),23,227,73,1
Stephen Curry,20211107,Jump Shot,3PT Field Goal,Left Corner 3,Left Side(L),23,-228,38,0
Stephen Curry,20211107,Driving Reverse Layup Shot,2PT Field Goal,Restricted Area,Center(C),0,6,-3,1
Stephen Curry,20211107,Jump Shot,3PT Field Goal,Above the Break 3,Left Side Center(LC),24,-208,133,0
Stephen Curry,20211107,Step Back Jump shot,2PT Field Goal,Mid-Range,Center(C),14,9,148,1
Stephen Curry,20211107,Jump Shot,3PT Field Goal,Above the Break 3,Center(C),29,-64,284,0
Stephen Curry,20211107,Driving Layup Shot,2PT Field Goal,Restricted Area,Center(C),2,-21,0,1
Stephen Curry,20211107,Driving Finger Roll Layup Shot,2PT Field Goal,Restricted Area,Center(C),3,31,10,0
Stephen Curry,20211107,Jump Shot,3PT Field Goal,Above the Break 3,Right Side Center(RC),27,89,257,0
Stephen Curry,20211107,Jump Shot,3PT Field Goal,Above the Break 3,Center(C),27,5,279,1
Stephen Curry,20211107,Jump Shot,3PT Field Goal,Above the Break 3,Right Side Center(RC),25,173,187,0
Stephen Curry,20211107,Step Back Jump shot,3PT Field Goal,Above the Break 3,Left Side Center(LC),26,-152,218,1
Stephen Curry,20211107,Step Back Jump shot,3PT Field Goal,Above the Break 3,Center(C),25,-67,241,1
Stephen Curry,20211107,Running Pull-Up Jump Shot,3PT Field Goal,Above the Break 3,Center(C),26,6,260,0
Stephen Curry,20211107,Driving Finger Roll Layup Shot,2PT Field Goal,Restricted Area,Center(C),1,17,9,1
Stephen Curry,20211107,Jump Shot,3PT Field Goal,Above the Break 3,Right Side Center(RC),28,143,246,0
Stephen Curry,20211108,Jump Shot,3PT Field Goal,Above the Break 3,Right Side Center(RC),27,114,247,1
Stephen Curry,20211108,Jump Shot,3PT Field Goal,Above the Break 3,Center(C),29,5,294,1
Stephen Curry,20211108,Driving Floating Jump Shot,2PT Field Goal,In The Paint (Non-RA),Center(C),8,31,75,0
Stephen Curry,20211108,Putback Layup Shot,2PT Field Goal,Restricted Area,Center(C),0,0,0,1
Stephen Curry,20211108,Layup Shot,2PT Field Goal,Restricted Area,Center(C),0,0,0,1
Stephen Curry,20211108,Step Back Jump shot,3PT Field Goal,Above the Break 3,Left Side Center(LC),26,-167,201,0
Stephen Curry,20211108,Step Back Jump shot,3PT Field Goal,Above the Break 3,Left Side Center(LC),29,-102,281,0
Stephen Curry,20211108,Jump Shot,3PT Field Goal,Above the Break 3,Center(C),29,87,277,1
Stephen Curry,20211108,Jump Shot,3PT Field Goal,Right Corner 3,Right Side(R),23,224,57,0
Stephen Curry,20211108,Driving Floating Jump Shot,2PT Field Goal,In The Paint (Non-RA),Center(C),12,-2,126,0
Stephen Curry,20211108,Jump Shot,3PT Field Goal,Left Corner 3,Left Side(L),23,-232,-16,1
Stephen Curry,20211108,Step Back Jump shot,3PT Field Goal,Above the Break 3,Center(C),30,-20,309,1
Stephen Curry,20211108,Pullup Jump shot,3PT Field Goal,Above the Break 3,Right Side Center(RC),31,216,227,0
Stephen Curry,20211108,Jump Shot,3PT Field Goal,Above the Break 3,Right Side Center(RC),28,158,240,1
Stephen Curry,20211108,Driving Floating Jump Shot,2PT Field Goal,Mid-Range,Right Side(R),10,107,-2,0
Stephen Curry,20211108,Reverse Layup Shot,2PT Field Goal,Restricted Area,Center(C),3,32,22,1
Stephen Curry,20211108,Jump Shot,3PT Field Goal,Above the Break 3,Center(C),26,31,262,0
Stephen Curry,20211108,Pullup Jump shot,2PT Field Goal,Mid-Range,Center(C),17,-18,174,1
Stephen Curry,20211108,Jump Shot,3PT Field Goal,Above the Break 3,Right Side Center(RC),29,129,261,1
Stephen Curry,20211108,Step Back Jump shot,3PT Field Goal,Above the Break 3,Right Side Center(RC),25,221,130,1
Stephen Curry,20211108,Jump Shot,3PT Field Goal,Above the Break 3,Right Side Center(RC),31,186,250,0
Stephen Curry,20211108,Pullup Jump shot,3PT Field Goal,Above the Break 3,Center(C),26,40,267,0
Stephen Curry,20211108,Jump Shot,3PT Field Goal,Above the Break 3,Center(C),26,-54,258,0
Stephen Curry,20211108,Step Back Jump shot,3PT Field Goal,Above the Break 3,Left Side Center(LC),24,-191,157,1
Stephen Curry,20211108,Step Back Jump shot,3PT Field Goal,Above the Break 3,Center(C),29,-2,298,0
Stephen Curry,20211108,Pullup Jump shot,3PT Field Goal,Above the Break 3,Left Side Center(LC),26,-211,161,0
Stephen Curry,20211108,Driving Floating Bank Jump Shot,2PT Field Goal,In The Paint (Non-RA),Left Side(L),9,-76,59,0
Stephen Curry,20211108,Driving Floating Jump Shot,2PT Field Goal,Mid-Range,Center(C),15,-54,147,1
Stephen Curry,20211110,Jump Shot,3PT Field Goal,Above the Break 3,Left Side Center(LC),27,-161,217,0
Stephen Curry,20211110,Driving Reverse Layup Shot,2PT Field Goal,In The Paint (Non-RA),Center(C),6,48,39,0
Stephen Curry,20211110,Step Back Jump shot,3PT Field Goal,Above the Break 3,Center(C),27,-32,278,1
Stephen Curry,20211110,Step Back Jump shot,3PT Field Goal,Above the Break 3,Left Side Center(LC),30,-116,281,1
Stephen Curry,20211110,Driving Finger Roll Layup Shot,2PT Field Goal,In The Paint (Non-RA),Center(C),5,42,31,1
Stephen Curry,20211110,Jump Shot,3PT Field Goal,Right Corner 3,Right Side(R),24,233,67,0
Stephen Curry,20211110,Running Layup Shot,2PT Field Goal,Restricted Area,Center(C),1,17,3,1
Stephen Curry,20211110,Driving Finger Roll Layup Shot,2PT Field Goal,In The Paint (Non-RA),Center(C),5,40,38,1
Stephen Curry,20211110,Step Back Jump shot,3PT Field Goal,Above the Break 3,Right Side Center(RC),27,185,201,0
Stephen Curry,20211110,Step Back Jump shot,2PT Field Goal,Mid-Range,Right Side Center(RC),19,99,171,1
Stephen Curry,20211110,Jump Shot,3PT Field Goal,Above the Break 3,Right Side Center(RC),29,186,234,0
Stephen Curry,20211110,Pullup Jump shot,3PT Field Goal,Above the Break 3,Right Side Center(RC),26,197,172,1
Stephen Curry,20211110,Pullup Jump shot,3PT Field Goal,Above the Break 3,Center(C),26,12,263,0
Stephen Curry,20211110,Jump Shot,3PT Field Goal,Above the Break 3,Right Side Center(RC),28,148,240,0
Stephen Curry,20211110,Step Back Jump shot,2PT Field Goal,Mid-Range,Right Side(R),22,212,69,1
Stephen Curry,20211110,Driving Finger Roll Layup Shot,2PT Field Goal,Restricted Area,Center(C),3,31,20,0
Stephen Curry,20211112,Jump Shot,3PT Field Goal,Above the Break 3,Center(C),26,4,267,1
Stephen Curry,20211112,Pullup Jump shot,3PT Field Goal,Above the Break 3,Left Side Center(LC),25,-185,177,0
Stephen Curry,20211112,Cutting Finger Roll Layup Shot,2PT Field Goal,Restricted Area,Center(C),3,10,32,1
Stephen Curry,20211112,Driving Layup Shot,2PT Field Goal,Restricted Area,Center(C),2,13,24,1
Stephen Curry,20211112,Jump Shot,3PT Field Goal,Above the Break 3,Right Side Center(RC),28,214,189,0
Stephen Curry,20211112,Jump Shot,3PT Field Goal,Above the Break 3,Center(C),26,27,262,1
Stephen Curry,20211112,Pullup Jump shot,3PT Field Goal,Above the Break 3,Right Side Center(RC),24,196,155,1
Stephen Curry,20211112,Driving Finger Roll Layup Shot,2PT Field Goal,Restricted Area,Center(C),3,27,24,1
Stephen Curry,20211112,Turnaround Jump Shot,3PT Field Goal,Above the Break 3,Left Side Center(LC),26,-186,192,0
Stephen Curry,20211112,Jump Shot,3PT Field Goal,Above the Break 3,Center(C),30,13,303,0
Stephen Curry,20211112,Driving Floating Jump Shot,2PT Field Goal,In The Paint (Non-RA),Center(C),6,25,57,0
Stephen Curry,20211112,Pullup Jump shot,3PT Field Goal,Above the Break 3,Center(C),25,11,258,0
Stephen Curry,20211112,Driving Floating Jump Shot,2PT Field Goal,Mid-Range,Right Side(R),14,112,88,1
Stephen Curry,20211112,Jump Shot,3PT Field Goal,Above the Break 3,Right Side Center(RC),27,189,196,1
Stephen Curry,20211112,Driving Floating Bank Jump Shot,2PT Field Goal,In The Paint (Non-RA),Left Side(L),8,-53,60,1
Stephen Curry,20211112,Pullup Jump shot,3PT Field Goal,Above the Break 3,Right Side Center(RC),26,152,220,1
Stephen Curry,20211112,Jump Shot,3PT Field Goal,Above the Break 3,Left Side Center(LC),28,-197,206,0
Stephen Curry,20211112,Jump Shot,3PT Field Goal,Above the Break 3,Right Side Center(RC),26,173,197,1
Stephen Curry,20211112,Jump Shot,3PT Field Goal,Above the Break 3,Right Side Center(RC),26,100,246,1
Stephen Curry,20211112,Pullup Jump shot,3PT Field Goal,Above the Break 3,Right Side Center(RC),27,180,209,0
Stephen Curry,20211112,Driving Finger Roll Layup Shot,2PT Field Goal,Restricted Area,Center(C),3,34,16,1
Stephen Curry,20211112,Pullup Jump shot,3PT Field Goal,Above the Break 3,Center(C),32,-1,325,0
Stephen Curry,20211112,Jump Shot,3PT Field Goal,Above the Break 3,Center(C),28,-23,284,1
Stephen Curry,20211112,Jump Shot,3PT Field Goal,Left Corner 3,Left Side(L),24,-235,80,1
Stephen Curry,20211114,Jump Shot,3PT Field Goal,Above the Break 3,Left Side Center(LC),25,-233,108,0
Stephen Curry,20211114,Driving Layup Shot,2PT Field Goal,Restricted Area,Center(C),2,-22,6,0
Stephen Curry,20211114,Cutting Layup Shot,2PT Field Goal,Restricted Area,Center(C),1,17,3,1
Stephen Curry,20211114,Jump Shot,3PT Field Goal,Above the Break 3,Right Side Center(RC),25,184,178,0
Stephen Curry,20211114,Driving Reverse Layup Shot,2PT Field Goal,Restricted Area,Center(C),2,-20,6,1
Stephen Curry,20211114,Step Back Jump shot,3PT Field Goal,Above the Break 3,Right Side Center(RC),25,162,194,0
Stephen Curry,20211114,Jump Shot,3PT Field Goal,Above the Break 3,Right Side Center(RC),30,169,256,0
Stephen Curry,20211114,Jump Shot,3PT Field Goal,Above the Break 3,Left Side Center(LC),25,-168,188,1
Stephen Curry,20211114,Jump Shot,3PT Field Goal,Above the Break 3,Center(C),29,-6,295,0
Stephen Curry,20211114,Step Back Jump shot,3PT Field Goal,Above the Break 3,Right Side Center(RC),25,137,216,0
Stephen Curry,20211114,Jump Bank Shot,2PT Field Goal,Mid-Range,Left Side Center(LC),18,-110,154,1
Stephen Curry,20211114,Jump Shot,3PT Field Goal,Above the Break 3,Left Side Center(LC),26,-190,178,1
Stephen Curry,20211114,Pullup Jump shot,2PT Field Goal,Mid-Range,Center(C),16,-12,164,0
Stephen Curry,20211114,Jump Bank Shot,3PT Field Goal,Above the Break 3,Left Side Center(LC),36,-184,320,1
Stephen Curry,20211114,Jump Shot,3PT Field Goal,Above the Break 3,Left Side Center(LC),30,-131,279,0
Stephen Curry,20211114,Pullup Jump shot,2PT Field Goal,Mid-Range,Center(C),15,26,153,0
Stephen Curry,20211114,Jump Shot,3PT Field Goal,Above the Break 3,Left Side Center(LC),29,-195,223,0
Stephen Curry,20211114,Running Layup Shot,2PT Field Goal,Restricted Area,Center(C),1,6,12,1
Stephen Curry,20211114,Driving Layup Shot,2PT Field Goal,Restricted Area,Center(C),2,-22,16,0
Stephen Curry,20211114,Jump Shot,3PT Field Goal,Above the Break 3,Left Side Center(LC),33,-197,277,0
Stephen Curry,20211114,Jump Shot,2PT Field Goal,Mid-Range,Right Side(R),11,114,29,0
Stephen Curry,20211114,Jump Shot,3PT Field Goal,Above the Break 3,Left Side Center(LC),28,-163,231,0
Stephen Curry,20211116,Pullup Jump shot,3PT Field Goal,Above the Break 3,Left Side Center(LC),26,-178,193,1
Stephen Curry,20211116,Step Back Jump shot,3PT Field Goal,Above the Break 3,Right Side Center(RC),25,146,204,1
Stephen Curry,20211116,Step Back Jump shot,3PT Field Goal,Above the Break 3,Center(C),30,-11,302,1
Stephen Curry,20211116,Running Pull-Up Jump Shot,3PT Field Goal,Above the Break 3,Right Side Center(RC),34,164,309,1
Stephen Curry,20211116,Pullup Jump shot,3PT Field Goal,Above the Break 3,Right Side Center(RC),26,102,246,0
Stephen Curry,20211116,Driving Finger Roll Layup Shot,2PT Field Goal,In The Paint (Non-RA),Center(C),5,45,24,0
Stephen Curry,20211116,Jump Shot,3PT Field Goal,Above the Break 3,Right Side Center(RC),25,120,225,0
Stephen Curry,20211116,Pullup Jump shot,3PT Field Goal,Above the Break 3,Center(C),31,-16,313,1
Stephen Curry,20211116,Pullup Jump shot,3PT Field Goal,Above the Break 3,Left Side Center(LC),24,-197,140,0
Stephen Curry,20211116,Driving Layup Shot,2PT Field Goal,Restricted Area,Center(C),3,23,21,1
Stephen Curry,20211116,Driving Layup Shot,2PT Field Goal,Restricted Area,Center(C),2,-18,13,1
Stephen Curry,20211116,Floating Jump shot,2PT Field Goal,In The Paint (Non-RA),Center(C),6,-10,60,1
Stephen Curry,20211116,Pullup Jump shot,3PT Field Goal,Above the Break 3,Center(C),27,-25,269,1
Stephen Curry,20211116,Running Jump Shot,3PT Field Goal,Above the Break 3,Left Side Center(LC),25,-221,120,0
Stephen Curry,20211116,Pullup Jump shot,3PT Field Goal,Above the Break 3,Right Side Center(RC),29,93,282,1
Stephen Curry,20211116,Pullup Jump shot,3PT Field Goal,Above the Break 3,Right Side Center(RC),30,116,284,1
Stephen Curry,20211116,Driving Finger Roll Layup Shot,2PT Field Goal,Restricted Area,Center(C),3,2,39,0
Stephen Curry,20211116,Pullup Jump shot,3PT Field Goal,Above the Break 3,Center(C),28,2,285,0
Stephen Curry,20211116,Running Jump Shot,3PT Field Goal,Above the Break 3,Left Side Center(LC),27,-188,195,1
Stephen Curry,20211118,Jump Shot,3PT Field Goal,Above the Break 3,Left Side Center(LC),31,-176,258,0
Stephen Curry,20211118,Jump Shot,3PT Field Goal,Above the Break 3,Right Side Center(RC),25,224,125,1
Stephen Curry,20211118,Driving Floating Jump Shot,2PT Field Goal,In The Paint (Non-RA),Center(C),5,-2,53,1
Stephen Curry,20211118,Layup Shot,2PT Field Goal,Restricted Area,Center(C),2,2,22,0
Stephen Curry,20211118,Jump Shot,3PT Field Goal,Above the Break 3,Left Side Center(LC),24,-143,201,1
Stephen Curry,20211118,Driving Finger Roll Layup Shot,2PT Field Goal,In The Paint (Non-RA),Center(C),5,6,53,0
Stephen Curry,20211118,Pullup Jump shot,3PT Field Goal,Above the Break 3,Left Side Center(LC),28,-199,206,1
Stephen Curry,20211118,Jump Shot,3PT Field Goal,Above the Break 3,Left Side Center(LC),25,-174,188,0
Stephen Curry,20211118,Jump Shot,3PT Field Goal,Above the Break 3,Right Side Center(RC),25,192,172,0
Stephen Curry,20211118,Jump Shot,3PT Field Goal,Above the Break 3,Left Side Center(LC),24,-189,158,1
Stephen Curry,20211118,Driving Layup Shot,2PT Field Goal,Restricted Area,Center(C),2,1,26,0
Stephen Curry,20211118,Cutting Layup Shot,2PT Field Goal,Restricted Area,Center(C),1,1,10,1
Stephen Curry,20211118,Cutting Layup Shot,2PT Field Goal,Restricted Area,Center(C),2,10,26,0
Stephen Curry,20211118,Jump Shot,3PT Field Goal,Above the Break 3,Left Side Center(LC),28,-211,197,1
Stephen Curry,20211118,Jump Shot,3PT Field Goal,Above the Break 3,Center(C),33,-75,326,0
Stephen Curry,20211118,Jump Shot,3PT Field Goal,Above the Break 3,Right Side Center(RC),27,151,232,1
Stephen Curry,20211118,Jump Shot,3PT Field Goal,Right Corner 3,Right Side(R),24,230,73,1
Stephen Curry,20211118,Jump Shot,3PT Field Goal,Above the Break 3,Left Side Center(LC),26,-224,139,1
Stephen Curry,20211118,Jump Shot,3PT Field Goal,Above the Break 3,Left Side Center(LC),26,-179,201,0
Stephen Curry,20211118,Driving Layup Shot,2PT Field Goal,Restricted Area,Center(C),0,-2,0,1
Stephen Curry,20211118,Reverse Layup Shot,2PT Field Goal,Restricted Area,Center(C),1,-1,13,1
Stephen Curry,20211118,Jump Shot,3PT Field Goal,Above the Break 3,Center(C),26,-83,256,0
Stephen Curry,20211118,Driving Layup Shot,2PT Field Goal,Restricted Area,Center(C),1,10,17,0
Stephen Curry,20211118,Cutting Layup Shot,2PT Field Goal,Restricted Area,Center(C),0,-4,6,1
Stephen Curry,20211118,Step Back Jump shot,3PT Field Goal,Above the Break 3,Left Side Center(LC),27,-212,169,1
Stephen Curry,20211118,Fadeaway Jump Shot,3PT Field Goal,Right Corner 3,Right Side(R),23,232,15,0
Stephen Curry,20211118,Running Layup Shot,2PT Field Goal,Restricted Area,Center(C),0,-1,1,1
Stephen Curry,20211121,Jump Shot,3PT Field Goal,Above the Break 3,Left Side Center(LC),25,-227,105,0
Stephen Curry,20211121,Jump Shot,3PT Field Goal,Above the Break 3,Right Side Center(RC),30,118,279,0
Stephen Curry,20211121,Step Back Jump shot,3PT Field Goal,Above the Break 3,Left Side Center(LC),24,-229,92,1
Stephen Curry,20211121,Cutting Layup Shot,2PT Field Goal,Restricted Area,Center(C),2,-13,23,0
Stephen Curry,20211121,Cutting Layup Shot,2PT Field Goal,In The Paint (Non-RA),Center(C),4,-22,39,0
Stephen Curry,20211121,Pullup Jump shot,3PT Field Goal,Above the Break 3,Left Side Center(LC),28,-135,252,0
Stephen Curry,20211121,Cutting Layup Shot,2PT Field Goal,In The Paint (Non-RA),Center(C),5,-34,48,0
Stephen Curry,20211121,Driving Layup Shot,2PT Field Goal,Restricted Area,Center(C),3,18,24,1
Stephen Curry,20211121,Pullup Jump shot,3PT Field Goal,Above the Break 3,Left Side Center(LC),28,-185,213,0
Stephen Curry,20211121,Jump Shot,3PT Field Goal,Above the Break 3,Left Side Center(LC),26,-176,192,0
Stephen Curry,20211124,Driving Finger Roll Layup Shot,2PT Field Goal,In The Paint (Non-RA),Center(C),5,-45,28,1
Stephen Curry,20211124,Jump Shot,3PT Field Goal,Above the Break 3,Left Side Center(LC),28,-115,264,1
Stephen Curry,20211124,Jump Shot,3PT Field Goal,Left Corner 3,Left Side(L),23,-228,62,0
Stephen Curry,20211124,Pullup Jump shot,3PT Field Goal,Above the Break 3,Right Side Center(RC),30,169,257,0
Stephen Curry,20211124,Driving Floating Bank Jump Shot,2PT Field Goal,Mid-Range,Left Side(L),12,-83,90,0
Stephen Curry,20211124,Step Back Jump shot,3PT Field Goal,Above the Break 3,Left Side Center(LC),27,-188,205,1
Stephen Curry,20211124,Jump Shot,3PT Field Goal,Above the Break 3,Right Side Center(RC),28,195,206,1
Stephen Curry,20211124,Driving Finger Roll Layup Shot,2PT Field Goal,Restricted Area,Center(C),3,-26,23,1
Stephen Curry,20211124,Pullup Jump shot,3PT Field Goal,Above the Break 3,Center(C),29,49,295,0
Stephen Curry,20211124,Jump Shot,3PT Field Goal,Above the Break 3,Left Side Center(LC),26,-197,172,0
Stephen Curry,20211124,Jump Shot,3PT Field Goal,Above the Break 3,Center(C),26,-38,263,1
Stephen Curry,20211124,Step Back Jump shot,3PT Field Goal,Above the Break 3,Left Side Center(LC),27,-212,168,1
Stephen Curry,20211124,Pullup Jump shot,2PT Field Goal,Mid-Range,Right Side Center(RC),18,132,125,1
Stephen Curry,20211124,Step Back Jump shot,3PT Field Goal,Above the Break 3,Right Side Center(RC),29,119,269,0
Stephen Curry,20211124,Step Back Jump shot,2PT Field Goal,Mid-Range,Right Side(R),20,199,59,0
Stephen Curry,20211124,Running Jump Shot,3PT Field Goal,Above the Break 3,Left Side Center(LC),27,-180,206,1
Stephen Curry,20211126,Jump Shot,3PT Field Goal,Above the Break 3,Right Side Center(RC),27,137,241,1
Stephen Curry,20211126,Driving Finger Roll Layup Shot,2PT Field Goal,In The Paint (Non-RA),Center(C),4,36,23,0
Stephen Curry,20211126,Driving Finger Roll Layup Shot,2PT Field Goal,In The Paint (Non-RA),Center(C),4,-28,38,1
Stephen Curry,20211126,Step Back Jump shot,3PT Field Goal,Above the Break 3,Center(C),30,-32,302,0
Stephen Curry,20211126,Driving Finger Roll Layup Shot,2PT Field Goal,Restricted Area,Center(C),1,-13,4,1
Stephen Curry,20211126,Pullup Jump shot,3PT Field Goal,Above the Break 3,Center(C),28,86,275,0
Stephen Curry,20211126,Driving Layup Shot,2PT Field Goal,Restricted Area,Center(C),3,-34,7,1
Stephen Curry,20211126,Pullup Jump shot,3PT Field Goal,Above the Break 3,Left Side Center(LC),27,-183,200,0
Stephen Curry,20211126,Cutting Finger Roll Layup Shot,2PT Field Goal,Restricted Area,Center(C),3,33,11,1
Stephen Curry,20211126,Running Jump Shot,3PT Field Goal,Above the Break 3,Left Side Center(LC),27,-191,201,1
Stephen Curry,20211126,Jump Shot,3PT Field Goal,Above the Break 3,Left Side Center(LC),30,-176,243,0
Stephen Curry,20211126,Pullup Jump shot,3PT Field Goal,Above the Break 3,Left Side Center(LC),29,-93,280,1
Stephen Curry,20211126,Jump Shot,3PT Field Goal,Above the Break 3,Right Side Center(RC),27,148,230,1
Stephen Curry,20211126,Jump Shot,3PT Field Goal,Above the Break 3,Left Side Center(LC),27,-205,190,0
Stephen Curry,20211126,Jump Shot,3PT Field Goal,Above the Break 3,Left Side Center(LC),26,-205,164,0
Stephen Curry,20211126,Driving Finger Roll Layup Shot,2PT Field Goal,In The Paint (Non-RA),Center(C),5,37,43,0
Stephen Curry,20211126,Turnaround Fadeaway shot,2PT Field Goal,Mid-Range,Right Side(R),15,152,5,0
Stephen Curry,20211126,Driving Layup Shot,2PT Field Goal,Restricted Area,Center(C),3,31,14,0
Stephen Curry,20211126,Pullup Jump shot,3PT Field Goal,Above the Break 3,Left Side Center(LC),26,-197,177,0
Stephen Curry,20211126,Jump Shot,3PT Field Goal,Right Corner 3,Right Side(R),23,235,34,0
Stephen Curry,20211126,Jump Shot,3PT Field Goal,Above the Break 3,Left Side Center(LC),24,-190,157,1
Stephen Curry,20211126,Jump Shot,3PT Field Goal,Above the Break 3,Left Side Center(LC),26,-199,176,1
Stephen Curry,20211126,Jump Shot,3PT Field Goal,Above the Break 3,Center(C),31,-58,305,0
Stephen Curry,20211126,Driving Reverse Layup Shot,2PT Field Goal,Restricted Area,Center(C),2,-21,21,1
Stephen Curry,20211126,Driving Reverse Layup Shot,2PT Field Goal,Restricted Area,Center(C),2,-25,10,1
Stephen Curry,20211128,Jump Shot,3PT Field Goal,Right Corner 3,Right Side(R),22,225,-10,1
Stephen Curry,20211128,Jump Shot,3PT Field Goal,Left Corner 3,Left Side(L),23,-233,-11,0
Stephen Curry,20211128,Pullup Jump shot,3PT Field Goal,Above the Break 3,Right Side Center(RC),24,151,199,1
Stephen Curry,20211128,Jump Shot,3PT Field Goal,Backcourt,Back Court(BC),51,-158,494,0
Stephen Curry,20211128,Running Layup Shot,2PT Field Goal,Restricted Area,Center(C),1,-16,5,0
Stephen Curry,20211128,Jump Shot,3PT Field Goal,Above the Break 3,Center(C),27,-61,273,0
Stephen Curry,20211128,Jump Shot,3PT Field Goal,Above the Break 3,Left Side Center(LC),30,-179,253,0
Stephen Curry,20211128,Driving Floating Jump Shot,2PT Field Goal,In The Paint (Non-RA),Left Side(L),10,-54,88,1
Stephen Curry,20211128,Driving Finger Roll Layup Shot,2PT Field Goal,Restricted Area,Center(C),2,-23,11,0
Stephen Curry,20211128,Pullup Jump shot,3PT Field Goal,Above the Break 3,Left Side Center(LC),26,-137,221,1
Stephen Curry,20211128,Fadeaway Jump Shot,2PT Field Goal,Mid-Range,Right Side(R),15,143,70,0
Stephen Curry,20211128,Floating Jump shot,2PT Field Goal,In The Paint (Non-RA),Right Side(R),11,61,101,1
Stephen Curry,20211128,Jump Shot,3PT Field Goal,Above the Break 3,Right Side Center(RC),31,120,292,1
Stephen Curry,20211128,Running Layup Shot,2PT Field Goal,Restricted Area,Center(C),2,-20,10,1
Stephen Curry,20211128,Jump Shot,3PT Field Goal,Above the Break 3,Center(C),27,-48,267,0
Stephen Curry,20211128,Driving Floating Bank Jump Shot,2PT Field Goal,In The Paint (Non-RA),Center(C),7,-72,29,0
Stephen Curry,20211128,Driving Finger Roll Layup Shot,2PT Field Goal,Restricted Area,Center(C),1,-1,17,1
Stephen Curry,20211128,Jump Shot,3PT Field Goal,Above the Break 3,Center(C),32,81,315,1
Stephen Curry,20211128,Jump Shot,3PT Field Goal,Above the Break 3,Right Side Center(RC),27,157,220,1
Stephen Curry,20211128,Step Back Jump shot,3PT Field Goal,Left Corner 3,Left Side(L),24,-233,71,1
Stephen Curry,20211128,Jump Shot,3PT Field Goal,Above the Break 3,Right Side Center(RC),32,152,282,0
Stephen Curry,20211128,Driving Floating Jump Shot,2PT Field Goal,In The Paint (Non-RA),Right Side(R),10,70,77,1
Stephen Curry,20211130,Step Back Jump shot,3PT Field Goal,Above the Break 3,Right Side Center(RC),25,120,230,0
Stephen Curry,20211130,Jump Shot,3PT Field Goal,Above the Break 3,Right Side Center(RC),32,136,295,0
Stephen Curry,20211130,Pullup Jump shot,3PT Field Goal,Above the Break 3,Left Side Center(LC),26,-167,204,1
Stephen Curry,20211130,Pullup Jump shot,3PT Field Goal,Above the Break 3,Right Side Center(RC),32,212,252,0
Stephen Curry,20211130,Step Back Jump shot,2PT Field Goal,Mid-Range,Left Side(L),15,-108,116,1
Stephen Curry,20211130,Driving Floating Jump Shot,2PT Field Goal,In The Paint (Non-RA),Center(C),14,-51,132,0
Stephen Curry,20211130,Driving Layup Shot,2PT Field Goal,In The Paint (Non-RA),Center(C),5,50,31,0
Stephen Curry,20211130,Jump Shot,3PT Field Goal,Above the Break 3,Center(C),27,80,261,1
Stephen Curry,20211130,Pullup Jump shot,3PT Field Goal,Above the Break 3,Right Side Center(RC),27,165,215,0
Stephen Curry,20211130,Finger Roll Layup Shot,2PT Field Goal,In The Paint (Non-RA),Center(C),4,-20,41,0
Stephen Curry,20211130,Tip Layup Shot,2PT Field Goal,Restricted Area,Center(C),2,1,22,0
Stephen Curry,20211130,Jump Shot,3PT Field Goal,Above the Break 3,Right Side Center(RC),28,118,257,0
Stephen Curry,20211130,Step Back Jump shot,3PT Field Goal,Above the Break 3,Left Side Center(LC),28,-120,263,0
Stephen Curry,20211130,Driving Layup Shot,2PT Field Goal,In The Paint (Non-RA),Center(C),5,4,52,0
Stephen Curry,20211130,Step Back Jump shot,3PT Field Goal,Above the Break 3,Right Side Center(RC),25,162,199,0
Stephen Curry,20211130,Jump Shot,3PT Field Goal,Above the Break 3,Right Side Center(RC),24,212,130,0
Stephen Curry,20211130,Layup Shot,2PT Field Goal,In The Paint (Non-RA),Center(C),7,-65,26,0
Stephen Curry,20211130,Jump Shot,3PT Field Goal,Above the Break 3,Center(C),26,-62,257,1
Stephen Curry,20211130,Step Back Jump shot,3PT Field Goal,Above the Break 3,Center(C),28,-33,286,0
Stephen Curry,20211130,Jump Shot,3PT Field Goal,Above the Break 3,Center(C),28,-58,277,0
Stephen Curry,20211130,Step Back Jump shot,3PT Field Goal,Above the Break 3,Left Side Center(LC),26,-153,216,0
Stephen Curry,20211203,Pullup Jump shot,3PT Field Goal,Above the Break 3,Center(C),26,49,261,1
Stephen Curry,20211203,Pullup Jump shot,2PT Field Goal,Mid-Range,Left Side Center(LC),20,-74,189,0
Stephen Curry,20211203,Step Back Jump shot,3PT Field Goal,Above the Break 3,Left Side Center(LC),27,-199,187,1
Stephen Curry,20211203,Driving Layup Shot,2PT Field Goal,In The Paint (Non-RA),Center(C),6,29,62,0
Stephen Curry,20211203,Driving Floating Jump Shot,2PT Field Goal,In The Paint (Non-RA),Right Side(R),8,64,62,1
Stephen Curry,20211203,Jump Shot,3PT Field Goal,Above the Break 3,Left Side Center(LC),27,-138,234,0
Stephen Curry,20211203,Step Back Jump shot,3PT Field Goal,Above the Break 3,Left Side Center(LC),27,-173,219,0
Stephen Curry,20211203,Jump Shot,3PT Field Goal,Left Corner 3,Left Side(L),22,-228,17,1
Stephen Curry,20211203,Step Back Jump shot,3PT Field Goal,Above the Break 3,Left Side Center(LC),26,-207,159,1
Stephen Curry,20211203,Cutting Layup Shot,2PT Field Goal,In The Paint (Non-RA),Center(C),4,-40,22,0
Stephen Curry,20211203,Driving Finger Roll Layup Shot,2PT Field Goal,In The Paint (Non-RA),Center(C),7,66,27,0
Stephen Curry,20211203,Tip Layup Shot,2PT Field Goal,Restricted Area,Center(C),0,0,0,0
Stephen Curry,20211203,Running Pull-Up Jump Shot,3PT Field Goal,Above the Break 3,Center(C),33,1,332,0
Stephen Curry,20211203,Step Back Jump shot,3PT Field Goal,Left Corner 3,Left Side(L),22,-228,16,1
Stephen Curry,20211203,Step Back Jump shot,3PT Field Goal,Above the Break 3,Left Side Center(LC),28,-192,216,1
Stephen Curry,20211203,Jump Shot,3PT Field Goal,Above the Break 3,Right Side Center(RC),25,118,227,0
Stephen Curry,20211203,Driving Floating Jump Shot,2PT Field Goal,In The Paint (Non-RA),Center(C),12,-4,126,1
Stephen Curry,20211203,Driving Reverse Layup Shot,2PT Field Goal,Restricted Area,Center(C),1,-10,4,0
Stephen Curry,20211203,Step Back Jump shot,3PT Field Goal,Above the Break 3,Center(C),25,74,247,0
Stephen Curry,20211203,Driving Layup Shot,2PT Field Goal,In The Paint (Non-RA),Center(C),5,-27,49,0
Stephen Curry,20211204,Step Back Jump shot,2PT Field Goal,Mid-Range,Left Side(L),23,-192,130,0
Stephen Curry,20211204,Jump Shot,3PT Field Goal,Above the Break 3,Left Side Center(LC),26,-125,236,0
Stephen Curry,20211204,Driving Layup Shot,2PT Field Goal,Restricted Area,Center(C),3,-31,2,0
Stephen Curry,20211204,Step Back Jump shot,3PT Field Goal,Above the Break 3,Left Side Center(LC),24,-206,137,0
Stephen Curry,20211204,Running Reverse Layup Shot,2PT Field Goal,Restricted Area,Center(C),2,6,21,0
Stephen Curry,20211204,Driving Floating Bank Jump Shot,2PT Field Goal,Mid-Range,Left Side(L),12,-120,47,0
Stephen Curry,20211204,Step Back Jump shot,3PT Field Goal,Above the Break 3,Right Side Center(RC),25,140,216,0
Stephen Curry,20211204,Running Reverse Layup Shot,2PT Field Goal,Restricted Area,Center(C),1,17,6,0
Stephen Curry,20211204,Pullup Jump shot,3PT Field Goal,Above the Break 3,Left Side Center(LC),28,-97,265,0
Stephen Curry,20211204,Step Back Jump shot,3PT Field Goal,Above the Break 3,Center(C),26,61,263,1
Stephen Curry,20211204,Driving Finger Roll Layup Shot,2PT Field Goal,Restricted Area,Center(C),2,18,23,0
Stephen Curry,20211204,Driving Layup Shot,2PT Field Goal,Restricted Area,Center(C),1,11,3,0
Stephen Curry,20211204,Jump Shot,3PT Field Goal,Above the Break 3,Right Side Center(RC),25,114,232,0
Stephen Curry,20211204,Jump Shot,3PT Field Goal,Above the Break 3,Left Side Center(LC),24,-188,158,0
Stephen Curry,20211204,Pullup Jump shot,3PT Field Goal,Above the Break 3,Left Side Center(LC),26,-123,239,0
Stephen Curry,20211204,Driving Layup Shot,2PT Field Goal,Restricted Area,Center(C),2,-18,16,1
Stephen Curry,20211204,Pullup Jump shot,3PT Field Goal,Above the Break 3,Right Side Center(RC),25,165,192,1
Stephen Curry,20211204,Step Back Jump shot,3PT Field Goal,Above the Break 3,Left Side Center(LC),25,-222,117,1
Stephen Curry,20211204,Pullup Jump shot,3PT Field Goal,Above the Break 3,Center(C),37,112,360,1
Stephen Curry,20211204,Pullup Jump shot,3PT Field Goal,Above the Break 3,Center(C),29,75,285,0
Stephen Curry,20211204,Step Back Jump shot,3PT Field Goal,Above the Break 3,Center(C),23,-36,237,0
Stephen Curry,20211204,Jump Shot,2PT Field Goal,Mid-Range,Center(C),15,-40,147,0
Stephen Curry,20211204,Jump Shot,3PT Field Goal,Above the Break 3,Right Side Center(RC),24,212,121,0
Stephen Curry,20211204,Jump Shot,3PT Field Goal,Above the Break 3,Center(C),24,49,240,0
Stephen Curry,20211204,Step Back Jump shot,3PT Field Goal,Above the Break 3,Left Side Center(LC),24,-203,129,1
Stephen Curry,20211204,Driving Layup Shot,2PT Field Goal,Restricted Area,Center(C),2,20,8,1
Stephen Curry,20211204,Step Back Jump shot,3PT Field Goal,Left Corner 3,Left Side(L),24,-230,72,0
Stephen Curry,20211204,Step Back Jump shot,2PT Field Goal,Mid-Range,Left Side Center(LC),23,-89,219,0
Stephen Curry,20211206,Driving Floating Bank Jump Shot,2PT Field Goal,Mid-Range,Left Side(L),13,-119,69,0
Stephen Curry,20211206,Running Pull-Up Jump Shot,3PT Field Goal,Above the Break 3,Center(C),31,33,313,1
Stephen Curry,20211206,Pullup Jump shot,3PT Field Goal,Above the Break 3,Center(C),28,6,281,1
Stephen Curry,20211206,Pullup Jump shot,3PT Field Goal,Above the Break 3,Center(C),36,-6,366,1
Stephen Curry,20211206,Driving Layup Shot,2PT Field Goal,In The Paint (Non-RA),Center(C),4,39,20,0
Stephen Curry,20211206,Cutting Layup Shot,2PT Field Goal,Restricted Area,Center(C),3,-25,19,1
Stephen Curry,20211206,Jump Shot,3PT Field Goal,Above the Break 3,Center(C),26,5,269,1
Stephen Curry,20211206,Pullup Jump shot,3PT Field Goal,Backcourt,Back Court(BC),53,1,534,0
Stephen Curry,20211206,Jump Shot,3PT Field Goal,Left Corner 3,Left Side(L),23,-234,-6,0
Stephen Curry,20211206,Pullup Jump shot,3PT Field Goal,Above the Break 3,Left Side Center(LC),27,-185,205,0
Stephen Curry,20211206,Jump Shot,3PT Field Goal,Above the Break 3,Left Side Center(LC),27,-164,216,1
Stephen Curry,20211206,Pullup Jump shot,3PT Field Goal,Above the Break 3,Left Side Center(LC),31,-181,260,0
Stephen Curry,20211206,Jump Shot,3PT Field Goal,Left Corner 3,Left Side(L),23,-232,-3,1
Stephen Curry,20211206,Pullup Jump shot,3PT Field Goal,Above the Break 3,Center(C),28,34,285,1
Stephen Curry,20211206,Pullup Jump shot,3PT Field Goal,Above the Break 3,Left Side Center(LC),29,-180,231,0
Stephen Curry,20211206,Step Back Jump shot,3PT Field Goal,Above the Break 3,Left Side Center(LC),25,-213,146,0
Stephen Curry,20211208,Jump Shot,3PT Field Goal,Above the Break 3,Right Side Center(RC),26,218,142,0
Stephen Curry,20211208,Jump Shot,3PT Field Goal,Left Corner 3,Left Side(L),22,-229,4,0
Stephen Curry,20211208,Jump Shot,3PT Field Goal,Above the Break 3,Right Side Center(RC),26,178,195,0
Stephen Curry,20211208,Jump Shot,3PT Field Goal,Above the Break 3,Right Side Center(RC),25,189,172,0
Stephen Curry,20211208,Jump Shot,3PT Field Goal,Above the Break 3,Right Side Center(RC),25,223,130,1
Stephen Curry,20211208,Step Back Jump shot,3PT Field Goal,Above the Break 3,Left Side Center(LC),26,-203,163,1
Stephen Curry,20211208,Driving Floating Bank Jump Shot,2PT Field Goal,In The Paint (Non-RA),Center(C),7,-44,64,1
Stephen Curry,20211208,Step Back Jump shot,3PT Field Goal,Above the Break 3,Left Side Center(LC),29,-223,186,0
Stephen Curry,20211208,Jump Shot,3PT Field Goal,Above the Break 3,Right Side Center(RC),30,159,260,0
Stephen Curry,20211208,Jump Shot,3PT Field Goal,Above the Break 3,Left Side Center(LC),28,-192,211,0
Stephen Curry,20211208,Jump Shot,3PT Field Goal,Above the Break 3,Left Side Center(LC),26,-156,209,1
Stephen Curry,20211208,Jump Shot,3PT Field Goal,Right Corner 3,Right Side(R),23,234,44,1
Stephen Curry,20211208,Jump Shot,3PT Field Goal,Above the Break 3,Right Side Center(RC),24,210,131,0
Stephen Curry,20211208,Jump Shot,3PT Field Goal,Above the Break 3,Right Side Center(RC),29,173,235,0
Stephen Curry,20211208,Step Back Jump shot,3PT Field Goal,Above the Break 3,Right Side Center(RC),27,124,250,1
Stephen Curry,20211208,Jump Shot,3PT Field Goal,Above the Break 3,Right Side Center(RC),28,222,176,1
Stephen Curry,20211208,Pullup Jump shot,3PT Field Goal,Above the Break 3,Center(C),29,9,290,0
Stephen Curry,20211208,Cutting Layup Shot,2PT Field Goal,In The Paint (Non-RA),Center(C),6,59,19,1
Stephen Curry,20211208,Jump Shot,3PT Field Goal,Left Corner 3,Left Side(L),22,-224,0,0
Stephen Curry,20211211,Driving Reverse Layup Shot,2PT Field Goal,Restricted Area,Center(C),1,-7,11,0
Stephen Curry,20211211,Driving Floating Jump Shot,2PT Field Goal,In The Paint (Non-RA),Center(C),7,65,33,0
Stephen Curry,20211211,Pullup Jump shot,2PT Field Goal,Mid-Range,Center(C),19,-21,197,0
Stephen Curry,20211211,Jump Shot,3PT Field Goal,Right Corner 3,Right Side(R),23,229,26,0
Stephen Curry,20211211,Driving Finger Roll Layup Shot,2PT Field Goal,Restricted Area,Center(C),3,-38,12,1
Stephen Curry,20211211,Pullup Jump shot,3PT Field Goal,Above the Break 3,Center(C),26,-44,264,0
Stephen Curry,20211211,Pullup Jump shot,2PT Field Goal,Mid-Range,Right Side(R),15,115,105,1
Stephen Curry,20211211,Jump Shot,3PT Field Goal,Above the Break 3,Left Side Center(LC),24,-181,168,0
Stephen Curry,20211211,Jump Shot,3PT Field Goal,Above the Break 3,Right Side Center(RC),25,137,220,1
Stephen Curry,20211211,Driving Finger Roll Layup Shot,2PT Field Goal,Restricted Area,Center(C),2,-18,21,1
Stephen Curry,20211211,Pullup Jump shot,3PT Field Goal,Above the Break 3,Left Side Center(LC),28,-125,256,0
Stephen Curry,20211211,Jump Shot,3PT Field Goal,Above the Break 3,Center(C),25,-42,252,1
Stephen Curry,20211211,Step Back Jump shot,3PT Field Goal,Above the Break 3,Left Side Center(LC),25,-93,242,0
Stephen Curry,20211211,Jump Shot,3PT Field Goal,Above the Break 3,Center(C),24,-34,247,0
Stephen Curry,20211211,Pullup Jump shot,3PT Field Goal,Above the Break 3,Left Side Center(LC),25,-164,190,0
Stephen Curry,20211211,Jump Shot,3PT Field Goal,Above the Break 3,Right Side Center(RC),25,216,129,0
Stephen Curry,20211211,Jump Shot,3PT Field Goal,Right Corner 3,Right Side(R),22,224,19,0
Stephen Curry,20211211,Jump Shot,3PT Field Goal,Above the Break 3,Center(C),27,-66,262,1
Stephen Curry,20211211,Pullup Jump shot,3PT Field Goal,Above the Break 3,Right Side Center(RC),24,158,190,0
Stephen Curry,20211211,Jump Shot,3PT Field Goal,Right Corner 3,Right Side(R),22,224,-7,0
Stephen Curry,20211213,Jump Shot,3PT Field Goal,Above the Break 3,Left Side Center(LC),25,-205,147,0
Stephen Curry,20211213,Driving Reverse Layup Shot,2PT Field Goal,Restricted Area,Center(C),2,-22,9,1
Stephen Curry,20211213,Jump Shot,3PT Field Goal,Left Corner 3,Left Side(L),24,-228,87,0
Stephen Curry,20211213,Jump Shot,3PT Field Goal,Above the Break 3,Center(C),26,-56,256,0
Stephen Curry,20211213,Pullup Jump shot,3PT Field Goal,Above the Break 3,Center(C),26,13,264,1
Stephen Curry,20211213,Jump Shot,3PT Field Goal,Above the Break 3,Center(C),26,-64,258,0
Stephen Curry,20211213,Driving Layup Shot,2PT Field Goal,Restricted Area,Center(C),3,31,11,1
Stephen Curry,20211213,Jump Shot,3PT Field Goal,Above the Break 3,Center(C),29,39,292,0
Stephen Curry,20211213,Fadeaway Jump Shot,3PT Field Goal,Right Corner 3,Right Side(R),24,232,78,1
Stephen Curry,20211213,Driving Finger Roll Layup Shot,2PT Field Goal,Restricted Area,Center(C),2,-20,-6,0
Stephen Curry,20211213,Pullup Jump shot,3PT Field Goal,Above the Break 3,Left Side Center(LC),26,-178,191,1
Stephen Curry,20211213,Jump Shot,3PT Field Goal,Right Corner 3,Right Side(R),24,230,79,0
Stephen Curry,20211213,Pullup Jump shot,3PT Field Goal,Above the Break 3,Center(C),30,-1,309,1
Stephen Curry,20211213,Turnaround Fadeaway shot,3PT Field Goal,Above the Break 3,Right Side Center(RC),26,205,170,0
Stephen Curry,20211213,Fadeaway Jump Shot,3PT Field Goal,Right Corner 3,Right Side(R),22,229,13,0
Stephen Curry,20211213,Driving Floating Jump Shot,2PT Field Goal,Mid-Range,Right Side Center(RC),16,80,147,0
Stephen Curry,20211213,Jump Shot,3PT Field Goal,Above the Break 3,Left Side Center(LC),26,-206,159,0
Stephen Curry,20211213,Pullup Jump shot,3PT Field Goal,Above the Break 3,Right Side Center(RC),25,179,183,1
Stephen Curry,20211213,Driving Finger Roll Layup Shot,2PT Field Goal,Restricted Area,Center(C),3,27,22,1
Stephen Curry,20211213,Jump Shot,3PT Field Goal,Above the Break 3,Right Side Center(RC),25,216,133,0
Stephen Curry,20211214,Pullup Jump shot,3PT Field Goal,Above the Break 3,Center(C),29,33,290,1
Stephen Curry,20211214,Pullup Jump shot,3PT Field Goal,Above the Break 3,Left Side Center(LC),27,-168,222,0
Stephen Curry,20211214,Jump Shot,3PT Field Goal,Above the Break 3,Right Side Center(RC),27,116,250,1
Stephen Curry,20211214,Pullup Jump shot,3PT Field Goal,Above the Break 3,Right Side Center(RC),30,165,251,0
Stephen Curry,20211214,Driving Finger Roll Layup Shot,2PT Field Goal,Restricted Area,Center(C),2,-13,16,0
Stephen Curry,20211214,Driving Layup Shot,2PT Field Goal,Restricted Area,Center(C),1,-2,10,1
Stephen Curry,20211214,Jump Shot,3PT Field Goal,Above the Break 3,Right Side Center(RC),25,221,121,1
Stephen Curry,20211214,Jump Shot,3PT Field Goal,Above the Break 3,Right Side Center(RC),26,150,220,0
Stephen Curry,20211214,Cutting Finger Roll Layup Shot,2PT Field Goal,Restricted Area,Center(C),1,-10,4,0
Stephen Curry,20211214,Pullup Jump shot,3PT Field Goal,Above the Break 3,Left Side Center(LC),25,-181,179,0
Stephen Curry,20211214,Jump Shot,3PT Field Goal,Above the Break 3,Center(C),26,-50,263,0
Stephen Curry,20211214,Step Back Jump shot,3PT Field Goal,Above the Break 3,Left Side Center(LC),25,-154,209,0
Stephen Curry,20211214,Driving Floating Bank Jump Shot,2PT Field Goal,In The Paint (Non-RA),Center(C),6,49,44,1
Stephen Curry,20211214,Pullup Jump shot,3PT Field Goal,Above the Break 3,Left Side Center(LC),25,-142,215,1
Stephen Curry,20211214,Driving Finger Roll Layup Shot,2PT Field Goal,Restricted Area,Center(C),1,-13,0,1
Stephen Curry,20211214,Jump Shot,3PT Field Goal,Above the Break 3,Left Side Center(LC),25,-218,127,0
Stephen Curry,20211214,Pullup Jump shot,3PT Field Goal,Above the Break 3,Right Side Center(RC),25,100,230,1
Stephen Curry,20211214,Jump Shot,3PT Field Goal,Above the Break 3,Center(C),28,60,278,0
Stephen Curry,20211214,Pullup Jump shot,3PT Field Goal,Above the Break 3,Left Side Center(LC),31,-203,236,0
Stephen Curry,20211217,Jump Shot,3PT Field Goal,Above the Break 3,Left Side Center(LC),25,-165,190,1
Stephen Curry,20211217,Step Back Jump shot,3PT Field Goal,Above the Break 3,Left Side Center(LC),25,-169,192,1
Stephen Curry,20211217,Jump Shot,3PT Field Goal,Above the Break 3,Right Side Center(RC),25,212,135,0
Stephen Curry,20211217,Driving Floating Jump Shot,2PT Field Goal,Mid-Range,Left Side(L),12,-123,38,1
Stephen Curry,20211217,Cutting Layup Shot,2PT Field Goal,Restricted Area,Center(C),2,7,21,1
Stephen Curry,20211217,Pullup Jump shot,3PT Field Goal,Above the Break 3,Left Side Center(LC),31,-137,284,0
Stephen Curry,20211217,Step Back Jump shot,3PT Field Goal,Above the Break 3,Left Side Center(LC),25,-158,197,1
Stephen Curry,20211217,Pullup Jump shot,3PT Field Goal,Above the Break 3,Left Side Center(LC),26,-138,229,0
Stephen Curry,20211217,Driving Finger Roll Layup Shot,2PT Field Goal,In The Paint (Non-RA),Center(C),5,-33,43,0
Stephen Curry,20211217,Turnaround Jump Shot,3PT Field Goal,Above the Break 3,Right Side Center(RC),27,112,246,1
Stephen Curry,20211217,Driving Reverse Layup Shot,2PT Field Goal,In The Paint (Non-RA),Center(C),7,-40,58,0
Stephen Curry,20211217,Jump Shot,3PT Field Goal,Above the Break 3,Left Side Center(LC),25,-191,169,0
Stephen Curry,20211217,Jump Shot,3PT Field Goal,Right Corner 3,Right Side(R),24,229,81,0
Stephen Curry,20211217,Driving Finger Roll Layup Shot,2PT Field Goal,In The Paint (Non-RA),Center(C),5,25,46,0
Stephen Curry,20211217,Pullup Jump shot,3PT Field Goal,Above the Break 3,Center(C),29,-80,281,0
Stephen Curry,20211217,Pullup Jump shot,3PT Field Goal,Above the Break 3,Right Side Center(RC),28,124,254,0
Stephen Curry,20211217,Jump Shot,3PT Field Goal,Above the Break 3,Left Side Center(LC),32,-163,284,0
Stephen Curry,20211217,Jump Shot,3PT Field Goal,Above the Break 3,Right Side Center(RC),26,132,230,1
Stephen Curry,20211217,Jump Shot,3PT Field Goal,Above the Break 3,Center(C),26,78,258,0
Stephen Curry,20211217,Driving Finger Roll Layup Shot,2PT Field Goal,In The Paint (Non-RA),Left Side(L),8,-53,71,0
Stephen Curry,20211217,Driving Floating Jump Shot,2PT Field Goal,Mid-Range,Left Side Center(LC),16,-61,157,1
Stephen Curry,20211220,Running Finger Roll Layup Shot,2PT Field Goal,Restricted Area,Center(C),3,-26,23,1
Stephen Curry,20211220,Step Back Jump shot,3PT Field Goal,Above the Break 3,Right Side Center(RC),25,203,149,0
Stephen Curry,20211220,Driving Finger Roll Layup Shot,2PT Field Goal,In The Paint (Non-RA),Center(C),6,48,38,1
Stephen Curry,20211220,Jump Shot,3PT Field Goal,Above the Break 3,Right Side Center(RC),26,140,226,1
Stephen Curry,20211220,Jump Shot,3PT Field Goal,Above the Break 3,Center(C),27,40,274,0
Stephen Curry,20211220,Jump Shot,3PT Field Goal,Above the Break 3,Center(C),28,49,284,0
Stephen Curry,20211220,Step Back Jump shot,2PT Field Goal,Mid-Range,Right Side Center(RC),18,126,142,0
Stephen Curry,20211220,Driving Layup Shot,2PT Field Goal,Restricted Area,Center(C),2,9,26,0
Stephen Curry,20211220,Driving Layup Shot,2PT Field Goal,Restricted Area,Center(C),2,23,-3,1
Stephen Curry,20211220,Pullup Jump shot,3PT Field Goal,Above the Break 3,Center(C),33,96,322,0
Stephen Curry,20211220,Jump Shot,3PT Field Goal,Backcourt,Back Court(BC),53,-58,531,0
Stephen Curry,20211220,Layup Shot,2PT Field Goal,Restricted Area,Center(C),2,-22,4,1
Stephen Curry,20211220,Step Back Jump shot,2PT Field Goal,Mid-Range,Left Side(L),17,-172,12,0
Stephen Curry,20211220,Jump Shot,3PT Field Goal,Above the Break 3,Right Side Center(RC),27,138,236,0
Stephen Curry,20211220,Step Back Jump shot,3PT Field Goal,Above the Break 3,Right Side Center(RC),27,124,244,0
Stephen Curry,20211220,Reverse Layup Shot,2PT Field Goal,In The Paint (Non-RA),Center(C),5,-48,27,1
Stephen Curry,20211220,Pullup Jump shot,2PT Field Goal,Mid-Range,Center(C),15,-47,152,0
Stephen Curry,20211220,Jump Shot,2PT Field Goal,Mid-Range,Center(C),18,-44,177,1
Stephen Curry,20211220,Jump Shot,3PT Field Goal,Above the Break 3,Right Side Center(RC),25,234,100,1
Stephen Curry,20211220,Pullup Jump shot,3PT Field Goal,Above the Break 3,Center(C),26,13,263,1
Stephen Curry,20211220,Driving Layup Shot,2PT Field Goal,Restricted Area,Center(C),2,-21,10,0
Stephen Curry,20211220,Driving Finger Roll Layup Shot,2PT Field Goal,Restricted Area,Center(C),2,5,25,1
Stephen Curry,20211220,Driving Layup Shot,2PT Field Goal,In The Paint (Non-RA),Center(C),5,42,37,1
Stephen Curry,20211220,Jump Shot,3PT Field Goal,Above the Break 3,Right Side Center(RC),26,217,157,1
Stephen Curry,20211220,Cutting Layup Shot,2PT Field Goal,Restricted Area,Center(C),3,26,17,1
Stephen Curry,20211220,Jump Shot,3PT Field Goal,Above the Break 3,Right Side Center(RC),31,179,261,0
Stephen Curry,20211220,Step Back Jump shot,2PT Field Goal,Mid-Range,Left Side(L),19,-195,42,0
Stephen Curry,20211223,Pullup Jump shot,3PT Field Goal,Above the Break 3,Center(C),26,31,267,1
Stephen Curry,20211223,Driving Finger Roll Layup Shot,2PT Field Goal,In The Paint (Non-RA),Left Side(L),8,-80,37,1
Stephen Curry,20211223,Jump Shot,3PT Field Goal,Above the Break 3,Left Side Center(LC),29,-119,272,0
Stephen Curry,20211223,Cutting Layup Shot,2PT Field Goal,Restricted Area,Center(C),3,-28,20,1
Stephen Curry,20211223,Running Pull-Up Jump Shot,3PT Field Goal,Above the Break 3,Right Side Center(RC),30,113,283,0
Stephen Curry,20211223,Jump Shot,3PT Field Goal,Left Corner 3,Left Side(L),22,-227,-10,1
Stephen Curry,20211223,Step Back Jump shot,2PT Field Goal,Mid-Range,Right Side Center(RC),17,115,132,0
Stephen Curry,20211223,Jump Shot,3PT Field Goal,Above the Break 3,Right Side Center(RC),26,104,243,1
Stephen Curry,20211223,Pullup Jump shot,3PT Field Goal,Above the Break 3,Left Side Center(LC),34,-199,280,1
Stephen Curry,20211223,Step Back Jump shot,2PT Field Goal,Mid-Range,Left Side Center(LC),22,-124,186,0
Stephen Curry,20211223,Running Finger Roll Layup Shot,2PT Field Goal,Restricted Area,Center(C),2,27,13,1
Stephen Curry,20211223,Step Back Jump shot,3PT Field Goal,Left Corner 3,Left Side(L),22,-224,-3,1
Stephen Curry,20211223,Pullup Jump shot,3PT Field Goal,Above the Break 3,Center(C),29,-29,289,0
Stephen Curry,20211223,Jump Shot,3PT Field Goal,Left Corner 3,Left Side(L),24,-240,-5,1
Stephen Curry,20211223,Step Back Jump shot,3PT Field Goal,Above the Break 3,Center(C),29,-83,285,0
Stephen Curry,20211223,Driving Finger Roll Layup Shot,2PT Field Goal,Restricted Area,Center(C),2,-16,16,0
Stephen Curry,20211223,Jump Shot,3PT Field Goal,Above the Break 3,Right Side Center(RC),26,114,244,1
Stephen Curry,20211223,Pullup Jump shot,3PT Field Goal,Above the Break 3,Center(C),29,-20,298,0
Stephen Curry,20211223,Running Layup Shot,2PT Field Goal,In The Paint (Non-RA),Center(C),4,45,7,1
Stephen Curry,20211223,Step Back Jump shot,3PT Field Goal,Above the Break 3,Left Side Center(LC),28,-192,217,1
Stephen Curry,20211223,Jump Shot,3PT Field Goal,Above the Break 3,Left Side Center(LC),28,-179,221,0
Stephen Curry,20211223,Driving Finger Roll Layup Shot,2PT Field Goal,Restricted Area,Center(C),3,-31,17,1
Stephen Curry,20211225,Step Back Jump shot,3PT Field Goal,Above the Break 3,Center(C),26,23,269,1
Stephen Curry,20211225,Jump Shot,3PT Field Goal,Left Corner 3,Left Side(L),23,-235,19,0
Stephen Curry,20211225,Step Back Jump shot,2PT Field Goal,Mid-Range,Center(C),14,-10,148,1
Stephen Curry,20211225,Running Pull-Up Jump Shot,3PT Field Goal,Above the Break 3,Center(C),30,31,306,0
Stephen Curry,20211225,Cutting Layup Shot,2PT Field Goal,Restricted Area,Center(C),0,-4,3,1
Stephen Curry,20211225,Jump Shot,3PT Field Goal,Right Corner 3,Right Side(R),24,245,27,0
Stephen Curry,20211225,Pullup Jump shot,3PT Field Goal,Above the Break 3,Center(C),27,75,262,0
Stephen Curry,20211225,Step Back Jump shot,3PT Field Goal,Above the Break 3,Center(C),27,83,266,1
Stephen Curry,20211225,Step Back Jump shot,2PT Field Goal,Mid-Range,Right Side Center(RC),20,102,177,0
Stephen Curry,20211225,Floating Jump shot,2PT Field Goal,Mid-Range,Right Side(R),18,165,84,0
Stephen Curry,20211225,Jump Shot,3PT Field Goal,Above the Break 3,Center(C),27,-11,274,0
Stephen Curry,20211225,Jump Shot,3PT Field Goal,Above the Break 3,Left Side Center(LC),26,-196,179,0
Stephen Curry,20211225,Step Back Jump shot,3PT Field Goal,Above the Break 3,Center(C),27,26,278,1
Stephen Curry,20211225,Jump Shot,3PT Field Goal,Above the Break 3,Right Side Center(RC),27,208,176,0
Stephen Curry,20211225,Driving Layup Shot,2PT Field Goal,In The Paint (Non-RA),Center(C),5,-23,46,0
Stephen Curry,20211225,Driving Floating Jump Shot,2PT Field Goal,Mid-Range,Left Side Center(LC),17,-94,152,0
Stephen Curry,20211225,Running Layup Shot,2PT Field Goal,Restricted Area,Center(C),2,-18,17,1
Stephen Curry,20211225,Running Jump Shot,3PT Field Goal,Above the Break 3,Center(C),25,44,253,0
Stephen Curry,20211225,Driving Layup Shot,2PT Field Goal,Restricted Area,Center(C),2,-25,12,1
Stephen Curry,20211225,Step Back Jump shot,3PT Field Goal,Above the Break 3,Left Side Center(LC),27,-180,211,1
Stephen Curry,20211225,Jump Shot,3PT Field Goal,Above the Break 3,Center(C),27,-4,273,0
Stephen Curry,20211225,Driving Reverse Layup Shot,2PT Field Goal,Restricted Area,Center(C),1,-18,2,1
Stephen Curry,20211225,Step Back Jump shot,3PT Field Goal,Above the Break 3,Center(C),26,49,262,1
Stephen Curry,20211225,Pullup Jump shot,3PT Field Goal,Above the Break 3,Center(C),30,-13,300,0
Stephen Curry,20211225,Jump Shot,3PT Field Goal,Above the Break 3,Left Side Center(LC),29,-185,236,0
Stephen Curry,20211225,Driving Floating Jump Shot,2PT Field Goal,Mid-Range,Left Side(L),15,-152,15,0
Stephen Curry,20211225,Step Back Jump shot,2PT Field Goal,Mid-Range,Left Side Center(LC),22,-163,148,0
Stephen Curry,20211228,Jump Shot,3PT Field Goal,Above the Break 3,Center(C),26,-55,260,0
Stephen Curry,20211228,Step Back Jump shot,3PT Field Goal,Above the Break 3,Left Side Center(LC),31,-104,294,0
Stephen Curry,20211228,Jump Shot,3PT Field Goal,Above the Break 3,Center(C),26,25,267,0
Stephen Curry,20211228,Jump Shot,3PT Field Goal,Above the Break 3,Left Side Center(LC),29,-92,281,0
Stephen Curry,20211228,Cutting Finger Roll Layup Shot,2PT Field Goal,Restricted Area,Center(C),2,-2,28,1
Stephen Curry,20211228,Pullup Jump shot,3PT Field Goal,Above the Break 3,Right Side Center(RC),33,148,295,0
Stephen Curry,20211228,Jump Shot,3PT Field Goal,Right Corner 3,Right Side(R),24,235,74,0
Stephen Curry,20211228,Jump Shot,3PT Field Goal,Above the Break 3,Right Side Center(RC),27,179,205,0
Stephen Curry,20211228,Jump Shot,3PT Field Goal,Right Corner 3,Right Side(R),23,229,42,1
Stephen Curry,20211228,Jump Shot,3PT Field Goal,Above the Break 3,Left Side Center(LC),29,-140,257,1
Stephen Curry,20211228,Step Back Jump shot,3PT Field Goal,Above the Break 3,Left Side Center(LC),25,-112,234,1
Stephen Curry,20211228,Jump Shot,3PT Field Goal,Above the Break 3,Center(C),30,20,304,0
Stephen Curry,20211228,Driving Floating Jump Shot,2PT Field Goal,Mid-Range,Right Side(R),13,103,82,0
Stephen Curry,20211228,Pullup Jump shot,3PT Field Goal,Above the Break 3,Center(C),29,62,285,1
Stephen Curry,20211228,Jump Shot,3PT Field Goal,Above the Break 3,Right Side Center(RC),28,207,193,1
Stephen Curry,20211228,Step Back Jump shot,3PT Field Goal,Above the Break 3,Center(C),28,6,287,0
Stephen Curry,20220101,Pullup Jump shot,2PT Field Goal,Mid-Range,Center(C),21,-11,210,0
Stephen Curry,20220101,Jump Shot,2PT Field Goal,Mid-Range,Left Side(L),16,-163,0,0
Stephen Curry,20220101,Jump Shot,3PT Field Goal,Above the Break 3,Center(C),26,-4,269,0
Stephen Curry,20220101,Jump Shot,3PT Field Goal,Above the Break 3,Left Side Center(LC),26,-91,253,1
Stephen Curry,20220101,Pullup Jump shot,2PT Field Goal,Mid-Range,Center(C),15,11,155,1
Stephen Curry,20220101,Jump Shot,3PT Field Goal,Above the Break 3,Center(C),25,27,251,1
Stephen Curry,20220101,Pullup Jump shot,3PT Field Goal,Above the Break 3,Center(C),31,10,314,0
Stephen Curry,20220101,Pullup Jump shot,3PT Field Goal,Above the Break 3,Center(C),26,21,260,0
Stephen Curry,20220101,Jump Shot,3PT Field Goal,Right Corner 3,Right Side(R),23,230,27,0
Stephen Curry,20220101,Jump Shot,3PT Field Goal,Right Corner 3,Right Side(R),24,233,72,1
Stephen Curry,20220101,Pullup Jump shot,3PT Field Goal,Above the Break 3,Center(C),29,-86,281,1
Stephen Curry,20220101,Driving Floating Bank Jump Shot,2PT Field Goal,In The Paint (Non-RA),Left Side(L),11,-69,86,0
Stephen Curry,20220101,Reverse Layup Shot,2PT Field Goal,Restricted Area,Center(C),2,-21,10,0
Stephen Curry,20220101,Jump Shot,3PT Field Goal,Above the Break 3,Left Side Center(LC),29,-185,233,0
Stephen Curry,20220101,Jump Shot,3PT Field Goal,Above the Break 3,Left Side Center(LC),29,-176,239,1
Stephen Curry,20220101,Jump Shot,3PT Field Goal,Above the Break 3,Right Side Center(RC),25,212,138,0
Stephen Curry,20220101,Jump Shot,2PT Field Goal,Mid-Range,Center(C),17,0,179,1
Stephen Curry,20220101,Jump Shot,3PT Field Goal,Above the Break 3,Right Side Center(RC),24,221,107,1
Stephen Curry,20220103,Jump Shot,3PT Field Goal,Above the Break 3,Left Side Center(LC),27,-202,188,0
Stephen Curry,20220103,Jump Shot,3PT Field Goal,Above the Break 3,Right Side Center(RC),25,203,157,0
Stephen Curry,20220103,Pullup Jump shot,2PT Field Goal,In The Paint (Non-RA),Center(C),13,27,133,0
Stephen Curry,20220103,Driving Finger Roll Layup Shot,2PT Field Goal,In The Paint (Non-RA),Center(C),4,-38,29,0
Stephen Curry,20220103,Jump Shot,3PT Field Goal,Above the Break 3,Right Side Center(RC),27,175,215,0
Stephen Curry,20220103,Jump Shot,3PT Field Goal,Above the Break 3,Center(C),27,75,264,1
Stephen Curry,20220103,Jump Shot,3PT Field Goal,Above the Break 3,Right Side Center(RC),28,120,253,0
Stephen Curry,20220103,Pullup Jump shot,2PT Field Goal,Mid-Range,Left Side Center(LC),20,-94,180,1
Stephen Curry,20220103,Layup Shot,2PT Field Goal,Restricted Area,Center(C),3,-33,22,1
Stephen Curry,20220103,Step Back Jump shot,2PT Field Goal,Mid-Range,Left Side Center(LC),19,-129,146,0
Stephen Curry,20220103,Jump Shot,3PT Field Goal,Above the Break 3,Right Side Center(RC),25,109,232,0
Stephen Curry,20220103,Pullup Jump shot,3PT Field Goal,Above the Break 3,Right Side Center(RC),27,195,193,0
Stephen Curry,20220103,Jump Shot,3PT Field Goal,Above the Break 3,Right Side Center(RC),26,196,173,0
Stephen Curry,20220103,Driving Finger Roll Layup Shot,2PT Field Goal,Restricted Area,Center(C),3,-17,27,0
Stephen Curry,20220103,Jump Shot,3PT Field Goal,Above the Break 3,Right Side Center(RC),28,180,222,0
Stephen Curry,20220103,Pullup Jump shot,2PT Field Goal,Mid-Range,Center(C),14,21,146,0
Stephen Curry,20220103,Pullup Jump shot,3PT Field Goal,Above the Break 3,Left Side Center(LC),26,-148,215,0
Stephen Curry,20220105,Jump Shot,3PT Field Goal,Left Corner 3,Left Side(L),22,-228,19,0
Stephen Curry,20220105,Jump Shot,3PT Field Goal,Above the Break 3,Left Side Center(LC),25,-211,147,0
Stephen Curry,20220105,Driving Finger Roll Layup Shot,2PT Field Goal,In The Paint (Non-RA),Center(C),6,22,61,0
Stephen Curry,20220105,Step Back Jump shot,3PT Field Goal,Above the Break 3,Left Side Center(LC),26,-104,246,0
Stephen Curry,20220105,Jump Shot,3PT Field Goal,Above the Break 3,Center(C),26,-13,264,0
Stephen Curry,20220105,Floating Jump shot,2PT Field Goal,Mid-Range,Right Side(R),11,89,69,0
Stephen Curry,20220105,Driving Layup Shot,2PT Field Goal,Restricted Area,Center(C),2,20,10,1
Stephen Curry,20220105,Cutting Layup Shot,2PT Field Goal,Restricted Area,Center(C),3,20,26,0
Stephen Curry,20220105,Driving Floating Bank Jump Shot,2PT Field Goal,In The Paint (Non-RA),Center(C),6,31,57,0
Stephen Curry,20220105,Jump Shot,3PT Field Goal,Above the Break 3,Left Side Center(LC),25,-184,178,0
Stephen Curry,20220105,Step Back Jump shot,3PT Field Goal,Above the Break 3,Left Side Center(LC),25,-175,184,1
Stephen Curry,20220105,Driving Layup Shot,2PT Field Goal,Restricted Area,Center(C),3,-20,32,0
Stephen Curry,20220105,Jump Shot,3PT Field Goal,Left Corner 3,Left Side(L),22,-227,15,0
Stephen Curry,20220105,Cutting Finger Roll Layup Shot,2PT Field Goal,Restricted Area,Center(C),1,-5,12,1
Stephen Curry,20220105,Pullup Jump shot,2PT Field Goal,Mid-Range,Center(C),15,7,153,1
Stephen Curry,20220105,Driving Finger Roll Layup Shot,2PT Field Goal,In The Paint (Non-RA),Center(C),4,-26,34,0
Stephen Curry,20220105,Driving Layup Shot,2PT Field Goal,Restricted Area,Center(C),2,-10,20,0
Stephen Curry,20220105,Cutting Layup Shot,2PT Field Goal,Restricted Area,Center(C),1,17,2,0
Stephen Curry,20220105,Step Back Jump shot,2PT Field Goal,Mid-Range,Left Side Center(LC),21,-89,197,0
Stephen Curry,20220105,Jump Shot,2PT Field Goal,Mid-Range,Right Side Center(RC),17,132,116,0
Stephen Curry,20220105,Driving Reverse Layup Shot,2PT Field Goal,Restricted Area,Center(C),0,4,4,1
Stephen Curry,20220105,Driving Layup Shot,2PT Field Goal,Restricted Area,Center(C),2,20,15,0
Stephen Curry,20220105,Jump Shot,3PT Field Goal,Above the Break 3,Left Side Center(LC),27,-146,235,0
Stephen Curry,20220105,Pullup Jump shot,3PT Field Goal,Above the Break 3,Right Side Center(RC),26,146,223,0
Stephen Curry,20220109,Jump Shot,3PT Field Goal,Above the Break 3,Left Side Center(LC),28,-183,218,1
Stephen Curry,20220109,Step Back Jump shot,3PT Field Goal,Above the Break 3,Left Side Center(LC),26,-212,162,1
Stephen Curry,20220109,Jump Shot,3PT Field Goal,Above the Break 3,Right Side Center(RC),24,83,235,1
Stephen Curry,20220109,Step Back Jump shot,3PT Field Goal,Above the Break 3,Left Side Center(LC),29,-205,207,1
Stephen Curry,20220109,Step Back Jump shot,3PT Field Goal,Above the Break 3,Center(C),30,-2,306,0
Stephen Curry,20220109,Driving Layup Shot,2PT Field Goal,In The Paint (Non-RA),Center(C),5,48,17,0
Stephen Curry,20220109,Pullup Jump shot,2PT Field Goal,Mid-Range,Right Side Center(RC),18,64,169,0
Stephen Curry,20220109,Driving Reverse Layup Shot,2PT Field Goal,Restricted Area,Center(C),3,-27,26,1
Stephen Curry,20220109,Step Back Jump shot,3PT Field Goal,Above the Break 3,Left Side Center(LC),26,-190,179,0
Stephen Curry,20220109,Pullup Jump shot,3PT Field Goal,Above the Break 3,Center(C),30,26,306,0
Stephen Curry,20220109,Driving Finger Roll Layup Shot,2PT Field Goal,In The Paint (Non-RA),Center(C),4,-39,26,1
Stephen Curry,20220109,Pullup Jump shot,3PT Field Goal,Above the Break 3,Right Side Center(RC),42,192,378,0
Stephen Curry,20220109,Step Back Jump shot,2PT Field Goal,Mid-Range,Left Side(L),19,-196,27,0
Stephen Curry,20220109,Cutting Layup Shot,2PT Field Goal,In The Paint (Non-RA),Center(C),4,42,16,1
Stephen Curry,20220109,Driving Floating Bank Jump Shot,2PT Field Goal,In The Paint (Non-RA),Right Side(R),9,70,67,1
Stephen Curry,20220109,Putback Layup Shot,2PT Field Goal,Restricted Area,Center(C),0,0,0,1
Stephen Curry,20220109,Pullup Jump shot,3PT Field Goal,Above the Break 3,Right Side Center(RC),30,147,266,0
Stephen Curry,20220109,Pullup Jump shot,2PT Field Goal,Mid-Range,Center(C),19,-42,189,0
Stephen Curry,20220109,Pullup Jump shot,3PT Field Goal,Above the Break 3,Right Side Center(RC),26,143,229,0
Stephen Curry,20220109,Jump Shot,3PT Field Goal,Above the Break 3,Right Side Center(RC),26,240,114,0
Stephen Curry,20220109,Step Back Jump shot,2PT Field Goal,Mid-Range,Left Side Center(LC),18,-99,161,1
Stephen Curry,20220111,Pullup Jump shot,3PT Field Goal,Above the Break 3,Left Side Center(LC),26,-145,216,0
Stephen Curry,20220111,Driving Finger Roll Layup Shot,2PT Field Goal,Restricted Area,Center(C),1,-11,10,0
Stephen Curry,20220111,Running Reverse Layup Shot,2PT Field Goal,Restricted Area,Center(C),2,-17,13,0
Stephen Curry,20220111,Step Back Jump shot,3PT Field Goal,Above the Break 3,Left Side Center(LC),25,-189,168,0
Stephen Curry,20220111,Jump Shot,3PT Field Goal,Above the Break 3,Left Side Center(LC),26,-153,220,0
Stephen Curry,20220111,Driving Floating Bank Jump Shot,2PT Field Goal,In The Paint (Non-RA),Right Side(R),8,67,50,1
Stephen Curry,20220111,Cutting Finger Roll Layup Shot,2PT Field Goal,Restricted Area,Center(C),0,2,4,1
Stephen Curry,20220111,Driving Finger Roll Layup Shot,2PT Field Goal,Restricted Area,Center(C),1,6,13,1
Stephen Curry,20220111,Step Back Jump shot,3PT Field Goal,Above the Break 3,Left Side Center(LC),24,-89,232,1
Stephen Curry,20220111,Running Pull-Up Jump Shot,3PT Field Goal,Above the Break 3,Left Side Center(LC),24,-91,232,0
Stephen Curry,20220111,Driving Floating Jump Shot,2PT Field Goal,In The Paint (Non-RA),Center(C),10,53,96,0
Stephen Curry,20220111,Jump Shot,3PT Field Goal,Above the Break 3,Left Side Center(LC),25,-142,208,1
Stephen Curry,20220111,Driving Floating Jump Shot,2PT Field Goal,In The Paint (Non-RA),Center(C),5,11,50,1
Stephen Curry,20220111,Step Back Jump shot,2PT Field Goal,Mid-Range,Right Side Center(RC),19,131,140,1
Stephen Curry,20220111,Driving Reverse Layup Shot,2PT Field Goal,Restricted Area,Center(C),1,13,5,0
Stephen Curry,20220111,Driving Floating Bank Jump Shot,2PT Field Goal,Restricted Area,Center(C),1,-17,5,0
Stephen Curry,20220111,Cutting Finger Roll Layup Shot,2PT Field Goal,Restricted Area,Center(C),1,7,9,1
Stephen Curry,20220111,Jump Shot,3PT Field Goal,Left Corner 3,Left Side(L),23,-225,80,0
Stephen Curry,20220111,Jump Shot,3PT Field Goal,Above the Break 3,Right Side Center(RC),25,212,140,0
Stephen Curry,20220111,Driving Finger Roll Layup Shot,2PT Field Goal,Restricted Area,Center(C),2,-17,15,0
Stephen Curry,20220111,Pullup Jump shot,3PT Field Goal,Above the Break 3,Right Side Center(RC),29,131,261,0
Stephen Curry,20220113,Driving Layup Shot,2PT Field Goal,Restricted Area,Center(C),1,5,18,1
Stephen Curry,20220113,Pullup Jump shot,3PT Field Goal,Above the Break 3,Center(C),26,-18,262,0
Stephen Curry,20220113,Running Pull-Up Jump Shot,3PT Field Goal,Above the Break 3,Left Side Center(LC),30,-109,281,1
Stephen Curry,20220113,Jump Shot,3PT Field Goal,Above the Break 3,Right Side Center(RC),25,116,231,1
Stephen Curry,20220113,Jump Shot,3PT Field Goal,Above the Break 3,Right Side Center(RC),25,219,131,0
Stephen Curry,20220113,Pullup Jump shot,3PT Field Goal,Above the Break 3,Left Side Center(LC),31,-163,265,0
Stephen Curry,20220113,Pullup Jump shot,3PT Field Goal,Above the Break 3,Center(C),30,56,296,0
Stephen Curry,20220113,Driving Floating Jump Shot,2PT Field Goal,In The Paint (Non-RA),Center(C),6,-66,22,0
Stephen Curry,20220113,Pullup Jump shot,2PT Field Goal,Mid-Range,Center(C),19,-61,189,0
Stephen Curry,20220113,Fadeaway Jump Shot,2PT Field Goal,Mid-Range,Left Side(L),13,-93,98,0
Stephen Curry,20220113,Driving Layup Shot,2PT Field Goal,Restricted Area,Center(C),2,15,25,1
Stephen Curry,20220114,Jump Shot,3PT Field Goal,Above the Break 3,Center(C),27,78,264,0
Stephen Curry,20220114,Running Pull-Up Jump Shot,2PT Field Goal,In The Paint (Non-RA),Center(C),12,1,125,1
Stephen Curry,20220114,Pullup Jump shot,3PT Field Goal,Above the Break 3,Center(C),30,-16,304,0
Stephen Curry,20220114,Jump Shot,3PT Field Goal,Right Corner 3,Right Side(R),23,234,-6,0
Stephen Curry,20220114,Fadeaway Jump Shot,2PT Field Goal,Mid-Range,Left Side(L),11,-115,-15,1
Stephen Curry,20220114,Jump Shot,3PT Field Goal,Above the Break 3,Left Side Center(LC),25,-165,189,1
Stephen Curry,20220114,Jump Shot,3PT Field Goal,Above the Break 3,Center(C),25,59,251,0
Stephen Curry,20220114,Jump Shot,3PT Field Goal,Above the Break 3,Center(C),25,67,247,1
Stephen Curry,20220114,Driving Layup Shot,2PT Field Goal,Restricted Area,Center(C),2,1,29,0
Stephen Curry,20220114,Jump Shot,3PT Field Goal,Right Corner 3,Right Side(R),23,235,5,1
Stephen Curry,20220114,Step Back Jump shot,3PT Field Goal,Above the Break 3,Left Side Center(LC),25,-118,224,0
Stephen Curry,20220114,Jump Shot,3PT Field Goal,Above the Break 3,Right Side Center(RC),28,159,235,0
Stephen Curry,20220114,Driving Reverse Layup Shot,2PT Field Goal,Restricted Area,Center(C),1,-17,0,1
Stephen Curry,20220114,Jump Shot,3PT Field Goal,Above the Break 3,Right Side Center(RC),24,190,159,1
Stephen Curry,20220114,Driving Layup Shot,2PT Field Goal,Restricted Area,Center(C),0,-9,1,0
Stephen Curry,20220118,Driving Finger Roll Layup Shot,2PT Field Goal,In The Paint (Non-RA),Center(C),6,10,60,0
Stephen Curry,20220118,Jump Shot,3PT Field Goal,Above the Break 3,Right Side Center(RC),26,199,175,1
Stephen Curry,20220118,Jump Shot,3PT Field Goal,Above the Break 3,Center(C),29,-15,291,1
Stephen Curry,20220118,Pullup Jump shot,3PT Field Goal,Above the Break 3,Center(C),28,20,286,0
Stephen Curry,20220118,Reverse Layup Shot,2PT Field Goal,In The Paint (Non-RA),Center(C),4,29,33,1
Stephen Curry,20220118,Jump Shot,3PT Field Goal,Above the Break 3,Right Side Center(RC),26,143,226,0
Stephen Curry,20220118,Jump Shot,3PT Field Goal,Left Corner 3,Left Side(L),23,-234,-4,1
Stephen Curry,20220118,Pullup Jump shot,3PT Field Goal,Above the Break 3,Left Side Center(LC),28,-118,263,1
Stephen Curry,20220118,Driving Finger Roll Layup Shot,2PT Field Goal,In The Paint (Non-RA),Center(C),5,43,41,1
Stephen Curry,20220118,Step Back Jump shot,3PT Field Goal,Above the Break 3,Left Side Center(LC),25,-86,243,0
Stephen Curry,20220118,Running Jump Shot,3PT Field Goal,Above the Break 3,Left Side Center(LC),26,-110,240,0
Stephen Curry,20220120,Driving Reverse Layup Shot,2PT Field Goal,Restricted Area,Center(C),3,32,13,0
Stephen Curry,20220120,Driving Finger Roll Layup Shot,2PT Field Goal,Restricted Area,Center(C),3,-22,25,1
Stephen Curry,20220120,Pullup Jump shot,3PT Field Goal,Above the Break 3,Right Side Center(RC),26,112,237,1
Stephen Curry,20220120,Pullup Jump shot,3PT Field Goal,Above the Break 3,Right Side Center(RC),28,94,269,0
Stephen Curry,20220120,Driving Floating Bank Jump Shot,2PT Field Goal,In The Paint (Non-RA),Left Side(L),10,-70,79,1
Stephen Curry,20220120,Jump Shot,3PT Field Goal,Above the Break 3,Left Side Center(LC),26,-210,167,0
Stephen Curry,20220120,Pullup Jump shot,3PT Field Goal,Above the Break 3,Right Side Center(RC),29,135,258,0
Stephen Curry,20220120,Step Back Jump shot,3PT Field Goal,Above the Break 3,Center(C),27,69,264,1
Stephen Curry,20220120,Step Back Jump shot,3PT Field Goal,Above the Break 3,Center(C),26,-31,265,0
Stephen Curry,20220120,Driving Reverse Layup Shot,2PT Field Goal,Restricted Area,Center(C),2,26,0,1
Stephen Curry,20220120,Driving Layup Shot,2PT Field Goal,Restricted Area,Center(C),2,27,13,0
Stephen Curry,20220120,Step Back Jump shot,3PT Field Goal,Above the Break 3,Left Side Center(LC),33,-145,306,1
Stephen Curry,20220120,Pullup Jump shot,3PT Field Goal,Above the Break 3,Right Side Center(RC),30,174,246,1
Stephen Curry,20220120,Driving Layup Shot,2PT Field Goal,In The Paint (Non-RA),Center(C),4,45,19,0
Stephen Curry,20220120,Driving Floating Jump Shot,2PT Field Goal,In The Paint (Non-RA),Center(C),11,12,115,1
Stephen Curry,20220120,Jump Shot,3PT Field Goal,Above the Break 3,Left Side Center(LC),26,-186,184,1
Stephen Curry,20220120,Jump Shot,3PT Field Goal,Above the Break 3,Center(C),28,22,281,0
Stephen Curry,20220120,Driving Finger Roll Layup Shot,2PT Field Goal,Restricted Area,Center(C),3,-32,13,1
Stephen Curry,20220120,Pullup Jump shot,3PT Field Goal,Above the Break 3,Center(C),27,-64,272,0
Stephen Curry,20220120,Jump Shot,3PT Field Goal,Above the Break 3,Left Side Center(LC),28,-138,245,1
Stephen Curry,20220120,Pullup Jump shot,3PT Field Goal,Above the Break 3,Right Side Center(RC),27,125,247,0
Stephen Curry,20220120,Running Reverse Layup Shot,2PT Field Goal,Restricted Area,Center(C),3,-36,13,1
Stephen Curry,20220120,Pullup Jump shot,2PT Field Goal,Mid-Range,Right Side(R),16,147,84,0
Stephen Curry,20220120,Driving Layup Shot,2PT Field Goal,Restricted Area,Center(C),3,-32,9,0
Stephen Curry,20220120,Jump Shot,3PT Field Goal,Above the Break 3,Left Side Center(LC),25,-194,172,0
Stephen Curry,20220120,Pullup Jump shot,3PT Field Goal,Above the Break 3,Center(C),28,50,284,0
Stephen Curry,20220120,Pullup Jump shot,3PT Field Goal,Above the Break 3,Center(C),26,7,267,0
Stephen Curry,20220121,Jump Shot,3PT Field Goal,Above the Break 3,Left Side Center(LC),27,-169,222,0
Stephen Curry,20220121,Driving Floating Jump Shot,2PT Field Goal,Mid-Range,Center(C),19,26,190,0
Stephen Curry,20220121,Jump Shot,3PT Field Goal,Above the Break 3,Center(C),27,71,263,0
Stephen Curry,20220121,Driving Floating Jump Shot,2PT Field Goal,In The Paint (Non-RA),Left Side(L),10,-75,67,0
Stephen Curry,20220121,Step Back Jump shot,2PT Field Goal,Mid-Range,Left Side(L),16,-145,73,0
Stephen Curry,20220121,Running Pull-Up Jump Shot,3PT Field Goal,Above the Break 3,Center(C),27,-32,278,0
Stephen Curry,20220121,Jump Shot,2PT Field Goal,Mid-Range,Left Side(L),16,-151,64,0
Stephen Curry,20220121,Jump Shot,3PT Field Goal,Above the Break 3,Left Side Center(LC),29,-179,231,0
Stephen Curry,20220121,Step Back Jump shot,3PT Field Goal,Above the Break 3,Left Side Center(LC),29,-141,260,1
Stephen Curry,20220121,Jump Shot,3PT Field Goal,Right Corner 3,Right Side(R),23,227,38,0
Stephen Curry,20220121,Jump Shot,3PT Field Goal,Above the Break 3,Center(C),28,-76,274,0
Stephen Curry,20220121,Jump Bank Shot,2PT Field Goal,Mid-Range,Right Side(R),10,83,61,1
Stephen Curry,20220121,Jump Shot,3PT Field Goal,Above the Break 3,Right Side Center(RC),26,224,138,1
Stephen Curry,20220121,Step Back Jump shot,3PT Field Goal,Above the Break 3,Left Side Center(LC),27,-152,231,1
Stephen Curry,20220121,Pullup Jump shot,2PT Field Goal,Mid-Range,Right Side Center(RC),18,62,177,0
Stephen Curry,20220121,Jump Shot,3PT Field Goal,Right Corner 3,Right Side(R),24,240,48,1
Stephen Curry,20220121,Pullup Jump shot,3PT Field Goal,Above the Break 3,Right Side Center(RC),26,161,205,0
Stephen Curry,20220121,Turnaround Jump Shot,2PT Field Goal,In The Paint (Non-RA),Center(C),5,-50,17,0
Stephen Curry,20220121,Jump Shot,3PT Field Goal,Left Corner 3,Left Side(L),23,-225,71,0
Stephen Curry,20220121,Step Back Jump shot,3PT Field Goal,Above the Break 3,Left Side Center(LC),26,-134,229,0
Stephen Curry,20220121,Step Back Jump shot,2PT Field Goal,Mid-Range,Center(C),19,-43,194,1
Stephen Curry,20220123,Turnaround Fadeaway shot,2PT Field Goal,Mid-Range,Right Side(R),13,137,-15,1
Stephen Curry,20220123,Pullup Jump shot,3PT Field Goal,Above the Break 3,Right Side Center(RC),28,197,200,0
Stephen Curry,20220123,Jump Shot,3PT Field Goal,Above the Break 3,Left Side Center(LC),27,-207,177,1
Stephen Curry,20220123,Reverse Layup Shot,2PT Field Goal,In The Paint (Non-RA),Center(C),4,-40,19,1
Stephen Curry,20220123,Step Back Jump shot,3PT Field Goal,Above the Break 3,Left Side Center(LC),26,-82,247,0
Stephen Curry,20220123,Jump Shot,3PT Field Goal,Above the Break 3,Right Side Center(RC),28,138,245,0
Stephen Curry,20220123,Cutting Layup Shot,2PT Field Goal,Restricted Area,Center(C),3,25,17,1
Stephen Curry,20220123,Step Back Jump shot,3PT Field Goal,Above the Break 3,Right Side Center(RC),27,222,163,0
Stephen Curry,20220123,Jump Shot,3PT Field Goal,Above the Break 3,Center(C),28,27,284,0
Stephen Curry,20220123,Step Back Jump shot,3PT Field Goal,Above the Break 3,Left Side Center(LC),25,-203,158,0
Stephen Curry,20220123,Driving Floating Bank Jump Shot,2PT Field Goal,In The Paint (Non-RA),Right Side(R),9,70,58,1
Stephen Curry,20220123,Jump Shot,3PT Field Goal,Above the Break 3,Right Side Center(RC),24,173,180,0
Stephen Curry,20220123,Cutting Layup Shot,2PT Field Goal,In The Paint (Non-RA),Center(C),4,-31,32,0
Stephen Curry,20220123,Jump Shot,3PT Field Goal,Above the Break 3,Left Side Center(LC),28,-195,206,0
Stephen Curry,20220123,Jump Shot,3PT Field Goal,Above the Break 3,Right Side Center(RC),25,183,183,0
Stephen Curry,20220123,Driving Floating Jump Shot,2PT Field Goal,In The Paint (Non-RA),Center(C),11,36,107,0
Stephen Curry,20220123,Tip Layup Shot,2PT Field Goal,Restricted Area,Center(C),0,0,0,0
Stephen Curry,20220123,Jump Shot,3PT Field Goal,Left Corner 3,Left Side(L),23,-230,-13,0
Stephen Curry,20220123,Step Back Jump shot,3PT Field Goal,Above the Break 3,Left Side Center(LC),27,-202,183,0
Stephen Curry,20220123,Pullup Jump shot,3PT Field Goal,Above the Break 3,Center(C),32,4,322,0
Stephen Curry,20220125,Driving Floating Jump Shot,2PT Field Goal,In The Paint (Non-RA),Center(C),12,-1,123,1
Stephen Curry,20220125,Jump Shot,3PT Field Goal,Above the Break 3,Left Side Center(LC),26,-174,196,1
Stephen Curry,20220125,Pullup Jump shot,2PT Field Goal,Mid-Range,Right Side Center(RC),18,114,146,1
Stephen Curry,20220125,Step Back Jump shot,2PT Field Goal,Mid-Range,Center(C),19,54,190,1
Stephen Curry,20220125,Jump Shot,3PT Field Goal,Above the Break 3,Left Side Center(LC),26,-173,205,0
Stephen Curry,20220125,Jump Shot,3PT Field Goal,Left Corner 3,Left Side(L),24,-241,4,0
Stephen Curry,20220125,Jump Shot,2PT Field Goal,Mid-Range,Left Side Center(LC),17,-121,120,1
Stephen Curry,20220125,Jump Shot,3PT Field Goal,Above the Break 3,Center(C),28,45,286,0
Stephen Curry,20220125,Jump Shot,3PT Field Goal,Above the Break 3,Right Side Center(RC),27,174,214,0
Stephen Curry,20220125,Jump Shot,3PT Field Goal,Right Corner 3,Right Side(R),22,224,52,0
Stephen Curry,20220125,Driving Floating Bank Jump Shot,2PT Field Goal,In The Paint (Non-RA),Right Side(R),9,71,57,0
Stephen Curry,20220125,Jump Shot,2PT Field Goal,Mid-Range,Left Side(L),18,-188,9,1
Stephen Curry,20220125,Jump Shot,3PT Field Goal,Above the Break 3,Center(C),26,2,261,1
Stephen Curry,20220125,Step Back Jump shot,3PT Field Goal,Above the Break 3,Center(C),28,16,284,0
Stephen Curry,20220125,Jump Shot,3PT Field Goal,Backcourt,Back Court(BC),45,-131,437,0
Stephen Curry,20220125,Jump Shot,3PT Field Goal,Above the Break 3,Right Side Center(RC),29,199,214,0
Stephen Curry,20220127,Driving Floating Bank Jump Shot,2PT Field Goal,In The Paint (Non-RA),Left Side(L),9,-60,75,0
Stephen Curry,20220127,Running Pull-Up Jump Shot,3PT Field Goal,Above the Break 3,Center(C),26,62,262,1
Stephen Curry,20220127,Step Back Jump shot,2PT Field Goal,Mid-Range,Center(C),19,25,197,0
Stephen Curry,20220127,Jump Shot,3PT Field Goal,Left Corner 3,Left Side(L),22,-224,38,0
Stephen Curry,20220127,Step Back Jump shot,2PT Field Goal,In The Paint (Non-RA),Center(C),13,-12,131,0
Stephen Curry,20220127,Running Pull-Up Jump Shot,3PT Field Goal,Above the Break 3,Right Side Center(RC),25,83,242,1
Stephen Curry,20220127,Driving Layup Shot,2PT Field Goal,Restricted Area,Center(C),2,18,15,0
Stephen Curry,20220127,Jump Shot,3PT Field Goal,Above the Break 3,Center(C),26,38,258,0
Stephen Curry,20220127,Driving Floating Jump Shot,2PT Field Goal,Mid-Range,Right Side Center(RC),16,97,130,0
Stephen Curry,20220127,Driving Finger Roll Layup Shot,2PT Field Goal,In The Paint (Non-RA),Right Side(R),9,78,46,1
Stephen Curry,20220127,Pullup Jump shot,3PT Field Goal,Above the Break 3,Left Side Center(LC),24,-148,194,1
Stephen Curry,20220127,Driving Floating Bank Jump Shot,2PT Field Goal,In The Paint (Non-RA),Center(C),6,-43,50,0
Stephen Curry,20220127,Turnaround Jump Shot,3PT Field Goal,Above the Break 3,Center(C),26,72,258,1
Stephen Curry,20220127,Pullup Jump shot,3PT Field Goal,Above the Break 3,Right Side Center(RC),26,118,241,0
Stephen Curry,20220127,Driving Finger Roll Layup Shot,2PT Field Goal,Restricted Area,Center(C),1,12,8,1
Stephen Curry,20220127,Fadeaway Jump Shot,2PT Field Goal,Mid-Range,Right Side(R),17,161,75,1
Stephen Curry,20220127,Jump Shot,3PT Field Goal,Above the Break 3,Right Side Center(RC),24,192,153,1
Stephen Curry,20220127,Driving Finger Roll Layup Shot,2PT Field Goal,Restricted Area,Center(C),2,26,14,1
Stephen Curry,20220127,Pullup Jump shot,3PT Field Goal,Above the Break 3,Left Side Center(LC),33,-185,283,0
Stephen Curry,20220127,Jump Shot,3PT Field Goal,Above the Break 3,Right Side Center(RC),29,114,277,1
Stephen Curry,20220129,Jump Shot,3PT Field Goal,Above the Break 3,Right Side Center(RC),28,136,251,0
Stephen Curry,20220129,Pullup Jump shot,3PT Field Goal,Above the Break 3,Center(C),26,-25,267,0
Stephen Curry,20220129,Driving Layup Shot,2PT Field Goal,Restricted Area,Center(C),3,34,13,0
Stephen Curry,20220129,Pullup Jump shot,2PT Field Goal,Mid-Range,Left Side Center(LC),18,-78,163,1
Stephen Curry,20220129,Driving Floating Jump Shot,2PT Field Goal,In The Paint (Non-RA),Right Side(R),10,67,83,0
Stephen Curry,20220129,Driving Layup Shot,2PT Field Goal,Restricted Area,Center(C),3,-26,23,0
Stephen Curry,20220129,Jump Shot,3PT Field Goal,Above the Break 3,Right Side Center(RC),29,112,277,0
Stephen Curry,20220129,Step Back Jump shot,3PT Field Goal,Above the Break 3,Right Side Center(RC),25,222,122,1
Stephen Curry,20220129,Running Pull-Up Jump Shot,3PT Field Goal,Above the Break 3,Right Side Center(RC),25,146,215,0
Stephen Curry,20220129,Pullup Jump shot,3PT Field Goal,Above the Break 3,Center(C),26,-15,268,0
Stephen Curry,20220129,Pullup Jump shot,2PT Field Goal,Mid-Range,Right Side Center(RC),19,134,148,0
Stephen Curry,20220129,Jump Shot,3PT Field Goal,Right Corner 3,Right Side(R),23,233,9,0
Stephen Curry,20220129,Step Back Jump shot,3PT Field Goal,Above the Break 3,Right Side Center(RC),28,116,262,1
Stephen Curry,20220129,Driving Layup Shot,2PT Field Goal,Restricted Area,Center(C),2,28,5,1
Stephen Curry,20220129,Driving Layup Shot,2PT Field Goal,Restricted Area,Center(C),3,34,13,0
Stephen Curry,20220129,Running Pull-Up Jump Shot,3PT Field Goal,Above the Break 3,Right Side Center(RC),26,127,231,0
Stephen Curry,20220129,Step Back Jump shot,3PT Field Goal,Above the Break 3,Left Side Center(LC),26,-178,190,1
Stephen Curry,20220129,Driving Layup Shot,2PT Field Goal,Restricted Area,Center(C),1,-10,11,0
Stephen Curry,20220131,Driving Reverse Layup Shot,2PT Field Goal,Restricted Area,Center(C),2,22,4,0
Stephen Curry,20220131,Step Back Jump shot,3PT Field Goal,Left Corner 3,Left Side(L),23,-232,13,0
Stephen Curry,20220131,Jump Shot,3PT Field Goal,Above the Break 3,Center(C),29,13,295,0
Stephen Curry,20220131,Driving Layup Shot,2PT Field Goal,Restricted Area,Center(C),1,-16,8,1
Stephen Curry,20220131,Driving Floating Jump Shot,2PT Field Goal,In The Paint (Non-RA),Center(C),8,1,82,1
Stephen Curry,20220131,Pullup Jump shot,3PT Field Goal,Above the Break 3,Right Side Center(RC),28,91,272,1
Stephen Curry,20220131,Driving Finger Roll Layup Shot,2PT Field Goal,Restricted Area,Center(C),1,2,11,1
Stephen Curry,20220131,Step Back Jump shot,2PT Field Goal,Mid-Range,Right Side Center(RC),17,124,130,0
Stephen Curry,20220131,Step Back Jump shot,3PT Field Goal,Above the Break 3,Left Side Center(LC),27,-103,257,1
Stephen Curry,20220131,Jump Shot,3PT Field Goal,Above the Break 3,Right Side Center(RC),28,132,252,0
Stephen Curry,20220131,Running Pull-Up Jump Shot,3PT Field Goal,Above the Break 3,Right Side Center(RC),26,113,237,1
Stephen Curry,20220131,Step Back Jump shot,3PT Field Goal,Above the Break 3,Left Side Center(LC),29,-221,195,0
Stephen Curry,20220131,Driving Finger Roll Layup Shot,2PT Field Goal,Restricted Area,Center(C),1,-5,16,0
Stephen Curry,20220131,Running Pull-Up Jump Shot,3PT Field Goal,Above the Break 3,Right Side Center(RC),27,94,254,0
Stephen Curry,20220131,Step Back Jump shot,3PT Field Goal,Above the Break 3,Right Side Center(RC),26,94,249,1
Stephen Curry,20220131,Step Back Jump shot,2PT Field Goal,Mid-Range,Left Side(L),14,-86,112,1
Stephen Curry,20220131,Step Back Jump shot,3PT Field Goal,Above the Break 3,Left Side Center(LC),28,-131,248,1
Stephen Curry,20220131,Fadeaway Jump Shot,2PT Field Goal,Mid-Range,Left Side Center(LC),18,-69,168,1
Stephen Curry,20220131,Step Back Jump shot,3PT Field Goal,Above the Break 3,Center(C),28,42,279,1
Stephen Curry,20220131,Jump Shot,3PT Field Goal,Above the Break 3,Right Side Center(RC),29,109,278,0
Stephen Curry,20220131,Driving Finger Roll Layup Shot,2PT Field Goal,Restricted Area,Center(C),2,-18,17,1
Stephen Curry,20220131,Jump Shot,3PT Field Goal,Above the Break 3,Left Side Center(LC),25,-214,146,1
Stephen Curry,20220131,Step Back Jump shot,3PT Field Goal,Left Corner 3,Left Side(L),23,-225,65,0
Stephen Curry,20220203,Jump Shot,3PT Field Goal,Above the Break 3,Left Side Center(LC),25,-208,154,1
Stephen Curry,20220203,Jump Shot,3PT Field Goal,Above the Break 3,Center(C),27,69,264,1
Stephen Curry,20220203,Driving Layup Shot,2PT Field Goal,Restricted Area,Center(C),3,-9,32,1
Stephen Curry,20220203,Jump Shot,3PT Field Goal,Above the Break 3,Right Side Center(RC),26,214,156,0
Stephen Curry,20220203,Pullup Jump shot,2PT Field Goal,Mid-Range,Center(C),20,42,205,0
Stephen Curry,20220203,Jump Shot,3PT Field Goal,Above the Break 3,Right Side Center(RC),26,221,146,1
Stephen Curry,20220203,Jump Shot,3PT Field Goal,Above the Break 3,Center(C),25,-55,247,0
Stephen Curry,20220203,Pullup Jump shot,3PT Field Goal,Above the Break 3,Right Side Center(RC),26,190,182,0
Stephen Curry,20220203,Fadeaway Jump Shot,2PT Field Goal,In The Paint (Non-RA),Center(C),6,64,-6,1
Stephen Curry,20220203,Step Back Jump shot,3PT Field Goal,Above the Break 3,Left Side Center(LC),27,-175,215,1
Stephen Curry,20220203,Running Layup Shot,2PT Field Goal,Restricted Area,Center(C),3,27,21,1
Stephen Curry,20220207,Jump Shot,3PT Field Goal,Right Corner 3,Right Side(R),23,229,70,1
Stephen Curry,20220207,Running Pull-Up Jump Shot,3PT Field Goal,Above the Break 3,Left Side Center(LC),31,-114,295,0
Stephen Curry,20220207,Fadeaway Jump Shot,2PT Field Goal,Mid-Range,Center(C),14,-1,146,1
Stephen Curry,20220207,Jump Shot,3PT Field Goal,Right Corner 3,Right Side(R),23,232,41,0
Stephen Curry,20220207,Pullup Jump shot,3PT Field Goal,Above the Break 3,Center(C),27,66,263,1
Stephen Curry,20220207,Running Pull-Up Jump Shot,3PT Field Goal,Above the Break 3,Center(C),34,97,328,0
Stephen Curry,20220207,Pullup Jump shot,3PT Field Goal,Above the Break 3,Right Side Center(RC),28,96,266,0
Stephen Curry,20220207,Pullup Jump shot,3PT Field Goal,Above the Break 3,Left Side Center(LC),28,-108,263,1
Stephen Curry,20220207,Running Pull-Up Jump Shot,3PT Field Goal,Above the Break 3,Center(C),27,-54,266,0
Stephen Curry,20220207,Step Back Jump shot,3PT Field Goal,Above the Break 3,Left Side Center(LC),24,-153,193,0
Stephen Curry,20220207,Cutting Layup Shot,2PT Field Goal,In The Paint (Non-RA),Center(C),4,-37,27,1
Stephen Curry,20220207,Step Back Jump shot,3PT Field Goal,Above the Break 3,Left Side Center(LC),28,-92,272,1
Stephen Curry,20220209,Jump Shot,3PT Field Goal,Above the Break 3,Left Side Center(LC),25,-99,239,0
Stephen Curry,20220209,Pullup Jump shot,2PT Field Goal,Mid-Range,Right Side(R),13,136,31,1
Stephen Curry,20220209,Jump Shot,3PT Field Goal,Above the Break 3,Right Side Center(RC),29,227,193,0
Stephen Curry,20220209,Fadeaway Jump Shot,2PT Field Goal,Mid-Range,Left Side(L),14,-146,-8,0
Stephen Curry,20220209,Pullup Jump shot,3PT Field Goal,Above the Break 3,Left Side Center(LC),24,-130,208,1
Stephen Curry,20220209,Jump Shot,3PT Field Goal,Above the Break 3,Left Side Center(LC),27,-147,237,0
Stephen Curry,20220209,Jump Shot,3PT Field Goal,Left Corner 3,Left Side(L),22,-227,13,1
Stephen Curry,20220209,Step Back Jump shot,3PT Field Goal,Above the Break 3,Center(C),24,-43,239,0
Stephen Curry,20220209,Pullup Jump shot,2PT Field Goal,Mid-Range,Right Side Center(RC),16,97,137,0
Stephen Curry,20220209,Driving Floating Jump Shot,2PT Field Goal,In The Paint (Non-RA),Center(C),7,7,78,1
Stephen Curry,20220209,Step Back Jump shot,3PT Field Goal,Above the Break 3,Left Side Center(LC),29,-140,259,1
Stephen Curry,20220209,Driving Layup Shot,2PT Field Goal,Restricted Area,Center(C),3,25,18,0
Stephen Curry,20220209,Jump Shot,3PT Field Goal,Above the Break 3,Right Side Center(RC),25,121,228,0
Stephen Curry,20220210,Jump Shot,3PT Field Goal,Above the Break 3,Right Side Center(RC),25,161,193,0
Stephen Curry,20220210,Step Back Jump shot,2PT Field Goal,Mid-Range,Left Side Center(LC),22,-100,200,1
Stephen Curry,20220210,Driving Floating Jump Shot,2PT Field Goal,In The Paint (Non-RA),Center(C),10,-45,95,1
Stephen Curry,20220210,Jump Shot,3PT Field Goal,Above the Break 3,Left Side Center(LC),28,-184,223,1
Stephen Curry,20220210,Step Back Jump shot,3PT Field Goal,Above the Break 3,Center(C),28,33,285,0
Stephen Curry,20220210,Pullup Jump shot,3PT Field Goal,Above the Break 3,Center(C),28,-26,288,1
Stephen Curry,20220210,Step Back Jump shot,2PT Field Goal,Mid-Range,Left Side Center(LC),19,-82,180,0
Stephen Curry,20220210,Step Back Jump shot,3PT Field Goal,Left Corner 3,Left Side(L),24,-235,83,0
Stephen Curry,20220210,Jump Shot,3PT Field Goal,Above the Break 3,Right Side Center(RC),26,221,139,0
Stephen Curry,20220210,Jump Shot,3PT Field Goal,Above the Break 3,Center(C),32,94,307,1
Stephen Curry,20220210,Step Back Jump shot,3PT Field Goal,Above the Break 3,Right Side Center(RC),25,234,102,0
Stephen Curry,20220210,Step Back Jump shot,3PT Field Goal,Above the Break 3,Left Side Center(LC),27,-190,205,0
Stephen Curry,20220210,Pullup Jump shot,2PT Field Goal,In The Paint (Non-RA),Center(C),12,21,122,0
Stephen Curry,20220210,Pullup Jump shot,3PT Field Goal,Above the Break 3,Right Side Center(RC),26,136,227,1
Stephen Curry,20220210,Jump Shot,3PT Field Goal,Above the Break 3,Right Side Center(RC),30,203,221,0
Stephen Curry,20220210,Jump Shot,3PT Field Goal,Above the Break 3,Right Side Center(RC),28,176,219,0
Stephen Curry,20220210,Jump Shot,3PT Field Goal,Right Corner 3,Right Side(R),23,237,0,0
Stephen Curry,20220210,Pullup Jump shot,2PT Field Goal,Mid-Range,Right Side Center(RC),16,54,159,1
Stephen Curry,20220210,Pullup Jump shot,3PT Field Goal,Above the Break 3,Center(C),27,18,277,0
Stephen Curry,20220210,Step Back Jump shot,3PT Field Goal,Above the Break 3,Right Side Center(RC),27,161,226,1
Stephen Curry,20220210,Driving Layup Shot,2PT Field Goal,Restricted Area,Center(C),3,-32,8,1
Stephen Curry,20220210,Jump Shot,3PT Field Goal,Above the Break 3,Center(C),27,23,274,0
Stephen Curry,20220210,Pullup Jump shot,2PT Field Goal,Mid-Range,Right Side(R),15,104,117,1
Stephen Curry,20220210,Driving Finger Roll Layup Shot,2PT Field Goal,In The Paint (Non-RA),Center(C),6,64,14,0
Stephen Curry,20220210,Driving Finger Roll Layup Shot,2PT Field Goal,Restricted Area,Center(C),3,32,9,1
Stephen Curry,20220212,Pullup Jump shot,3PT Field Goal,Above the Break 3,Left Side Center(LC),30,-162,262,0
Stephen Curry,20220212,Driving Finger Roll Layup Shot,2PT Field Goal,In The Paint (Non-RA),Center(C),5,-55,20,0
Stephen Curry,20220212,Pullup Jump shot,2PT Field Goal,Mid-Range,Center(C),20,-22,202,1
Stephen Curry,20220212,Step Back Jump shot,3PT Field Goal,Above the Break 3,Left Side Center(LC),29,-206,211,0
Stephen Curry,20220212,Pullup Jump shot,2PT Field Goal,In The Paint (Non-RA),Left Side(L),11,-64,92,1
Stephen Curry,20220212,Step Back Jump shot,3PT Field Goal,Above the Break 3,Right Side Center(RC),28,150,239,0
Stephen Curry,20220212,Floating Jump shot,2PT Field Goal,In The Paint (Non-RA),Center(C),8,-6,86,1
Stephen Curry,20220212,Driving Finger Roll Layup Shot,2PT Field Goal,In The Paint (Non-RA),Center(C),7,-7,73,1
Stephen Curry,20220212,Driving Floating Jump Shot,2PT Field Goal,In The Paint (Non-RA),Center(C),6,55,43,1
Stephen Curry,20220212,Driving Floating Jump Shot,2PT Field Goal,In The Paint (Non-RA),Center(C),10,-49,96,0
Stephen Curry,20220212,Jump Shot,3PT Field Goal,Backcourt,Back Court(BC),51,110,508,0
Stephen Curry,20220212,Step Back Jump shot,3PT Field Goal,Above the Break 3,Center(C),26,-47,260,0
Stephen Curry,20220212,Jump Shot,3PT Field Goal,Above the Break 3,Right Side Center(RC),28,199,204,1
Stephen Curry,20220212,Step Back Jump shot,3PT Field Goal,Above the Break 3,Right Side Center(RC),30,152,268,0
Stephen Curry,20220212,Driving Finger Roll Layup Shot,2PT Field Goal,Restricted Area,Center(C),2,6,25,0
Stephen Curry,20220212,Driving Finger Roll Layup Shot,2PT Field Goal,Restricted Area,Center(C),3,-2,30,1
Stephen Curry,20220212,Pullup Jump shot,3PT Field Goal,Above the Break 3,Left Side Center(LC),28,-105,261,0
Stephen Curry,20220214,Driving Floating Jump Shot,2PT Field Goal,In The Paint (Non-RA),Center(C),11,23,116,1
Stephen Curry,20220214,Driving Floating Jump Shot,2PT Field Goal,In The Paint (Non-RA),Center(C),12,-56,112,1
Stephen Curry,20220214,Jump Shot,3PT Field Goal,Above the Break 3,Right Side Center(RC),25,200,154,1
Stephen Curry,20220214,Jump Shot,3PT Field Goal,Above the Break 3,Right Side Center(RC),26,130,226,1
Stephen Curry,20220214,Pullup Jump shot,3PT Field Goal,Above the Break 3,Left Side Center(LC),29,-165,242,1
Stephen Curry,20220214,Step Back Jump shot,3PT Field Goal,Above the Break 3,Left Side Center(LC),27,-88,259,1
Stephen Curry,20220214,Jump Shot,3PT Field Goal,Above the Break 3,Left Side Center(LC),25,-190,168,0
Stephen Curry,20220214,Driving Floating Jump Shot,2PT Field Goal,In The Paint (Non-RA),Center(C),8,2,88,1
Stephen Curry,20220214,Jump Shot,3PT Field Goal,Above the Break 3,Right Side Center(RC),26,169,209,1
Stephen Curry,20220214,Pullup Jump shot,2PT Field Goal,Mid-Range,Center(C),18,-40,176,0
Stephen Curry,20220214,Pullup Jump shot,3PT Field Goal,Above the Break 3,Left Side Center(LC),29,-98,283,1
Stephen Curry,20220214,Jump Shot,3PT Field Goal,Above the Break 3,Right Side Center(RC),28,115,258,0
Stephen Curry,20220214,Driving Layup Shot,2PT Field Goal,Restricted Area,Center(C),2,18,15,0
Stephen Curry,20220214,Jump Shot,3PT Field Goal,Above the Break 3,Right Side Center(RC),32,124,304,0
Stephen Curry,20220214,Jump Shot,3PT Field Goal,Above the Break 3,Left Side Center(LC),28,-135,256,0
Stephen Curry,20220214,Jump Shot,3PT Field Goal,Above the Break 3,Center(C),26,4,268,1
Stephen Curry,20220214,Step Back Jump shot,3PT Field Goal,Above the Break 3,Right Side Center(RC),29,118,268,1
Stephen Curry,20220214,Jump Shot,3PT Field Goal,Above the Break 3,Left Side Center(LC),29,-186,229,0
Stephen Curry,20220216,Jump Shot,3PT Field Goal,Above the Break 3,Center(C),28,-2,285,0
Stephen Curry,20220216,Pullup Jump shot,2PT Field Goal,Mid-Range,Left Side Center(LC),20,-99,183,0
Stephen Curry,20220216,Running Jump Shot,3PT Field Goal,Above the Break 3,Right Side Center(RC),27,176,215,1
Stephen Curry,20220216,Pullup Jump shot,3PT Field Goal,Above the Break 3,Left Side Center(LC),28,-163,238,0
Stephen Curry,20220216,Driving Layup Shot,2PT Field Goal,In The Paint (Non-RA),Center(C),4,-39,28,1
Stephen Curry,20220216,Running Layup Shot,2PT Field Goal,In The Paint (Non-RA),Center(C),4,-25,39,1
Stephen Curry,20220216,Step Back Jump shot,2PT Field Goal,Mid-Range,Left Side Center(LC),20,-113,174,1
Stephen Curry,20220216,Driving Reverse Layup Shot,2PT Field Goal,Restricted Area,Center(C),3,34,12,1
Stephen Curry,20220216,Running Pull-Up Jump Shot,3PT Field Goal,Above the Break 3,Center(C),28,-4,288,0
Stephen Curry,20220216,Pullup Jump shot,3PT Field Goal,Above the Break 3,Center(C),25,23,256,0
Stephen Curry,20220216,Driving Finger Roll Layup Shot,2PT Field Goal,In The Paint (Non-RA),Center(C),4,-42,24,1
Stephen Curry,20220216,Driving Finger Roll Layup Shot,2PT Field Goal,Restricted Area,Center(C),2,-28,0,1
Stephen Curry,20220216,Jump Shot,2PT Field Goal,Mid-Range,Left Side(L),22,-191,114,1
Stephen Curry,20220216,Pullup Jump shot,3PT Field Goal,Above the Break 3,Right Side Center(RC),31,195,245,0
Stephen Curry,20220216,Reverse Layup Shot,2PT Field Goal,Restricted Area,Center(C),2,-25,5,0
Stephen Curry,20220216,Step Back Jump shot,2PT Field Goal,Mid-Range,Right Side Center(RC),20,89,185,0
Stephen Curry,20220216,Driving Finger Roll Layup Shot,2PT Field Goal,In The Paint (Non-RA),Center(C),6,55,42,1
Stephen Curry,20220216,Step Back Jump shot,3PT Field Goal,Above the Break 3,Left Side Center(LC),25,-192,168,0
Stephen Curry,20220216,Pullup Jump shot,2PT Field Goal,Mid-Range,Right Side(R),17,157,88,1
Stephen Curry,20220224,Jump Shot,3PT Field Goal,Above the Break 3,Right Side Center(RC),25,153,200,0
Stephen Curry,20220224,Driving Finger Roll Layup Shot,2PT Field Goal,In The Paint (Non-RA),Center(C),8,18,83,1
Stephen Curry,20220224,Running Jump Shot,3PT Field Goal,Above the Break 3,Left Side Center(LC),25,-98,236,1
Stephen Curry,20220224,Step Back Jump shot,3PT Field Goal,Above the Break 3,Center(C),25,59,250,0
Stephen Curry,20220224,Driving Layup Shot,2PT Field Goal,Restricted Area,Center(C),3,-25,19,0
Stephen Curry,20220224,Driving Layup Shot,2PT Field Goal,Restricted Area,Center(C),1,12,15,1
Stephen Curry,20220224,Jump Shot,3PT Field Goal,Above the Break 3,Center(C),28,7,282,1
Stephen Curry,20220224,Driving Finger Roll Layup Shot,2PT Field Goal,Restricted Area,Center(C),3,-7,38,1
Stephen Curry,20220224,Pullup Jump shot,3PT Field Goal,Above the Break 3,Center(C),31,-97,304,0
Stephen Curry,20220224,Jump Shot,3PT Field Goal,Above the Break 3,Center(C),28,-21,288,0
Stephen Curry,20220224,Jump Shot,3PT Field Goal,Right Corner 3,Right Side(R),22,229,8,0
Stephen Curry,20220227,Running Layup Shot,2PT Field Goal,Restricted Area,Center(C),1,5,10,1
Stephen Curry,20220227,Running Pull-Up Jump Shot,3PT Field Goal,Above the Break 3,Left Side Center(LC),24,-181,167,1
Stephen Curry,20220227,Step Back Jump shot,3PT Field Goal,Above the Break 3,Left Side Center(LC),24,-206,131,0
Stephen Curry,20220227,Driving Reverse Layup Shot,2PT Field Goal,Restricted Area,Center(C),0,-4,7,1
Stephen Curry,20220227,Driving Layup Shot,2PT Field Goal,Restricted Area,Center(C),1,9,5,1
Stephen Curry,20220227,Jump Shot,3PT Field Goal,Above the Break 3,Left Side Center(LC),27,-214,173,0
Stephen Curry,20220227,Driving Floating Bank Jump Shot,2PT Field Goal,Mid-Range,Left Side(L),12,-108,63,0
Stephen Curry,20220227,Driving Floating Jump Shot,2PT Field Goal,In The Paint (Non-RA),Center(C),11,23,110,0
Stephen Curry,20220227,Floating Jump shot,2PT Field Goal,Mid-Range,Right Side(R),13,92,102,1
Stephen Curry,20220227,Driving Finger Roll Layup Shot,2PT Field Goal,Restricted Area,Center(C),1,0,15,1
Stephen Curry,20220227,Driving Layup Shot,2PT Field Goal,Restricted Area,Center(C),2,28,10,0
Stephen Curry,20220227,Jump Shot,3PT Field Goal,Above the Break 3,Right Side Center(RC),25,207,150,0
Stephen Curry,20220227,Pullup Jump shot,3PT Field Goal,Above the Break 3,Right Side Center(RC),25,148,210,1
Stephen Curry,20220227,Step Back Jump shot,2PT Field Goal,Mid-Range,Center(C),20,-21,200,0
Stephen Curry,20220227,Cutting Layup Shot,2PT Field Goal,In The Paint (Non-RA),Center(C),6,6,63,0
Stephen Curry,20220227,Running Finger Roll Layup Shot,2PT Field Goal,Restricted Area,Center(C),2,5,21,1
Stephen Curry,20220227,Driving Floating Jump Shot,2PT Field Goal,In The Paint (Non-RA),Center(C),12,-9,122,1
Stephen Curry,20220227,Step Back Jump shot,3PT Field Goal,Above the Break 3,Right Side Center(RC),24,85,234,0
Stephen Curry,20220227,Pullup Jump shot,3PT Field Goal,Above the Break 3,Right Side Center(RC),26,143,220,0
Stephen Curry,20220227,Turnaround Fadeaway shot,2PT Field Goal,Mid-Range,Right Side(R),13,100,94,0
Stephen Curry,20220227,Driving Finger Roll Layup Shot,2PT Field Goal,Restricted Area,Center(C),2,4,29,0
Stephen Curry,20220227,Driving Finger Roll Layup Shot,2PT Field Goal,Restricted Area,Center(C),2,20,0,1
Stephen Curry,20220227,Pullup Jump shot,3PT Field Goal,Above the Break 3,Center(C),30,0,309,0
Stephen Curry,20220227,Jump Shot,3PT Field Goal,Above the Break 3,Right Side Center(RC),29,165,239,1
Stephen Curry,20220227,Running Pull-Up Jump Shot,3PT Field Goal,Above the Break 3,Center(C),33,-93,318,0
Stephen Curry,20220301,Jump Shot,3PT Field Goal,Right Corner 3,Right Side(R),22,222,-5,0
Stephen Curry,20220301,Jump Shot,3PT Field Goal,Above the Break 3,Right Side Center(RC),26,103,242,0
Stephen Curry,20220301,Step Back Jump shot,3PT Field Goal,Above the Break 3,Left Side Center(LC),25,-89,238,0
Stephen Curry,20220301,Jump Shot,3PT Field Goal,Above the Break 3,Right Side Center(RC),24,197,146,1
Stephen Curry,20220301,Pullup Jump shot,3PT Field Goal,Above the Break 3,Right Side Center(RC),25,121,220,0
Stephen Curry,20220301,Step Back Jump shot,3PT Field Goal,Above the Break 3,Left Side Center(LC),25,-222,120,1
Stephen Curry,20220301,Driving Finger Roll Layup Shot,2PT Field Goal,In The Paint (Non-RA),Center(C),4,15,39,1
Stephen Curry,20220301,Jump Shot,3PT Field Goal,Above the Break 3,Left Side Center(LC),31,-143,285,0
Stephen Curry,20220301,Jump Shot,3PT Field Goal,Above the Break 3,Left Side Center(LC),25,-191,173,1
Stephen Curry,20220301,Running Jump Shot,3PT Field Goal,Above the Break 3,Right Side Center(RC),25,138,211,0
Stephen Curry,20220301,Running Layup Shot,2PT Field Goal,Restricted Area,Center(C),1,-11,5,0
Stephen Curry,20220301,Pullup Jump shot,3PT Field Goal,Above the Break 3,Right Side Center(RC),29,181,232,0
Stephen Curry,20220301,Running Jump Shot,3PT Field Goal,Above the Break 3,Left Side Center(LC),25,-107,227,1
Stephen Curry,20220301,Driving Layup Shot,2PT Field Goal,Restricted Area,Center(C),1,7,16,0
Stephen Curry,20220301,Running Layup Shot,2PT Field Goal,Restricted Area,Center(C),0,1,8,1
Stephen Curry,20220301,Jump Shot,3PT Field Goal,Above the Break 3,Right Side Center(RC),25,98,237,1
Stephen Curry,20220301,Pullup Jump shot,3PT Field Goal,Above the Break 3,Left Side Center(LC),25,-162,192,0
Stephen Curry,20220301,Driving Finger Roll Layup Shot,2PT Field Goal,In The Paint (Non-RA),Center(C),6,-4,64,1
Stephen Curry,20220301,Running Pull-Up Jump Shot,2PT Field Goal,Mid-Range,Center(C),18,-39,176,1
Stephen Curry,20220301,Pullup Jump shot,3PT Field Goal,Above the Break 3,Center(C),29,54,293,0
Stephen Curry,20220301,Jump Shot,3PT Field Goal,Above the Break 3,Center(C),24,-25,246,0
Stephen Curry,20220301,Step Back Jump shot,3PT Field Goal,Above the Break 3,Center(C),25,21,258,0
Stephen Curry,20220301,Cutting Layup Shot,2PT Field Goal,Restricted Area,Center(C),0,1,6,1
Stephen Curry,20220301,Driving Layup Shot,2PT Field Goal,Restricted Area,Center(C),2,-20,19,0
Stephen Curry,20220303,Pullup Jump shot,3PT Field Goal,Above the Break 3,Left Side Center(LC),28,-138,253,1
Stephen Curry,20220303,Pullup Jump shot,2PT Field Goal,Mid-Range,Left Side Center(LC),16,-109,119,0
Stephen Curry,20220303,Jump Shot,3PT Field Goal,Above the Break 3,Right Side Center(RC),29,180,231,1
Stephen Curry,20220303,Driving Layup Shot,2PT Field Goal,Restricted Area,Center(C),3,-25,27,0
Stephen Curry,20220303,Step Back Jump shot,3PT Field Goal,Above the Break 3,Left Side Center(LC),25,-214,142,1
Stephen Curry,20220303,Floating Jump shot,2PT Field Goal,In The Paint (Non-RA),Center(C),6,-13,66,1
Stephen Curry,20220303,Driving Finger Roll Layup Shot,2PT Field Goal,In The Paint (Non-RA),Center(C),7,13,69,0
Stephen Curry,20220303,Driving Finger Roll Layup Shot,2PT Field Goal,Restricted Area,Center(C),3,31,13,1
Stephen Curry,20220303,Jump Shot,3PT Field Goal,Above the Break 3,Left Side Center(LC),29,-102,281,0
Stephen Curry,20220303,Jump Shot,2PT Field Goal,Mid-Range,Left Side(L),16,-152,58,0
Stephen Curry,20220303,Driving Floating Bank Jump Shot,2PT Field Goal,Mid-Range,Left Side(L),11,-92,62,1
Stephen Curry,20220303,Driving Finger Roll Layup Shot,2PT Field Goal,In The Paint (Non-RA),Center(C),10,45,92,0
Stephen Curry,20220303,Pullup Jump shot,3PT Field Goal,Above the Break 3,Left Side Center(LC),26,-113,237,1
Stephen Curry,20220303,Driving Finger Roll Layup Shot,2PT Field Goal,Restricted Area,Center(C),1,10,16,1
Stephen Curry,20220303,Driving Bank Hook Shot,2PT Field Goal,In The Paint (Non-RA),Right Side(R),8,72,39,0
Stephen Curry,20220305,Step Back Jump shot,3PT Field Goal,Above the Break 3,Center(C),25,-61,249,0
Stephen Curry,20220305,Step Back Jump shot,2PT Field Goal,Mid-Range,Left Side Center(LC),16,-121,105,1
Stephen Curry,20220305,Step Back Jump shot,2PT Field Goal,In The Paint (Non-RA),Center(C),8,-6,81,0
Stephen Curry,20220305,Running Jump Shot,3PT Field Goal,Above the Break 3,Right Side Center(RC),25,114,225,1
Stephen Curry,20220305,Step Back Jump shot,2PT Field Goal,Mid-Range,Left Side Center(LC),19,-116,160,0
Stephen Curry,20220305,Pullup Jump shot,2PT Field Goal,Mid-Range,Right Side(R),15,110,112,1
Stephen Curry,20220305,Driving Finger Roll Layup Shot,2PT Field Goal,In The Paint (Non-RA),Center(C),8,-10,85,0
Stephen Curry,20220305,Running Pull-Up Jump Shot,3PT Field Goal,Above the Break 3,Right Side Center(RC),27,169,212,0
Stephen Curry,20220305,Jump Shot,3PT Field Goal,Above the Break 3,Center(C),26,47,260,1
Stephen Curry,20220305,Driving Floating Bank Jump Shot,2PT Field Goal,In The Paint (Non-RA),Center(C),10,-50,90,1
Stephen Curry,20220305,Cutting Layup Shot,2PT Field Goal,Restricted Area,Center(C),2,17,13,1
Stephen Curry,20220305,Step Back Jump shot,2PT Field Goal,Mid-Range,Right Side Center(RC),16,102,125,1
Stephen Curry,20220305,Running Jump Shot,3PT Field Goal,Above the Break 3,Left Side Center(LC),26,-172,203,1
Stephen Curry,20220305,Floating Jump shot,2PT Field Goal,Mid-Range,Left Side Center(LC),20,-136,152,0
Stephen Curry,20220305,Driving Floating Bank Jump Shot,2PT Field Goal,In The Paint (Non-RA),Center(C),6,47,47,1
Stephen Curry,20220305,Jump Shot,3PT Field Goal,Above the Break 3,Right Side Center(RC),27,103,260,0
Stephen Curry,20220305,Driving Finger Roll Layup Shot,2PT Field Goal,Restricted Area,Center(C),2,10,21,1
Stephen Curry,20220305,Step Back Jump shot,3PT Field Goal,Above the Break 3,Center(C),27,-21,276,1
Stephen Curry,20220305,Driving Layup Shot,2PT Field Goal,Restricted Area,Center(C),2,16,22,1
Stephen Curry,20220305,Pullup Jump shot,3PT Field Goal,Above the Break 3,Right Side Center(RC),30,121,285,0
Stephen Curry,20220305,Driving Layup Shot,2PT Field Goal,In The Paint (Non-RA),Center(C),4,26,35,1
Stephen Curry,20220305,Jump Shot,3PT Field Goal,Above the Break 3,Left Side Center(LC),32,-148,284,0
Stephen Curry,20220308,Pullup Jump shot,3PT Field Goal,Above the Break 3,Center(C),25,70,240,0
Stephen Curry,20220308,Driving Layup Shot,2PT Field Goal,Restricted Area,Center(C),0,-5,8,1
Stephen Curry,20220308,Floating Jump shot,2PT Field Goal,In The Paint (Non-RA),Center(C),11,1,115,1
Stephen Curry,20220308,Step Back Jump shot,3PT Field Goal,Above the Break 3,Right Side Center(RC),25,179,177,0
Stephen Curry,20220308,Running Layup Shot,2PT Field Goal,Restricted Area,Center(C),1,-11,6,1
Stephen Curry,20220308,Pullup Jump shot,3PT Field Goal,Above the Break 3,Left Side Center(LC),25,-92,235,1
Stephen Curry,20220308,Jump Shot,3PT Field Goal,Left Corner 3,Left Side(L),22,-222,1,0
Stephen Curry,20220308,Floating Jump shot,2PT Field Goal,Mid-Range,Center(C),14,22,147,0
Stephen Curry,20220308,Jump Shot,3PT Field Goal,Left Corner 3,Left Side(L),22,-225,1,0
Stephen Curry,20220308,Step Back Jump shot,2PT Field Goal,Mid-Range,Left Side Center(LC),23,-141,187,0
Stephen Curry,20220308,Driving Floating Jump Shot,2PT Field Goal,Mid-Range,Left Side(L),10,-109,6,1
Stephen Curry,20220308,Pullup Jump shot,3PT Field Goal,Above the Break 3,Right Side Center(RC),29,113,277,0
Stephen Curry,20220310,Jump Shot,3PT Field Goal,Above the Break 3,Center(C),27,1,279,1
Stephen Curry,20220310,Jump Shot,3PT Field Goal,Right Corner 3,Right Side(R),23,233,11,1
Stephen Curry,20220310,Pullup Jump shot,3PT Field Goal,Above the Break 3,Left Side Center(LC),24,-93,231,0
Stephen Curry,20220310,Jump Shot,3PT Field Goal,Above the Break 3,Center(C),31,69,309,0
Stephen Curry,20220310,Step Back Jump shot,3PT Field Goal,Left Corner 3,Left Side(L),23,-233,5,0
Stephen Curry,20220310,Driving Finger Roll Layup Shot,2PT Field Goal,In The Paint (Non-RA),Center(C),5,1,51,0
Stephen Curry,20220310,Pullup Jump shot,3PT Field Goal,Above the Break 3,Center(C),28,23,284,0
Stephen Curry,20220310,Driving Finger Roll Layup Shot,2PT Field Goal,Restricted Area,Center(C),3,-29,17,0
Stephen Curry,20220310,Pullup Jump shot,3PT Field Goal,Above the Break 3,Left Side Center(LC),26,-113,242,0
Stephen Curry,20220310,Driving Floating Bank Jump Shot,2PT Field Goal,Mid-Range,Right Side(R),10,87,58,1
Stephen Curry,20220310,Jump Shot,3PT Field Goal,Above the Break 3,Right Side Center(RC),26,93,252,1
Stephen Curry,20220310,Running Finger Roll Layup Shot,2PT Field Goal,Restricted Area,Center(C),2,21,16,1
Stephen Curry,20220310,Driving Floating Bank Jump Shot,2PT Field Goal,In The Paint (Non-RA),Right Side(R),8,72,37,1
Stephen Curry,20220310,Pullup Jump shot,3PT Field Goal,Above the Break 3,Center(C),26,-22,264,1
Stephen Curry,20220310,Driving Layup Shot,2PT Field Goal,In The Paint (Non-RA),Center(C),4,33,33,0
Stephen Curry,20220310,Pullup Jump shot,3PT Field Goal,Above the Break 3,Center(C),33,-7,335,1
Stephen Curry,20220310,Turnaround Jump Shot,3PT Field Goal,Above the Break 3,Left Side Center(LC),26,-189,190,0
Stephen Curry,20220310,Pullup Jump shot,3PT Field Goal,Above the Break 3,Center(C),27,-28,275,0
Stephen Curry,20220310,Driving Reverse Layup Shot,2PT Field Goal,Restricted Area,Center(C),2,21,11,1
Stephen Curry,20220310,Running Finger Roll Layup Shot,2PT Field Goal,Restricted Area,Center(C),3,21,25,1
Stephen Curry,20220310,Driving Finger Roll Layup Shot,2PT Field Goal,In The Paint (Non-RA),Center(C),6,-59,23,1
Stephen Curry,20220312,Jump Shot,3PT Field Goal,Above the Break 3,Right Side Center(RC),27,197,187,0
Stephen Curry,20220312,Cutting Finger Roll Layup Shot,2PT Field Goal,Restricted Area,Center(C),1,-18,8,1
Stephen Curry,20220312,Step Back Jump shot,3PT Field Goal,Above the Break 3,Right Side Center(RC),26,181,194,1
Stephen Curry,20220312,Pullup Jump shot,3PT Field Goal,Above the Break 3,Left Side Center(LC),29,-181,230,0
Stephen Curry,20220312,Driving Floating Jump Shot,2PT Field Goal,In The Paint (Non-RA),Center(C),9,16,91,0
Stephen Curry,20220312,Step Back Jump shot,3PT Field Goal,Above the Break 3,Right Side Center(RC),26,92,248,1
Stephen Curry,20220312,Step Back Jump shot,2PT Field Goal,Mid-Range,Left Side(L),16,-169,-4,0
Stephen Curry,20220314,Driving Reverse Layup Shot,2PT Field Goal,Restricted Area,Center(C),3,29,13,1
Stephen Curry,20220314,Jump Shot,3PT Field Goal,Left Corner 3,Left Side(L),22,-227,13,0
Stephen Curry,20220314,Pullup Jump shot,3PT Field Goal,Above the Break 3,Left Side Center(LC),26,-194,183,0
Stephen Curry,20220314,Step Back Jump shot,2PT Field Goal,Mid-Range,Left Side Center(LC),22,-135,174,0
Stephen Curry,20220314,Jump Shot,3PT Field Goal,Above the Break 3,Right Side Center(RC),25,179,184,1
Stephen Curry,20220314,Jump Shot,3PT Field Goal,Above the Break 3,Right Side Center(RC),25,223,130,1
Stephen Curry,20220314,Pullup Jump shot,3PT Field Goal,Above the Break 3,Center(C),27,-10,275,0
Stephen Curry,20220314,Step Back Jump shot,2PT Field Goal,Mid-Range,Right Side Center(RC),16,134,101,1
Stephen Curry,20220314,Jump Shot,3PT Field Goal,Above the Break 3,Left Side Center(LC),27,-140,238,1
Stephen Curry,20220314,Driving Finger Roll Layup Shot,2PT Field Goal,In The Paint (Non-RA),Center(C),5,-33,38,1
Stephen Curry,20220314,Pullup Jump shot,3PT Field Goal,Above the Break 3,Center(C),24,-5,245,0
Stephen Curry,20220314,Jump Shot,3PT Field Goal,Above the Break 3,Right Side Center(RC),29,205,219,0
Stephen Curry,20220314,Jump Shot,2PT Field Goal,Mid-Range,Right Side Center(RC),18,67,176,0
Stephen Curry,20220314,Jump Shot,2PT Field Goal,Mid-Range,Center(C),18,-39,185,1
Stephen Curry,20220314,Driving Layup Shot,2PT Field Goal,Restricted Area,Center(C),3,32,22,1
Stephen Curry,20220314,Step Back Jump shot,2PT Field Goal,Mid-Range,Right Side(R),17,164,74,1
Stephen Curry,20220314,Step Back Jump shot,3PT Field Goal,Above the Break 3,Left Side Center(LC),27,-189,205,1
Stephen Curry,20220314,Pullup Jump shot,3PT Field Goal,Above the Break 3,Left Side Center(LC),28,-104,262,1
Stephen Curry,20220314,Pullup Jump shot,2PT Field Goal,Mid-Range,Center(C),16,-10,164,1
Stephen Curry,20220314,Jump Shot,3PT Field Goal,Above the Break 3,Center(C),28,29,285,0
Stephen Curry,20220314,Driving Layup Shot,2PT Field Goal,In The Paint (Non-RA),Center(C),6,-59,11,1
Stephen Curry,20220314,Pullup Jump shot,3PT Field Goal,Above the Break 3,Center(C),25,-18,258,1
Stephen Curry,20220314,Step Back Jump shot,3PT Field Goal,Above the Break 3,Right Side Center(RC),25,228,110,1
Stephen Curry,20220314,Driving Reverse Layup Shot,2PT Field Goal,In The Paint (Non-RA),Center(C),4,-42,16,1
Stephen Curry,20220314,Jump Shot,3PT Field Goal,Above the Break 3,Center(C),32,86,311,0
Stephen Curry,20220316,Step Back Jump shot,3PT Field Goal,Above the Break 3,Left Side Center(LC),26,-210,155,1
Stephen Curry,20220316,Jump Shot,3PT Field Goal,Above the Break 3,Left Side Center(LC),24,-207,140,0
Stephen Curry,20220316,Jump Shot,3PT Field Goal,Above the Break 3,Right Side Center(RC),27,194,189,0
Stephen Curry,20220316,Jump Shot,3PT Field Goal,Above the Break 3,Left Side Center(LC),29,-165,250,0
Otto Porter Jr.,20211019,Jump Shot,3PT Field Goal,Left Corner 3,Left Side(L),23,-234,20,0
Otto Porter Jr.,20211019,Cutting Layup Shot,2PT Field Goal,Restricted Area,Center(C),1,16,-4,0
Otto Porter Jr.,20211019,Jump Shot,3PT Field Goal,Above the Break 3,Left Side Center(LC),26,-126,231,1
Otto Porter Jr.,20211021,Jump Shot,3PT Field Goal,Above the Break 3,Left Side Center(LC),24,-164,178,0
Otto Porter Jr.,20211021,Driving Floating Jump Shot,2PT Field Goal,Mid-Range,Left Side(L),15,-154,11,1
Otto Porter Jr.,20211021,Alley Oop Dunk Shot,2PT Field Goal,Restricted Area,Center(C),0,2,8,1
Otto Porter Jr.,20211024,Layup Shot,2PT Field Goal,Restricted Area,Center(C),3,-23,29,1
Otto Porter Jr.,20211024,Jump Shot,3PT Field Goal,Above the Break 3,Left Side Center(LC),26,-216,155,0
Otto Porter Jr.,20211024,Jump Shot,2PT Field Goal,Mid-Range,Center(C),16,26,163,0
Otto Porter Jr.,20211024,Driving Layup Shot,2PT Field Goal,Restricted Area,Center(C),2,-23,17,0
Otto Porter Jr.,20211024,Jump Shot,3PT Field Goal,Above the Break 3,Left Side Center(LC),24,-229,90,0
Otto Porter Jr.,20211024,Layup Shot,2PT Field Goal,Restricted Area,Center(C),2,-13,19,1
Otto Porter Jr.,20211026,Driving Layup Shot,2PT Field Goal,In The Paint (Non-RA),Center(C),7,-37,62,0
Otto Porter Jr.,20211026,Cutting Layup Shot,2PT Field Goal,Restricted Area,Center(C),0,6,-1,0
Otto Porter Jr.,20211026,Jump Shot,3PT Field Goal,Mid-Range,Left Side(L),22,-219,28,0
Otto Porter Jr.,20211026,Jump Shot,3PT Field Goal,Above the Break 3,Right Side Center(RC),25,197,168,1
Otto Porter Jr.,20211026,Jump Shot,3PT Field Goal,Right Corner 3,Right Side(R),23,234,30,1
Otto Porter Jr.,20211026,Jump Shot,3PT Field Goal,Right Corner 3,Right Side(R),23,237,29,0
Otto Porter Jr.,20211028,Step Back Jump shot,3PT Field Goal,Above the Break 3,Right Side Center(RC),27,168,213,1
Otto Porter Jr.,20211028,Jump Shot,3PT Field Goal,Above the Break 3,Left Side Center(LC),27,-211,177,1
Otto Porter Jr.,20211028,Cutting Layup Shot,2PT Field Goal,Restricted Area,Center(C),3,-22,21,1
Otto Porter Jr.,20211028,Jump Shot,3PT Field Goal,Above the Break 3,Left Side Center(LC),26,-178,199,0
Otto Porter Jr.,20211030,Jump Shot,2PT Field Goal,Mid-Range,Left Side Center(LC),16,-74,153,1
Otto Porter Jr.,20211030,Jump Shot,3PT Field Goal,Right Corner 3,Right Side(R),23,230,39,0
Otto Porter Jr.,20211030,Jump Shot,2PT Field Goal,Mid-Range,Left Side Center(LC),21,-119,178,1
Otto Porter Jr.,20211030,Jump Shot,3PT Field Goal,Above the Break 3,Right Side Center(RC),25,151,204,0
Otto Porter Jr.,20211030,Jump Shot,3PT Field Goal,Above the Break 3,Right Side Center(RC),24,208,127,1
Otto Porter Jr.,20211030,Jump Shot,3PT Field Goal,Above the Break 3,Right Side Center(RC),25,130,216,1
Otto Porter Jr.,20211103,Jump Shot,3PT Field Goal,Above the Break 3,Center(C),26,1,265,0
Otto Porter Jr.,20211103,Reverse Layup Shot,2PT Field Goal,In The Paint (Non-RA),Center(C),5,50,29,0
Otto Porter Jr.,20211103,Pullup Jump shot,2PT Field Goal,Mid-Range,Left Side Center(LC),18,-103,159,1
Otto Porter Jr.,20211105,Jump Shot,3PT Field Goal,Above the Break 3,Right Side Center(RC),27,213,173,1
Otto Porter Jr.,20211105,Jump Shot,3PT Field Goal,Above the Break 3,Right Side Center(RC),25,175,183,1
Otto Porter Jr.,20211105,Jump Shot,3PT Field Goal,Above the Break 3,Right Side Center(RC),26,180,192,0
Otto Porter Jr.,20211105,Jump Shot,3PT Field Goal,Left Corner 3,Left Side(L),22,-225,9,0
Otto Porter Jr.,20211105,Jump Shot,3PT Field Goal,Above the Break 3,Right Side Center(RC),27,212,169,0
Otto Porter Jr.,20211105,Putback Layup Shot,2PT Field Goal,Restricted Area,Center(C),2,1,21,1
Otto Porter Jr.,20211105,Jump Shot,3PT Field Goal,Above the Break 3,Left Side Center(LC),27,-194,188,0
Otto Porter Jr.,20211107,Jump Shot,3PT Field Goal,Left Corner 3,Left Side(L),23,-227,50,0
Otto Porter Jr.,20211107,Jump Shot,3PT Field Goal,Above the Break 3,Right Side Center(RC),23,125,204,1
Otto Porter Jr.,20211107,Jump Shot,2PT Field Goal,Mid-Range,Right Side(R),20,205,39,0
Otto Porter Jr.,20211107,Layup Shot,2PT Field Goal,Restricted Area,Center(C),1,16,-4,0
Otto Porter Jr.,20211107,Step Back Jump shot,3PT Field Goal,Right Corner 3,Right Side(R),23,227,60,1
Otto Porter Jr.,20211107,Jump Shot,3PT Field Goal,Above the Break 3,Center(C),26,-24,259,1
Otto Porter Jr.,20211107,Running Pull-Up Jump Shot,3PT Field Goal,Above the Break 3,Right Side Center(RC),25,200,160,1
Otto Porter Jr.,20211107,Running Jump Shot,3PT Field Goal,Above the Break 3,Right Side Center(RC),26,170,197,1
Otto Porter Jr.,20211107,Step Back Jump shot,3PT Field Goal,Above the Break 3,Left Side Center(LC),26,-104,241,0
Otto Porter Jr.,20211110,Jump Shot,3PT Field Goal,Above the Break 3,Right Side Center(RC),26,156,215,1
Otto Porter Jr.,20211110,Running Dunk Shot,2PT Field Goal,Restricted Area,Center(C),2,5,26,1
Otto Porter Jr.,20211110,Jump Shot,3PT Field Goal,Above the Break 3,Right Side Center(RC),28,153,235,1
Otto Porter Jr.,20211110,Jump Shot,3PT Field Goal,Above the Break 3,Right Side Center(RC),26,227,136,0
Otto Porter Jr.,20211112,Jump Shot,3PT Field Goal,Above the Break 3,Center(C),25,22,257,0
Otto Porter Jr.,20211112,Jump Shot,3PT Field Goal,Above the Break 3,Left Side Center(LC),26,-225,140,0
Otto Porter Jr.,20211112,Jump Shot,3PT Field Goal,Above the Break 3,Left Side Center(LC),29,-142,264,1
Otto Porter Jr.,20211112,Jump Shot,3PT Field Goal,Above the Break 3,Center(C),28,-27,280,0
Otto Porter Jr.,20211112,Cutting Layup Shot,2PT Field Goal,In The Paint (Non-RA),Center(C),4,15,39,1
Otto Porter Jr.,20211114,Jump Shot,3PT Field Goal,Above the Break 3,Right Side Center(RC),25,185,175,0
Otto Porter Jr.,20211114,Jump Shot,3PT Field Goal,Above the Break 3,Left Side Center(LC),25,-158,204,0
Otto Porter Jr.,20211116,Pullup Jump shot,2PT Field Goal,Mid-Range,Left Side Center(LC),18,-118,143,0
Otto Porter Jr.,20211116,Jump Shot,3PT Field Goal,Above the Break 3,Left Side Center(LC),26,-99,250,0
Otto Porter Jr.,20211116,Putback Layup Shot,2PT Field Goal,Restricted Area,Center(C),3,37,14,1
Otto Porter Jr.,20211116,Cutting Layup Shot,2PT Field Goal,In The Paint (Non-RA),Center(C),5,50,9,1
Otto Porter Jr.,20211116,Jump Shot,3PT Field Goal,Left Corner 3,Left Side(L),22,-222,18,0
Otto Porter Jr.,20211116,Jump Shot,3PT Field Goal,Right Corner 3,Right Side(R),23,228,60,0
Otto Porter Jr.,20211118,Jump Shot,3PT Field Goal,Above the Break 3,Left Side Center(LC),24,-180,159,0
Otto Porter Jr.,20211118,Jump Shot,3PT Field Goal,Above the Break 3,Center(C),27,-25,274,0
Otto Porter Jr.,20211121,Jump Shot,3PT Field Goal,Above the Break 3,Left Side Center(LC),26,-142,227,1
Otto Porter Jr.,20211121,Jump Shot,3PT Field Goal,Left Corner 3,Left Side(L),23,-230,6,1
Otto Porter Jr.,20211121,Jump Shot,3PT Field Goal,Left Corner 3,Left Side(L),23,-233,15,0
Otto Porter Jr.,20211121,Jump Shot,3PT Field Goal,Above the Break 3,Left Side Center(LC),25,-169,194,0
Otto Porter Jr.,20211121,Jump Shot,3PT Field Goal,Right Corner 3,Right Side(R),23,238,26,1
Otto Porter Jr.,20211121,Floating Jump shot,2PT Field Goal,In The Paint (Non-RA),Center(C),6,17,59,0
Otto Porter Jr.,20211121,Jump Shot,3PT Field Goal,Right Corner 3,Right Side(R),23,235,9,1
Otto Porter Jr.,20211121,Running Layup Shot,2PT Field Goal,In The Paint (Non-RA),Center(C),6,36,48,0
Otto Porter Jr.,20211121,Jump Shot,3PT Field Goal,Above the Break 3,Left Side Center(LC),24,-185,155,1
Otto Porter Jr.,20211121,Jump Shot,3PT Field Goal,Left Corner 3,Left Side(L),23,-232,48,0
Otto Porter Jr.,20211121,Jump Shot,3PT Field Goal,Above the Break 3,Left Side Center(LC),25,-184,182,0
Otto Porter Jr.,20211124,Jump Shot,3PT Field Goal,Above the Break 3,Right Side Center(RC),26,228,127,1
Otto Porter Jr.,20211124,Jump Shot,3PT Field Goal,Above the Break 3,Right Side Center(RC),25,203,147,1
Otto Porter Jr.,20211124,Jump Shot,3PT Field Goal,Above the Break 3,Right Side Center(RC),27,175,210,1
Otto Porter Jr.,20211124,Jump Shot,3PT Field Goal,Above the Break 3,Left Side Center(LC),25,-189,168,1
Otto Porter Jr.,20211124,Jump Shot,3PT Field Goal,Above the Break 3,Left Side Center(LC),26,-129,230,0
Otto Porter Jr.,20211126,Pullup Jump shot,2PT Field Goal,Mid-Range,Right Side(R),14,136,53,1
Otto Porter Jr.,20211126,Jump Shot,3PT Field Goal,Above the Break 3,Right Side Center(RC),26,157,211,0
Otto Porter Jr.,20211126,Jump Shot,3PT Field Goal,Above the Break 3,Right Side Center(RC),24,223,92,0
Otto Porter Jr.,20211126,Jump Shot,3PT Field Goal,Above the Break 3,Right Side Center(RC),28,184,219,0
Otto Porter Jr.,20211128,Jump Shot,3PT Field Goal,Above the Break 3,Left Side Center(LC),25,-238,95,1
Otto Porter Jr.,20211128,Jump Shot,3PT Field Goal,Above the Break 3,Right Side Center(RC),25,136,211,0
Otto Porter Jr.,20211128,Jump Shot,3PT Field Goal,Left Corner 3,Left Side(L),23,-234,41,0
Otto Porter Jr.,20211128,Jump Shot,3PT Field Goal,Left Corner 3,Left Side(L),23,-235,26,0
Otto Porter Jr.,20211128,Jump Shot,3PT Field Goal,Right Corner 3,Right Side(R),23,230,43,1
Otto Porter Jr.,20211128,Running Jump Shot,3PT Field Goal,Above the Break 3,Right Side Center(RC),25,206,147,0
Otto Porter Jr.,20211128,Running Layup Shot,2PT Field Goal,Restricted Area,Center(C),1,17,-1,1
Otto Porter Jr.,20211128,Jump Shot,3PT Field Goal,Right Corner 3,Right Side(R),24,234,59,1
Otto Porter Jr.,20211128,Floating Jump shot,2PT Field Goal,In The Paint (Non-RA),Center(C),7,-34,62,0
Otto Porter Jr.,20211128,Putback Layup Shot,2PT Field Goal,Restricted Area,Center(C),0,0,0,1
Otto Porter Jr.,20211130,Pullup Jump shot,2PT Field Goal,Mid-Range,Right Side(R),13,125,45,0
Otto Porter Jr.,20211130,Jump Shot,3PT Field Goal,Above the Break 3,Left Side Center(LC),26,-221,143,1
Otto Porter Jr.,20211130,Jump Shot,3PT Field Goal,Above the Break 3,Right Side Center(RC),25,181,183,0
Otto Porter Jr.,20211130,Jump Shot,3PT Field Goal,Above the Break 3,Left Side Center(LC),24,-221,106,1
Otto Porter Jr.,20211130,Jump Shot,3PT Field Goal,Left Corner 3,Left Side(L),22,-227,6,1
Otto Porter Jr.,20211130,Jump Shot,3PT Field Goal,Above the Break 3,Left Side Center(LC),26,-138,221,0
Otto Porter Jr.,20211130,Jump Shot,3PT Field Goal,Left Corner 3,Left Side(L),23,-234,13,1
Otto Porter Jr.,20211130,Jump Shot,3PT Field Goal,Left Corner 3,Left Side(L),23,-239,13,0
Otto Porter Jr.,20211130,Cutting Layup Shot,2PT Field Goal,In The Paint (Non-RA),Center(C),6,-12,62,1
Otto Porter Jr.,20211130,Driving Floating Bank Jump Shot,2PT Field Goal,In The Paint (Non-RA),Center(C),6,60,26,1
Otto Porter Jr.,20211130,Jump Shot,3PT Field Goal,Above the Break 3,Right Side Center(RC),26,112,239,0
Otto Porter Jr.,20211203,Pullup Jump shot,2PT Field Goal,Mid-Range,Center(C),16,2,163,0
Otto Porter Jr.,20211203,Jump Shot,3PT Field Goal,Above the Break 3,Left Side Center(LC),24,-230,95,1
Otto Porter Jr.,20211203,Jump Shot,3PT Field Goal,Above the Break 3,Right Side Center(RC),25,188,169,0
Otto Porter Jr.,20211203,Jump Shot,3PT Field Goal,Above the Break 3,Left Side Center(LC),25,-196,167,0
Otto Porter Jr.,20211203,Jump Shot,3PT Field Goal,Left Corner 3,Left Side(L),22,-225,8,0
Otto Porter Jr.,20211206,Jump Shot,3PT Field Goal,Above the Break 3,Right Side Center(RC),30,99,289,0
Otto Porter Jr.,20211206,Jump Shot,3PT Field Goal,Right Corner 3,Right Side(R),22,229,14,0
Otto Porter Jr.,20211206,Pullup Jump shot,2PT Field Goal,Mid-Range,Center(C),21,-7,210,0
Otto Porter Jr.,20211206,Jump Shot,3PT Field Goal,Right Corner 3,Right Side(R),23,232,27,0
Otto Porter Jr.,20211208,Jump Shot,3PT Field Goal,Left Corner 3,Left Side(L),22,-229,-6,0
Otto Porter Jr.,20211208,Jump Shot,3PT Field Goal,Above the Break 3,Right Side Center(RC),24,183,169,1
Otto Porter Jr.,20211208,Layup Shot,2PT Field Goal,Restricted Area,Center(C),3,21,31,0
Otto Porter Jr.,20211208,Jump Shot,3PT Field Goal,Above the Break 3,Left Side Center(LC),25,-184,177,1
Otto Porter Jr.,20211208,Jump Shot,3PT Field Goal,Above the Break 3,Right Side Center(RC),26,174,201,1
Otto Porter Jr.,20211208,Jump Shot,3PT Field Goal,Above the Break 3,Right Side Center(RC),25,189,166,1
Otto Porter Jr.,20211208,Pullup Jump shot,2PT Field Goal,Mid-Range,Left Side(L),14,-137,56,0
Otto Porter Jr.,20211208,Pullup Jump shot,3PT Field Goal,Above the Break 3,Center(C),27,77,260,0
Otto Porter Jr.,20211211,Pullup Jump shot,2PT Field Goal,Mid-Range,Center(C),16,10,163,1
Otto Porter Jr.,20211211,Fadeaway Jump Shot,2PT Field Goal,Mid-Range,Right Side(R),14,142,8,0
Otto Porter Jr.,20211211,Jump Shot,3PT Field Goal,Right Corner 3,Right Side(R),22,228,20,0
Otto Porter Jr.,20211211,Jump Shot,3PT Field Goal,Above the Break 3,Left Side Center(LC),25,-196,168,0
Otto Porter Jr.,20211211,Tip Layup Shot,2PT Field Goal,Restricted Area,Center(C),0,0,0,0
Otto Porter Jr.,20211211,Jump Shot,3PT Field Goal,Above the Break 3,Left Side Center(LC),24,-170,182,0
Otto Porter Jr.,20211211,Jump Shot,3PT Field Goal,Above the Break 3,Right Side Center(RC),25,174,187,1
Otto Porter Jr.,20211211,Jump Shot,3PT Field Goal,Above the Break 3,Left Side Center(LC),25,-115,231,0
Otto Porter Jr.,20211211,Jump Shot,3PT Field Goal,Above the Break 3,Right Side Center(RC),25,167,193,0
Otto Porter Jr.,20211213,Jump Shot,3PT Field Goal,Above the Break 3,Right Side Center(RC),25,174,184,0
Otto Porter Jr.,20211213,Turnaround Fadeaway shot,2PT Field Goal,Mid-Range,Right Side(R),13,132,26,1
Otto Porter Jr.,20211213,Running Finger Roll Layup Shot,2PT Field Goal,Restricted Area,Center(C),1,9,5,1
Otto Porter Jr.,20211213,Cutting Layup Shot,2PT Field Goal,Restricted Area,Center(C),1,11,4,1
Otto Porter Jr.,20211213,Pullup Jump shot,2PT Field Goal,Mid-Range,Left Side(L),11,-113,22,0
Otto Porter Jr.,20211213,Putback Layup Shot,2PT Field Goal,Restricted Area,Center(C),2,25,14,1
Otto Porter Jr.,20211213,Jump Shot,2PT Field Goal,In The Paint (Non-RA),Left Side(L),9,-70,63,1
Otto Porter Jr.,20211213,Pullup Jump shot,2PT Field Goal,Mid-Range,Right Side Center(RC),20,114,167,0
Otto Porter Jr.,20211213,Jump Shot,3PT Field Goal,Above the Break 3,Right Side Center(RC),26,172,202,0
Otto Porter Jr.,20211217,Driving Floating Jump Shot,2PT Field Goal,In The Paint (Non-RA),Center(C),7,71,36,1
Otto Porter Jr.,20211217,Jump Shot,3PT Field Goal,Left Corner 3,Left Side(L),24,-229,76,0
Otto Porter Jr.,20211217,Pullup Jump shot,2PT Field Goal,Mid-Range,Right Side(R),19,170,94,1
Otto Porter Jr.,20211217,Jump Bank Shot,2PT Field Goal,Mid-Range,Right Side(R),9,89,44,1
Otto Porter Jr.,20211217,Jump Shot,3PT Field Goal,Above the Break 3,Left Side Center(LC),25,-172,193,0
Otto Porter Jr.,20211220,Jump Shot,3PT Field Goal,Above the Break 3,Right Side Center(RC),25,158,194,1
Otto Porter Jr.,20211220,Running Layup Shot,2PT Field Goal,In The Paint (Non-RA),Center(C),4,45,21,0
Otto Porter Jr.,20211220,Driving Finger Roll Layup Shot,2PT Field Goal,Restricted Area,Center(C),2,-26,7,1
Otto Porter Jr.,20211220,Jump Shot,3PT Field Goal,Above the Break 3,Left Side Center(LC),25,-159,199,0
Otto Porter Jr.,20211220,Jump Shot,3PT Field Goal,Above the Break 3,Right Side Center(RC),27,175,215,1
Otto Porter Jr.,20211220,Jump Shot,3PT Field Goal,Above the Break 3,Right Side Center(RC),27,190,198,0
Otto Porter Jr.,20211220,Turnaround Hook Shot,2PT Field Goal,In The Paint (Non-RA),Center(C),5,12,57,1
Otto Porter Jr.,20211220,Jump Shot,3PT Field Goal,Above the Break 3,Right Side Center(RC),26,195,182,0
Otto Porter Jr.,20211220,Layup Shot,2PT Field Goal,Restricted Area,Center(C),3,12,36,1
Otto Porter Jr.,20211223,Jump Shot,3PT Field Goal,Above the Break 3,Right Side Center(RC),27,161,222,0
Otto Porter Jr.,20211223,Cutting Layup Shot,2PT Field Goal,Restricted Area,Center(C),3,23,31,0
Otto Porter Jr.,20211223,Layup Shot,2PT Field Goal,In The Paint (Non-RA),Center(C),5,54,20,1
Otto Porter Jr.,20211223,Jump Shot,3PT Field Goal,Above the Break 3,Right Side Center(RC),26,180,201,1
Otto Porter Jr.,20211223,Jump Shot,3PT Field Goal,Above the Break 3,Right Side Center(RC),25,86,243,1
Otto Porter Jr.,20211223,Pullup Jump shot,2PT Field Goal,Mid-Range,Left Side(L),15,-147,63,0
Otto Porter Jr.,20211223,Jump Shot,3PT Field Goal,Above the Break 3,Center(C),27,-37,274,0
Otto Porter Jr.,20211225,Step Back Jump shot,2PT Field Goal,Mid-Range,Left Side Center(LC),16,-130,109,1
Otto Porter Jr.,20211225,Jump Shot,3PT Field Goal,Above the Break 3,Right Side Center(RC),26,232,119,0
Otto Porter Jr.,20211225,Running Dunk Shot,2PT Field Goal,Restricted Area,Center(C),1,-5,-10,1
Otto Porter Jr.,20211225,Jump Shot,3PT Field Goal,Above the Break 3,Left Side Center(LC),28,-202,195,0
Otto Porter Jr.,20211225,Tip Dunk Shot,2PT Field Goal,Restricted Area,Center(C),0,0,0,1
Otto Porter Jr.,20211225,Pullup Jump shot,2PT Field Goal,In The Paint (Non-RA),Center(C),12,-58,109,0
Otto Porter Jr.,20211225,Jump Shot,3PT Field Goal,Above the Break 3,Left Side Center(LC),27,-233,141,1
Otto Porter Jr.,20211225,Pullup Jump shot,3PT Field Goal,Above the Break 3,Right Side Center(RC),25,214,144,1
Otto Porter Jr.,20211225,Jump Shot,3PT Field Goal,Above the Break 3,Right Side Center(RC),28,138,246,0
Otto Porter Jr.,20211225,Jump Shot,2PT Field Goal,Mid-Range,Left Side(L),16,-159,33,1
Otto Porter Jr.,20211225,Step Back Jump shot,2PT Field Goal,Mid-Range,Right Side(R),15,126,97,1
Otto Porter Jr.,20211225,Jump Shot,3PT Field Goal,Above the Break 3,Center(C),27,-65,270,1
Otto Porter Jr.,20211225,Jump Shot,3PT Field Goal,Above the Break 3,Right Side Center(RC),27,210,173,0
Otto Porter Jr.,20211228,Pullup Jump shot,2PT Field Goal,Mid-Range,Left Side Center(LC),18,-137,125,0
Otto Porter Jr.,20211228,Jump Shot,3PT Field Goal,Above the Break 3,Right Side Center(RC),27,152,227,0
Otto Porter Jr.,20211228,Fadeaway Jump Shot,2PT Field Goal,Mid-Range,Right Side(R),14,135,62,0
Otto Porter Jr.,20211228,Pullup Jump shot,2PT Field Goal,Mid-Range,Right Side(R),15,152,-4,0
Otto Porter Jr.,20220101,Cutting Layup Shot,2PT Field Goal,Restricted Area,Center(C),2,21,10,1
Otto Porter Jr.,20220101,Pullup Jump shot,2PT Field Goal,Mid-Range,Left Side(L),12,-107,67,1
Otto Porter Jr.,20220101,Jump Shot,3PT Field Goal,Above the Break 3,Right Side Center(RC),24,227,104,0
Otto Porter Jr.,20220101,Jump Shot,3PT Field Goal,Above the Break 3,Left Side Center(LC),24,-110,224,1
Otto Porter Jr.,20220101,Running Dunk Shot,2PT Field Goal,Restricted Area,Center(C),1,-5,10,1
Otto Porter Jr.,20220101,Jump Bank Shot,2PT Field Goal,In The Paint (Non-RA),Center(C),14,-50,131,1
Otto Porter Jr.,20220101,Jump Shot,3PT Field Goal,Left Corner 3,Left Side(L),22,-225,3,1
Otto Porter Jr.,20220101,Pullup Jump shot,2PT Field Goal,Mid-Range,Center(C),14,29,147,1
Otto Porter Jr.,20220101,Jump Shot,3PT Field Goal,Above the Break 3,Right Side Center(RC),28,212,187,0
Otto Porter Jr.,20220101,Fadeaway Jump Shot,2PT Field Goal,In The Paint (Non-RA),Center(C),12,-44,113,0
Otto Porter Jr.,20220101,Turnaround Fadeaway Bank Jump Shot,2PT Field Goal,Mid-Range,Right Side(R),11,91,62,0
Otto Porter Jr.,20220101,Driving Floating Jump Shot,2PT Field Goal,In The Paint (Non-RA),Right Side(R),8,72,46,0
Otto Porter Jr.,20220101,Pullup Jump shot,2PT Field Goal,Mid-Range,Left Side(L),12,-91,91,1
Otto Porter Jr.,20220101,Step Back Jump shot,2PT Field Goal,Mid-Range,Left Side(L),11,-97,60,1
Otto Porter Jr.,20220103,Jump Shot,3PT Field Goal,Above the Break 3,Right Side Center(RC),26,121,237,1
Otto Porter Jr.,20220103,Jump Shot,3PT Field Goal,Above the Break 3,Right Side Center(RC),25,164,200,0
Otto Porter Jr.,20220103,Jump Shot,3PT Field Goal,Left Corner 3,Left Side(L),22,-229,-5,0
Otto Porter Jr.,20220103,Jump Shot,3PT Field Goal,Above the Break 3,Right Side Center(RC),25,227,126,0
Otto Porter Jr.,20220103,Layup Shot,2PT Field Goal,Restricted Area,Center(C),3,13,31,1
Otto Porter Jr.,20220103,Jump Shot,3PT Field Goal,Left Corner 3,Left Side(L),23,-232,-11,1
Otto Porter Jr.,20220103,Layup Shot,2PT Field Goal,Restricted Area,Center(C),3,15,35,1
Otto Porter Jr.,20220103,Driving Floating Jump Shot,2PT Field Goal,In The Paint (Non-RA),Center(C),10,26,101,0
Otto Porter Jr.,20220103,Tip Layup Shot,2PT Field Goal,Restricted Area,Center(C),0,0,0,0
Otto Porter Jr.,20220103,Putback Layup Shot,2PT Field Goal,Restricted Area,Center(C),0,0,0,0
Otto Porter Jr.,20220106,Jump Shot,2PT Field Goal,Mid-Range,Left Side Center(LC),17,-93,143,0
Otto Porter Jr.,20220106,Jump Shot,3PT Field Goal,Above the Break 3,Left Side Center(LC),24,-167,184,1
Otto Porter Jr.,20220106,Pullup Jump shot,3PT Field Goal,Above the Break 3,Left Side Center(LC),25,-191,176,0
Otto Porter Jr.,20220106,Pullup Jump shot,2PT Field Goal,Mid-Range,Right Side(R),15,123,86,0
Otto Porter Jr.,20220106,Pullup Jump shot,2PT Field Goal,Mid-Range,Center(C),14,-2,149,1
Otto Porter Jr.,20220106,Jump Shot,3PT Field Goal,Above the Break 3,Left Side Center(LC),25,-186,175,0
Otto Porter Jr.,20220109,Jump Shot,3PT Field Goal,Above the Break 3,Left Side Center(LC),27,-213,167,0
Otto Porter Jr.,20220109,Pullup Jump shot,2PT Field Goal,Mid-Range,Center(C),19,18,191,0
Otto Porter Jr.,20220109,Cutting Layup Shot,2PT Field Goal,In The Paint (Non-RA),Center(C),4,39,25,1
Otto Porter Jr.,20220109,Tip Layup Shot,2PT Field Goal,Restricted Area,Center(C),2,-18,11,1
Otto Porter Jr.,20220109,Running Jump Shot,3PT Field Goal,Above the Break 3,Left Side Center(LC),25,-229,106,0
Otto Porter Jr.,20220109,Layup Shot,2PT Field Goal,In The Paint (Non-RA),Center(C),4,-40,28,0
Otto Porter Jr.,20220109,Running Jump Shot,3PT Field Goal,Above the Break 3,Right Side Center(RC),26,201,177,0
Otto Porter Jr.,20220109,Driving Floating Jump Shot,2PT Field Goal,In The Paint (Non-RA),Right Side(R),11,65,93,1
Otto Porter Jr.,20220109,Pullup Jump shot,2PT Field Goal,Mid-Range,Right Side(R),17,179,5,0
Otto Porter Jr.,20220111,Jump Shot,3PT Field Goal,Above the Break 3,Left Side Center(LC),25,-142,216,0
Otto Porter Jr.,20220111,Running Reverse Layup Shot,2PT Field Goal,Restricted Area,Center(C),0,-9,0,1
Otto Porter Jr.,20220111,Cutting Finger Roll Layup Shot,2PT Field Goal,Restricted Area,Center(C),1,5,10,1
Otto Porter Jr.,20220111,Jump Shot,2PT Field Goal,Mid-Range,Right Side(R),14,142,10,0
Otto Porter Jr.,20220111,Jump Shot,3PT Field Goal,Above the Break 3,Right Side Center(RC),25,148,206,1
Otto Porter Jr.,20220113,Cutting Layup Shot,2PT Field Goal,Restricted Area,Center(C),1,13,12,1
Otto Porter Jr.,20220113,Jump Shot,2PT Field Goal,Mid-Range,Left Side Center(LC),16,-65,153,0
Otto Porter Jr.,20220113,Jump Shot,3PT Field Goal,Above the Break 3,Left Side Center(LC),27,-169,212,0
Otto Porter Jr.,20220113,Driving Layup Shot,2PT Field Goal,In The Paint (Non-RA),Center(C),5,-20,53,0
Otto Porter Jr.,20220113,Jump Shot,3PT Field Goal,Above the Break 3,Right Side Center(RC),26,188,188,1
Otto Porter Jr.,20220113,Jump Shot,3PT Field Goal,Above the Break 3,Right Side Center(RC),26,179,189,1
Otto Porter Jr.,20220114,Jump Shot,3PT Field Goal,Above the Break 3,Center(C),26,17,265,1
Otto Porter Jr.,20220114,Driving Layup Shot,2PT Field Goal,Restricted Area,Center(C),2,21,8,0
Otto Porter Jr.,20220114,Pullup Jump shot,2PT Field Goal,Mid-Range,Left Side Center(LC),18,-102,157,1
Otto Porter Jr.,20220114,Jump Shot,3PT Field Goal,Above the Break 3,Right Side Center(RC),24,188,162,0
Otto Porter Jr.,20220114,Driving Floating Jump Shot,2PT Field Goal,In The Paint (Non-RA),Center(C),8,9,88,0
Otto Porter Jr.,20220114,Pullup Jump shot,2PT Field Goal,Mid-Range,Right Side Center(RC),18,70,176,0
Otto Porter Jr.,20220114,Pullup Jump shot,2PT Field Goal,Mid-Range,Left Side Center(LC),20,-71,195,1
Otto Porter Jr.,20220114,Putback Layup Shot,2PT Field Goal,Restricted Area,Center(C),0,0,0,0
Otto Porter Jr.,20220114,Hook Shot,2PT Field Goal,In The Paint (Non-RA),Center(C),4,-43,22,1
Otto Porter Jr.,20220116,Jump Shot,3PT Field Goal,Right Corner 3,Right Side(R),22,224,4,0
Otto Porter Jr.,20220116,Jump Shot,3PT Field Goal,Above the Break 3,Center(C),25,62,243,1
Otto Porter Jr.,20220116,Cutting Layup Shot,2PT Field Goal,Restricted Area,Center(C),1,2,15,0
Otto Porter Jr.,20220116,Pullup Jump shot,2PT Field Goal,In The Paint (Non-RA),Center(C),6,31,58,1
Otto Porter Jr.,20220116,Jump Shot,3PT Field Goal,Above the Break 3,Left Side Center(LC),26,-126,235,0
Otto Porter Jr.,20220116,Running Layup Shot,2PT Field Goal,Restricted Area,Center(C),0,-7,6,1
Otto Porter Jr.,20220116,Cutting Layup Shot,2PT Field Goal,Restricted Area,Center(C),1,7,8,1
Otto Porter Jr.,20220116,Running Pull-Up Jump Shot,3PT Field Goal,Above the Break 3,Left Side Center(LC),25,-184,171,1
Otto Porter Jr.,20220116,Jump Shot,3PT Field Goal,Left Corner 3,Left Side(L),22,-222,17,0
Otto Porter Jr.,20220118,Driving Layup Shot,2PT Field Goal,Restricted Area,Center(C),3,38,11,0
Otto Porter Jr.,20220118,Jump Shot,3PT Field Goal,Above the Break 3,Left Side Center(LC),25,-208,147,0
Otto Porter Jr.,20220118,Jump Shot,3PT Field Goal,Above the Break 3,Left Side Center(LC),26,-191,184,1
Otto Porter Jr.,20220118,Jump Shot,3PT Field Goal,Above the Break 3,Left Side Center(LC),24,-179,173,0
Otto Porter Jr.,20220121,Jump Shot,3PT Field Goal,Above the Break 3,Left Side Center(LC),25,-213,142,0
Otto Porter Jr.,20220121,Jump Shot,3PT Field Goal,Right Corner 3,Right Side(R),23,229,49,1
Otto Porter Jr.,20220121,Jump Shot,3PT Field Goal,Above the Break 3,Center(C),26,-29,259,0
Otto Porter Jr.,20220121,Jump Shot,3PT Field Goal,Right Corner 3,Right Side(R),24,240,69,0
Otto Porter Jr.,20220121,Running Layup Shot,2PT Field Goal,In The Paint (Non-RA),Center(C),7,58,51,1
Otto Porter Jr.,20220121,Layup Shot,2PT Field Goal,Restricted Area,Center(C),3,-10,36,1
Otto Porter Jr.,20220121,Running Layup Shot,2PT Field Goal,Restricted Area,Center(C),3,25,31,1
Otto Porter Jr.,20220121,Running Dunk Shot,2PT Field Goal,Restricted Area,Center(C),2,9,21,1
Otto Porter Jr.,20220123,Pullup Jump shot,2PT Field Goal,Mid-Range,Right Side Center(RC),19,138,134,0
Otto Porter Jr.,20220123,Jump Shot,3PT Field Goal,Above the Break 3,Right Side Center(RC),26,141,227,1
Otto Porter Jr.,20220123,Cutting Layup Shot,2PT Field Goal,Restricted Area,Center(C),3,-5,31,1
Otto Porter Jr.,20220123,Jump Shot,3PT Field Goal,Above the Break 3,Left Side Center(LC),26,-108,240,0
Otto Porter Jr.,20220123,Jump Shot,3PT Field Goal,Above the Break 3,Left Side Center(LC),28,-192,204,1
Otto Porter Jr.,20220123,Jump Shot,3PT Field Goal,Above the Break 3,Right Side Center(RC),27,163,223,1
Otto Porter Jr.,20220123,Pullup Jump shot,2PT Field Goal,Mid-Range,Left Side(L),13,-86,105,1
Otto Porter Jr.,20220125,Driving Floating Jump Shot,2PT Field Goal,In The Paint (Non-RA),Left Side(L),8,-53,60,0
Otto Porter Jr.,20220125,Pullup Jump shot,3PT Field Goal,Above the Break 3,Center(C),26,-75,258,0
Otto Porter Jr.,20220125,Jump Shot,3PT Field Goal,Right Corner 3,Right Side(R),24,241,12,1
Otto Porter Jr.,20220125,Tip Layup Shot,2PT Field Goal,Restricted Area,Center(C),0,0,0,1
Otto Porter Jr.,20220125,Jump Shot,3PT Field Goal,Above the Break 3,Left Side Center(LC),25,-217,143,0
Otto Porter Jr.,20220125,Cutting Layup Shot,2PT Field Goal,Restricted Area,Center(C),3,-16,29,1
Otto Porter Jr.,20220125,Driving Floating Jump Shot,2PT Field Goal,In The Paint (Non-RA),Center(C),8,4,80,0
Otto Porter Jr.,20220125,Cutting Layup Shot,2PT Field Goal,In The Paint (Non-RA),Center(C),4,36,25,0
Otto Porter Jr.,20220125,Tip Layup Shot,2PT Field Goal,Restricted Area,Center(C),0,0,0,1
Otto Porter Jr.,20220125,Jump Shot,3PT Field Goal,Left Corner 3,Left Side(L),22,-222,-18,1
Otto Porter Jr.,20220125,Jump Shot,3PT Field Goal,Right Corner 3,Right Side(R),23,232,36,0
Otto Porter Jr.,20220127,Fadeaway Jump Shot,2PT Field Goal,In The Paint (Non-RA),Center(C),7,-78,2,0
Otto Porter Jr.,20220127,Jump Shot,3PT Field Goal,Above the Break 3,Right Side Center(RC),25,150,202,1
Otto Porter Jr.,20220127,Running Pull-Up Jump Shot,2PT Field Goal,Mid-Range,Right Side Center(RC),18,116,138,0
Otto Porter Jr.,20220127,Cutting Layup Shot,2PT Field Goal,Restricted Area,Center(C),0,5,8,1
Otto Porter Jr.,20220127,Jump Shot,3PT Field Goal,Mid-Range,Left Side(L),21,-219,-1,0
Otto Porter Jr.,20220127,Pullup Jump shot,2PT Field Goal,Mid-Range,Center(C),21,-42,208,1
Otto Porter Jr.,20220127,Cutting Dunk Shot,2PT Field Goal,Restricted Area,Center(C),0,7,5,1
Otto Porter Jr.,20220129,Jump Shot,3PT Field Goal,Right Corner 3,Right Side(R),22,228,7,0
Otto Porter Jr.,20220129,Cutting Layup Shot,2PT Field Goal,Restricted Area,Center(C),1,-1,13,1
Otto Porter Jr.,20220129,Jump Shot,3PT Field Goal,Above the Break 3,Left Side Center(LC),27,-104,253,1
Otto Porter Jr.,20220129,Jump Shot,3PT Field Goal,Above the Break 3,Center(C),26,10,269,1
Otto Porter Jr.,20220129,Jump Shot,3PT Field Goal,Above the Break 3,Center(C),29,36,296,0
Otto Porter Jr.,20220129,Cutting Layup Shot,2PT Field Goal,Restricted Area,Center(C),2,26,6,1
Otto Porter Jr.,20220129,Cutting Layup Shot,2PT Field Goal,Restricted Area,Center(C),2,-22,11,1
Otto Porter Jr.,20220129,Reverse Layup Shot,2PT Field Goal,Restricted Area,Center(C),2,-21,1,1
Otto Porter Jr.,20220129,Jump Shot,3PT Field Goal,Above the Break 3,Left Side Center(LC),26,-169,199,0
Otto Porter Jr.,20220207,Jump Shot,3PT Field Goal,Right Corner 3,Right Side(R),23,232,22,0
Otto Porter Jr.,20220207,Cutting Layup Shot,2PT Field Goal,In The Paint (Non-RA),Center(C),4,22,42,1
Otto Porter Jr.,20220207,Jump Shot,3PT Field Goal,Above the Break 3,Left Side Center(LC),25,-168,192,0
Otto Porter Jr.,20220209,Jump Shot,3PT Field Goal,Left Corner 3,Left Side(L),22,-225,32,1
Otto Porter Jr.,20220209,Jump Shot,3PT Field Goal,Above the Break 3,Left Side Center(LC),24,-161,189,0
Otto Porter Jr.,20220209,Floating Jump shot,2PT Field Goal,In The Paint (Non-RA),Right Side(R),8,67,56,1
Otto Porter Jr.,20220209,Jump Shot,3PT Field Goal,Right Corner 3,Right Side(R),23,230,19,1
Otto Porter Jr.,20220209,Jump Shot,3PT Field Goal,Above the Break 3,Right Side Center(RC),24,227,103,0
Otto Porter Jr.,20220209,Pullup Jump shot,2PT Field Goal,Mid-Range,Right Side(R),13,129,52,0
Otto Porter Jr.,20220209,Driving Floating Bank Jump Shot,2PT Field Goal,In The Paint (Non-RA),Right Side(R),8,71,42,0
Otto Porter Jr.,20220209,Fadeaway Jump Shot,3PT Field Goal,Above the Break 3,Left Side Center(LC),30,-189,244,0
Otto Porter Jr.,20220212,Jump Shot,3PT Field Goal,Right Corner 3,Right Side(R),24,235,63,0
Otto Porter Jr.,20220212,Cutting Layup Shot,2PT Field Goal,In The Paint (Non-RA),Center(C),4,31,31,0
Otto Porter Jr.,20220212,Running Layup Shot,2PT Field Goal,Restricted Area,Center(C),3,-28,26,1
Otto Porter Jr.,20220212,Jump Shot,3PT Field Goal,Left Corner 3,Left Side(L),23,-237,2,0
Otto Porter Jr.,20220212,Step Back Jump shot,2PT Field Goal,In The Paint (Non-RA),Center(C),11,23,109,0
Otto Porter Jr.,20220214,Jump Shot,3PT Field Goal,Above the Break 3,Right Side Center(RC),26,234,115,0
Otto Porter Jr.,20220214,Pullup Jump shot,2PT Field Goal,Mid-Range,Left Side(L),14,-141,50,1
Otto Porter Jr.,20220214,Tip Layup Shot,2PT Field Goal,Restricted Area,Center(C),0,0,0,1
Otto Porter Jr.,20220214,Pullup Jump shot,2PT Field Goal,Mid-Range,Left Side Center(LC),17,-137,111,0
Otto Porter Jr.,20220214,Floating Jump shot,2PT Field Goal,In The Paint (Non-RA),Center(C),10,21,101,0
Otto Porter Jr.,20220214,Jump Shot,3PT Field Goal,Above the Break 3,Right Side Center(RC),26,93,247,1
Otto Porter Jr.,20220216,Jump Shot,3PT Field Goal,Above the Break 3,Left Side Center(LC),27,-185,202,0
Otto Porter Jr.,20220216,Jump Shot,3PT Field Goal,Left Corner 3,Left Side(L),24,-232,69,0
Otto Porter Jr.,20220216,Driving Floating Jump Shot,2PT Field Goal,In The Paint (Non-RA),Left Side(L),8,-49,68,1
Otto Porter Jr.,20220216,Pullup Jump shot,2PT Field Goal,In The Paint (Non-RA),Center(C),8,18,85,1
Otto Porter Jr.,20220216,Putback Layup Shot,2PT Field Goal,Restricted Area,Center(C),0,0,0,1
Otto Porter Jr.,20220224,Running Pull-Up Jump Shot,2PT Field Goal,In The Paint (Non-RA),Right Side(R),10,77,69,1
Otto Porter Jr.,20220224,Tip Layup Shot,2PT Field Goal,Restricted Area,Center(C),0,0,0,1
Otto Porter Jr.,20220224,Jump Shot,3PT Field Goal,Right Corner 3,Right Side(R),22,224,34,0
Otto Porter Jr.,20220224,Hook Shot,2PT Field Goal,Restricted Area,Center(C),3,-13,35,0
Otto Porter Jr.,20220224,Cutting Dunk Shot,2PT Field Goal,Restricted Area,Center(C),1,-12,8,1
Otto Porter Jr.,20220224,Layup Shot,2PT Field Goal,Restricted Area,Center(C),0,-7,6,1
Otto Porter Jr.,20220227,Jump Shot,3PT Field Goal,Above the Break 3,Center(C),24,70,238,0
Otto Porter Jr.,20220227,Floating Jump shot,2PT Field Goal,In The Paint (Non-RA),Left Side(L),8,-45,69,1
Otto Porter Jr.,20220227,Jump Shot,3PT Field Goal,Above the Break 3,Right Side Center(RC),25,93,235,1
Otto Porter Jr.,20220227,Jump Shot,3PT Field Goal,Above the Break 3,Right Side Center(RC),24,194,147,0
Otto Porter Jr.,20220301,Jump Shot,3PT Field Goal,Above the Break 3,Right Side Center(RC),25,224,117,0
Otto Porter Jr.,20220301,Layup Shot,2PT Field Goal,Restricted Area,Center(C),1,5,10,0
Otto Porter Jr.,20220301,Jump Shot,3PT Field Goal,Above the Break 3,Center(C),24,-66,240,0
Otto Porter Jr.,20220301,Layup Shot,2PT Field Goal,Restricted Area,Center(C),2,24,15,1
Otto Porter Jr.,20220303,Jump Shot,2PT Field Goal,Mid-Range,Left Side(L),18,-181,-10,0
Otto Porter Jr.,20220305,Running Layup Shot,2PT Field Goal,Restricted Area,Center(C),3,15,36,0
Otto Porter Jr.,20220305,Driving Hook Shot,2PT Field Goal,In The Paint (Non-RA),Center(C),5,21,49,0
Otto Porter Jr.,20220305,Running Finger Roll Layup Shot,2PT Field Goal,Restricted Area,Center(C),0,-4,6,1
Otto Porter Jr.,20220305,Putback Layup Shot,2PT Field Goal,Restricted Area,Center(C),2,4,29,1
Otto Porter Jr.,20220305,Jump Shot,3PT Field Goal,Above the Break 3,Right Side Center(RC),28,102,268,0
Otto Porter Jr.,20220305,Jump Shot,3PT Field Goal,Right Corner 3,Right Side(R),23,233,22,0
Otto Porter Jr.,20220305,Cutting Dunk Shot,2PT Field Goal,Restricted Area,Center(C),3,33,-2,0
Otto Porter Jr.,20220305,Putback Layup Shot,2PT Field Goal,Restricted Area,Center(C),0,0,0,1
Otto Porter Jr.,20220305,Running Layup Shot,2PT Field Goal,In The Paint (Non-RA),Center(C),5,45,26,0
Otto Porter Jr.,20220314,Pullup Jump shot,3PT Field Goal,Mid-Range,Right Side(R),23,219,71,1
Otto Porter Jr.,20220314,Jump Shot,3PT Field Goal,Left Corner 3,Left Side(L),22,-228,-9,0
Otto Porter Jr.,20220314,Jump Shot,2PT Field Goal,Mid-Range,Right Side(R),18,173,75,1
Otto Porter Jr.,20220314,Jump Shot,3PT Field Goal,Above the Break 3,Right Side Center(RC),28,181,214,0
Otto Porter Jr.,20220316,Jump Shot,3PT Field Goal,Left Corner 3,Left Side(L),22,-228,-1,0
Otto Porter Jr.,20220316,Jump Shot,3PT Field Goal,Above the Break 3,Right Side Center(RC),26,141,224,1
Otto Porter Jr.,20220316,Jump Shot,3PT Field Goal,Above the Break 3,Left Side Center(LC),23,-169,169,0
Otto Porter Jr.,20220316,Floating Jump shot,2PT Field Goal,In The Paint (Non-RA),Center(C),5,-4,52,0
Otto Porter Jr.,20220316,Cutting Layup Shot,2PT Field Goal,In The Paint (Non-RA),Center(C),4,34,29,0
Otto Porter Jr.,20220316,Jump Shot,3PT Field Goal,Above the Break 3,Center(C),25,-31,250,0
Otto Porter Jr.,20220316,Pullup Jump shot,2PT Field Goal,In The Paint (Non-RA),Center(C),7,7,71,1
Otto Porter Jr.,20220316,Jump Shot,3PT Field Goal,Right Corner 3,Right Side(R),24,234,54,0
Otto Porter Jr.,20220316,Jump Shot,3PT Field Goal,Above the Break 3,Center(C),28,-27,279,0
Otto Porter Jr.,20220316,Turnaround Fadeaway shot,2PT Field Goal,Mid-Range,Right Side(R),10,100,37,0
Otto Porter Jr.,20220320,Driving Floating Jump Shot,2PT Field Goal,In The Paint (Non-RA),Center(C),11,-12,113,0
Otto Porter Jr.,20220320,Cutting Dunk Shot,2PT Field Goal,Restricted Area,Center(C),2,17,12,1
Otto Porter Jr.,20220320,Jump Shot,2PT Field Goal,Mid-Range,Right Side(R),10,107,16,1
Otto Porter Jr.,20220320,Tip Layup Shot,2PT Field Goal,Restricted Area,Center(C),0,0,0,1
Otto Porter Jr.,20220320,Turnaround Fadeaway Bank Jump Shot,2PT Field Goal,In The Paint (Non-RA),Center(C),7,50,52,1
Otto Porter Jr.,20220320,Jump Shot,3PT Field Goal,Above the Break 3,Right Side Center(RC),27,146,228,0
Otto Porter Jr.,20220320,Putback Layup Shot,2PT Field Goal,Restricted Area,Center(C),0,0,0,1
Otto Porter Jr.,20220320,Putback Layup Shot,2PT Field Goal,Restricted Area,Center(C),0,0,0,0
Otto Porter Jr.,20220320,Tip Layup Shot,2PT Field Goal,Restricted Area,Center(C),0,0,0,0
Otto Porter Jr.,20220320,Tip Layup Shot,2PT Field Goal,Restricted Area,Center(C),0,0,0,1
Otto Porter Jr.,20220320,Jump Shot,3PT Field Goal,Above the Break 3,Left Side Center(LC),25,-183,183,0
Otto Porter Jr.,20220320,Driving Layup Shot,2PT Field Goal,In The Paint (Non-RA),Center(C),7,58,47,0
Otto Porter Jr.,20220320,Jump Shot,3PT Field Goal,Above the Break 3,Left Side Center(LC),25,-163,192,0
Otto Porter Jr.,20220322,Cutting Layup Shot,2PT Field Goal,In The Paint (Non-RA),Center(C),4,26,31,1
Otto Porter Jr.,20220322,Putback Layup Shot,2PT Field Goal,Restricted Area,Center(C),1,4,13,1
Otto Porter Jr.,20220322,Jump Shot,3PT Field Goal,Above the Break 3,Left Side Center(LC),26,-210,157,1
Otto Porter Jr.,20220322,Tip Layup Shot,2PT Field Goal,Restricted Area,Center(C),0,0,0,0
Otto Porter Jr.,20220322,Jump Shot,3PT Field Goal,Above the Break 3,Right Side Center(RC),24,218,119,1
Otto Porter Jr.,20220322,Step Back Jump shot,3PT Field Goal,Above the Break 3,Right Side Center(RC),25,213,143,0
Otto Porter Jr.,20220322,Putback Layup Shot,2PT Field Goal,Restricted Area,Center(C),0,0,0,1
Otto Porter Jr.,20220322,Floating Jump shot,2PT Field Goal,In The Paint (Non-RA),Center(C),9,27,88,0
Otto Porter Jr.,20220325,Jump Shot,3PT Field Goal,Above the Break 3,Left Side Center(LC),25,-135,211,0
Otto Porter Jr.,20220325,Cutting Layup Shot,2PT Field Goal,Restricted Area,Center(C),0,6,-2,1
Otto Porter Jr.,20220325,Cutting Layup Shot,2PT Field Goal,Restricted Area,Center(C),0,5,4,0
Otto Porter Jr.,20220325,Putback Layup Shot,2PT Field Goal,Restricted Area,Center(C),0,-1,7,1
Otto Porter Jr.,20220327,Jump Shot,3PT Field Goal,Above the Break 3,Left Side Center(LC),25,-228,124,0
Otto Porter Jr.,20220327,Jump Shot,3PT Field Goal,Above the Break 3,Right Side Center(RC),27,249,107,1
Otto Porter Jr.,20220327,Running Layup Shot,2PT Field Goal,In The Paint (Non-RA),Center(C),5,49,12,1
Otto Porter Jr.,20220327,Cutting Dunk Shot,2PT Field Goal,Restricted Area,Center(C),2,4,28,1
Otto Porter Jr.,20220327,Running Layup Shot,2PT Field Goal,In The Paint (Non-RA),Center(C),4,42,21,1
Otto Porter Jr.,20220327,Step Back Jump shot,2PT Field Goal,Mid-Range,Right Side(R),16,168,5,0
Otto Porter Jr.,20220327,Tip Layup Shot,2PT Field Goal,Restricted Area,Center(C),2,22,-1,1
Otto Porter Jr.,20220330,Pullup Jump shot,2PT Field Goal,Mid-Range,Right Side(R),16,167,-4,1
Otto Porter Jr.,20220330,Running Layup Shot,2PT Field Goal,Restricted Area,Center(C),3,-33,5,0
Otto Porter Jr.,20220330,Step Back Jump shot,3PT Field Goal,Left Corner 3,Left Side(L),23,-229,36,1
Otto Porter Jr.,20220330,Jump Shot,3PT Field Goal,Right Corner 3,Right Side(R),23,230,54,0
Otto Porter Jr.,20220402,Cutting Layup Shot,2PT Field Goal,Restricted Area,Center(C),3,28,24,1
Otto Porter Jr.,20220402,Jump Shot,3PT Field Goal,Above the Break 3,Right Side Center(RC),25,205,151,0
Otto Porter Jr.,20220402,Jump Shot,3PT Field Goal,Above the Break 3,Left Side Center(LC),24,-189,159,0
Otto Porter Jr.,20220402,Driving Floating Bank Jump Shot,2PT Field Goal,In The Paint (Non-RA),Center(C),5,49,32,0
Otto Porter Jr.,20220407,Jump Shot,3PT Field Goal,Above the Break 3,Right Side Center(RC),26,134,231,1
Otto Porter Jr.,20220407,Jump Shot,3PT Field Goal,Above the Break 3,Left Side Center(LC),26,-179,196,0
Otto Porter Jr.,20220407,Cutting Layup Shot,2PT Field Goal,In The Paint (Non-RA),Center(C),5,33,38,0
Otto Porter Jr.,20220407,Jump Shot,2PT Field Goal,Mid-Range,Right Side(R),15,148,39,0
Otto Porter Jr.,20220407,Tip Layup Shot,2PT Field Goal,Restricted Area,Center(C),0,0,0,0
Otto Porter Jr.,20220407,Layup Shot,2PT Field Goal,Restricted Area,Center(C),3,31,21,0
Otto Porter Jr.,20220407,Running Reverse Layup Shot,2PT Field Goal,In The Paint (Non-RA),Center(C),4,-39,11,0
Otto Porter Jr.,20220407,Jump Shot,3PT Field Goal,Above the Break 3,Left Side Center(LC),24,-164,187,1
Otto Porter Jr.,20220407,Jump Shot,3PT Field Goal,Left Corner 3,Left Side(L),23,-229,37,0
Otto Porter Jr.,20220407,Jump Shot,3PT Field Goal,Above the Break 3,Right Side Center(RC),26,186,183,0
Otto Porter Jr.,20220407,Turnaround Fadeaway shot,2PT Field Goal,In The Paint (Non-RA),Center(C),8,-29,80,1
Otto Porter Jr.,20220407,Cutting Dunk Shot,2PT Field Goal,Restricted Area,Center(C),2,10,24,1
Otto Porter Jr.,20220409,Jump Shot,3PT Field Goal,Above the Break 3,Right Side Center(RC),25,178,182,1
Otto Porter Jr.,20220409,Jump Shot,3PT Field Goal,Left Corner 3,Left Side(L),23,-234,9,0
Otto Porter Jr.,20220409,Pullup Jump shot,2PT Field Goal,Mid-Range,Right Side(R),14,137,45,0
Otto Porter Jr.,20220409,Tip Layup Shot,2PT Field Goal,Restricted Area,Center(C),0,0,0,0
Otto Porter Jr.,20220409,Tip Layup Shot,2PT Field Goal,Restricted Area,Center(C),0,0,0,1
Juan Toscano-Anderson,20211019,Jump Shot,3PT Field Goal,Above the Break 3,Left Side Center(LC),25,-124,219,0
Juan Toscano-Anderson,20211019,Jump Shot,3PT Field Goal,Above the Break 3,Left Side Center(LC),26,-113,242,1
Juan Toscano-Anderson,20211019,Alley Oop Layup shot,2PT Field Goal,Restricted Area,Center(C),0,-4,9,1
Juan Toscano-Anderson,20211021,Jump Shot,3PT Field Goal,Above the Break 3,Left Side Center(LC),24,-181,164,1
Juan Toscano-Anderson,20211021,Jump Shot,3PT Field Goal,Left Corner 3,Left Side(L),22,-228,4,0
Juan Toscano-Anderson,20211021,Driving Hook Shot,2PT Field Goal,In The Paint (Non-RA),Center(C),8,-2,83,0
Juan Toscano-Anderson,20211024,Layup Shot,2PT Field Goal,In The Paint (Non-RA),Center(C),4,-47,16,0
Juan Toscano-Anderson,20211024,Jump Shot,3PT Field Goal,Above the Break 3,Left Side Center(LC),24,-153,193,0
Juan Toscano-Anderson,20211024,Jump Shot,3PT Field Goal,Above the Break 3,Left Side Center(LC),25,-178,177,1
Juan Toscano-Anderson,20211026,Jump Shot,3PT Field Goal,Left Corner 3,Left Side(L),22,-228,16,0
Juan Toscano-Anderson,20211026,Jump Shot,3PT Field Goal,Left Corner 3,Left Side(L),22,-225,-15,1
Juan Toscano-Anderson,20211028,Layup Shot,2PT Field Goal,In The Paint (Non-RA),Center(C),5,-16,51,1
Juan Toscano-Anderson,20211028,Driving Dunk Shot,2PT Field Goal,In The Paint (Non-RA),Center(C),4,18,44,1
Juan Toscano-Anderson,20211030,Jump Shot,3PT Field Goal,Above the Break 3,Right Side Center(RC),24,156,195,0
Juan Toscano-Anderson,20211030,Jump Shot,2PT Field Goal,Mid-Range,Left Side(L),13,-120,62,0
Juan Toscano-Anderson,20211030,Jump Shot,3PT Field Goal,Left Corner 3,Left Side(L),22,-224,15,0
Juan Toscano-Anderson,20211103,Tip Layup Shot,2PT Field Goal,Restricted Area,Center(C),0,0,0,0
Juan Toscano-Anderson,20211103,Cutting Layup Shot,2PT Field Goal,Restricted Area,Center(C),2,-17,24,0
Juan Toscano-Anderson,20211105,Driving Dunk Shot,2PT Field Goal,Restricted Area,Center(C),3,7,31,1
Juan Toscano-Anderson,20211105,Jump Shot,3PT Field Goal,Above the Break 3,Left Side Center(LC),25,-219,140,0
Juan Toscano-Anderson,20211105,Running Layup Shot,2PT Field Goal,In The Paint (Non-RA),Center(C),5,44,26,1
Juan Toscano-Anderson,20211105,Driving Layup Shot,2PT Field Goal,In The Paint (Non-RA),Center(C),4,-39,15,0
Juan Toscano-Anderson,20211107,Jump Shot,3PT Field Goal,Left Corner 3,Left Side(L),22,-221,22,0
Juan Toscano-Anderson,20211107,Cutting Layup Shot,2PT Field Goal,Restricted Area,Center(C),1,-13,11,1
Juan Toscano-Anderson,20211107,Driving Finger Roll Layup Shot,2PT Field Goal,Restricted Area,Center(C),0,0,2,0
Juan Toscano-Anderson,20211107,Jump Shot,3PT Field Goal,Left Corner 3,Left Side(L),23,-235,-9,0
Juan Toscano-Anderson,20211107,Driving Dunk Shot,2PT Field Goal,Restricted Area,Center(C),0,-9,0,1
Juan Toscano-Anderson,20211107,Jump Shot,3PT Field Goal,Right Corner 3,Right Side(R),24,239,25,0
Juan Toscano-Anderson,20211107,Driving Dunk Shot,2PT Field Goal,Restricted Area,Center(C),1,5,11,1
Juan Toscano-Anderson,20211107,Driving Dunk Shot,2PT Field Goal,Restricted Area,Center(C),1,0,10,1
Juan Toscano-Anderson,20211108,Jump Shot,3PT Field Goal,Right Corner 3,Right Side(R),23,222,70,1
Juan Toscano-Anderson,20211108,Jump Shot,3PT Field Goal,Above the Break 3,Left Side Center(LC),27,-185,198,1
Juan Toscano-Anderson,20211108,Alley Oop Dunk Shot,2PT Field Goal,In The Paint (Non-RA),Center(C),5,48,16,1
Juan Toscano-Anderson,20211108,Jump Shot,3PT Field Goal,Right Corner 3,Right Side(R),23,232,6,0
Juan Toscano-Anderson,20211108,Jump Shot,3PT Field Goal,Above the Break 3,Center(C),26,-31,262,1
Juan Toscano-Anderson,20211110,Jump Shot,3PT Field Goal,Above the Break 3,Left Side Center(LC),24,-119,219,0
Juan Toscano-Anderson,20211110,Jump Shot,3PT Field Goal,Above the Break 3,Right Side Center(RC),27,210,176,0
Juan Toscano-Anderson,20211112,Running Layup Shot,2PT Field Goal,In The Paint (Non-RA),Center(C),4,38,27,0
Juan Toscano-Anderson,20211118,Driving Dunk Shot,2PT Field Goal,Restricted Area,Center(C),2,7,23,1
Juan Toscano-Anderson,20211118,Cutting Layup Shot,2PT Field Goal,Restricted Area,Center(C),1,6,16,1
Juan Toscano-Anderson,20211118,Jump Shot,3PT Field Goal,Above the Break 3,Left Side Center(LC),27,-184,205,1
Juan Toscano-Anderson,20211119,Running Layup Shot,2PT Field Goal,Restricted Area,Center(C),1,-11,8,0
Juan Toscano-Anderson,20211119,Pullup Jump shot,3PT Field Goal,Above the Break 3,Right Side Center(RC),30,137,269,0
Juan Toscano-Anderson,20211119,Putback Layup Shot,2PT Field Goal,Restricted Area,Center(C),1,-18,6,1
Juan Toscano-Anderson,20211119,Turnaround Hook Shot,2PT Field Goal,In The Paint (Non-RA),Center(C),4,-42,13,0
Juan Toscano-Anderson,20211119,Jump Shot,3PT Field Goal,Above the Break 3,Left Side Center(LC),26,-163,211,0
Juan Toscano-Anderson,20211119,Fadeaway Jump Shot,2PT Field Goal,Restricted Area,Center(C),3,-38,7,0
Juan Toscano-Anderson,20211121,Jump Shot,3PT Field Goal,Above the Break 3,Left Side Center(LC),25,-208,153,0
Juan Toscano-Anderson,20211121,Driving Reverse Layup Shot,2PT Field Goal,Restricted Area,Center(C),3,21,22,0
Juan Toscano-Anderson,20211121,Running Dunk Shot,2PT Field Goal,Restricted Area,Center(C),3,-7,30,1
Juan Toscano-Anderson,20211124,Running Layup Shot,2PT Field Goal,Restricted Area,Center(C),3,-33,15,1
Juan Toscano-Anderson,20211124,Reverse Layup Shot,2PT Field Goal,Restricted Area,Center(C),3,-36,8,1
Juan Toscano-Anderson,20211124,Layup Shot,2PT Field Goal,In The Paint (Non-RA),Center(C),4,-42,24,1
Juan Toscano-Anderson,20211124,Driving Dunk Shot,2PT Field Goal,Restricted Area,Center(C),1,7,17,1
Juan Toscano-Anderson,20211124,Tip Dunk Shot,2PT Field Goal,Restricted Area,Center(C),0,0,0,1
Juan Toscano-Anderson,20211124,Running Reverse Layup Shot,2PT Field Goal,Restricted Area,Center(C),3,31,16,1
Juan Toscano-Anderson,20211126,Jump Shot,3PT Field Goal,Above the Break 3,Right Side Center(RC),26,146,223,0
Juan Toscano-Anderson,20211126,Driving Dunk Shot,2PT Field Goal,Restricted Area,Center(C),3,-4,38,1
Juan Toscano-Anderson,20211126,Running Layup Shot,2PT Field Goal,In The Paint (Non-RA),Center(C),4,-33,25,1
Juan Toscano-Anderson,20211126,Dunk Shot,2PT Field Goal,Restricted Area,Center(C),2,16,22,1
Juan Toscano-Anderson,20211126,Jump Shot,3PT Field Goal,Right Corner 3,Right Side(R),22,228,5,0
Juan Toscano-Anderson,20211128,Cutting Layup Shot,2PT Field Goal,Restricted Area,Center(C),1,13,10,1
Juan Toscano-Anderson,20211128,Driving Layup Shot,2PT Field Goal,Restricted Area,Center(C),1,12,11,0
Juan Toscano-Anderson,20211128,Jump Shot,3PT Field Goal,Above the Break 3,Left Side Center(LC),25,-167,187,0
Juan Toscano-Anderson,20211128,Driving Layup Shot,2PT Field Goal,Restricted Area,Center(C),1,-16,5,1
Juan Toscano-Anderson,20211130,Driving Layup Shot,2PT Field Goal,In The Paint (Non-RA),Center(C),5,54,0,1
Juan Toscano-Anderson,20211130,Tip Layup Shot,2PT Field Goal,Restricted Area,Center(C),0,0,3,0
Juan Toscano-Anderson,20211203,Cutting Dunk Shot,2PT Field Goal,Restricted Area,Center(C),3,1,30,1
Juan Toscano-Anderson,20211203,Jump Shot,3PT Field Goal,Above the Break 3,Left Side Center(LC),25,-170,192,1
Juan Toscano-Anderson,20211203,Driving Floating Jump Shot,2PT Field Goal,In The Paint (Non-RA),Center(C),5,55,8,1
Juan Toscano-Anderson,20211203,Jump Shot,3PT Field Goal,Above the Break 3,Left Side Center(LC),26,-163,204,0
Juan Toscano-Anderson,20211203,Tip Layup Shot,2PT Field Goal,Restricted Area,Center(C),0,0,0,1
Juan Toscano-Anderson,20211203,Running Layup Shot,2PT Field Goal,In The Paint (Non-RA),Center(C),5,6,57,1
Juan Toscano-Anderson,20211203,Layup Shot,2PT Field Goal,Restricted Area,Center(C),2,20,20,1
Juan Toscano-Anderson,20211203,Running Layup Shot,2PT Field Goal,In The Paint (Non-RA),Center(C),5,48,18,1
Juan Toscano-Anderson,20211204,Driving Layup Shot,2PT Field Goal,Restricted Area,Center(C),0,1,7,1
Juan Toscano-Anderson,20211204,Turnaround Jump Shot,2PT Field Goal,In The Paint (Non-RA),Center(C),6,11,64,1
Juan Toscano-Anderson,20211204,Layup Shot,2PT Field Goal,Restricted Area,Center(C),1,12,12,1
Juan Toscano-Anderson,20211204,Running Layup Shot,2PT Field Goal,Restricted Area,Center(C),1,13,8,0
Juan Toscano-Anderson,20211204,Jump Shot,3PT Field Goal,Above the Break 3,Left Side Center(LC),24,-212,124,0
Juan Toscano-Anderson,20211204,Layup Shot,2PT Field Goal,Restricted Area,Center(C),2,4,27,1
Juan Toscano-Anderson,20211204,Cutting Dunk Shot,2PT Field Goal,Restricted Area,Center(C),1,11,-7,1
Juan Toscano-Anderson,20211204,Jump Shot,3PT Field Goal,Above the Break 3,Center(C),25,-55,250,0
Juan Toscano-Anderson,20211204,Running Finger Roll Layup Shot,2PT Field Goal,Restricted Area,Center(C),1,6,8,0
Juan Toscano-Anderson,20211204,Tip Layup Shot,2PT Field Goal,Restricted Area,Center(C),0,0,0,0
Juan Toscano-Anderson,20211204,Cutting Dunk Shot,2PT Field Goal,Restricted Area,Center(C),0,7,-2,1
Juan Toscano-Anderson,20211204,Layup Shot,2PT Field Goal,Restricted Area,Center(C),2,-20,14,0
Juan Toscano-Anderson,20211206,Driving Layup Shot,2PT Field Goal,Restricted Area,Center(C),3,-37,6,1
Juan Toscano-Anderson,20211208,Reverse Layup Shot,2PT Field Goal,Restricted Area,Center(C),3,-22,28,0
Juan Toscano-Anderson,20211208,Cutting Layup Shot,2PT Field Goal,Restricted Area,Center(C),3,23,23,1
Juan Toscano-Anderson,20211208,Driving Dunk Shot,2PT Field Goal,In The Paint (Non-RA),Center(C),7,38,65,0
Juan Toscano-Anderson,20211208,Jump Shot,3PT Field Goal,Right Corner 3,Right Side(R),22,228,6,0
Juan Toscano-Anderson,20211211,Jump Shot,3PT Field Goal,Above the Break 3,Right Side Center(RC),24,161,185,0
Juan Toscano-Anderson,20211213,Driving Finger Roll Layup Shot,2PT Field Goal,Restricted Area,Center(C),2,22,6,1
Juan Toscano-Anderson,20211213,Layup Shot,2PT Field Goal,Restricted Area,Center(C),2,23,8,0
Juan Toscano-Anderson,20211214,Pullup Jump shot,2PT Field Goal,Mid-Range,Left Side Center(LC),21,-71,199,1
Juan Toscano-Anderson,20211214,Cutting Finger Roll Layup Shot,2PT Field Goal,Restricted Area,Center(C),2,7,22,0
Juan Toscano-Anderson,20211214,Driving Hook Shot,2PT Field Goal,In The Paint (Non-RA),Center(C),4,-2,42,0
Juan Toscano-Anderson,20211214,Putback Layup Shot,2PT Field Goal,Restricted Area,Center(C),2,-5,27,0
Juan Toscano-Anderson,20211218,Driving Layup Shot,2PT Field Goal,In The Paint (Non-RA),Center(C),5,-16,48,0
Juan Toscano-Anderson,20211218,Jump Shot,3PT Field Goal,Above the Break 3,Left Side Center(LC),26,-148,218,0
Juan Toscano-Anderson,20211218,Driving Finger Roll Layup Shot,2PT Field Goal,In The Paint (Non-RA),Center(C),5,29,43,1
Juan Toscano-Anderson,20211218,Cutting Layup Shot,2PT Field Goal,Restricted Area,Center(C),2,17,15,0
Juan Toscano-Anderson,20211218,Reverse Layup Shot,2PT Field Goal,Restricted Area,Center(C),2,-16,16,1
Juan Toscano-Anderson,20211218,Cutting Layup Shot,2PT Field Goal,Restricted Area,Center(C),1,11,8,1
Juan Toscano-Anderson,20211218,Jump Shot,3PT Field Goal,Above the Break 3,Left Side Center(LC),25,-173,190,0
Juan Toscano-Anderson,20211218,Floating Jump shot,3PT Field Goal,Above the Break 3,Left Side Center(LC),27,-199,193,0
Juan Toscano-Anderson,20211218,Driving Hook Shot,2PT Field Goal,In The Paint (Non-RA),Center(C),6,11,67,1
Juan Toscano-Anderson,20211220,Driving Layup Shot,2PT Field Goal,Restricted Area,Center(C),3,32,8,1
Juan Toscano-Anderson,20211220,Jump Shot,3PT Field Goal,Left Corner 3,Left Side(L),22,-228,-11,1
Juan Toscano-Anderson,20211220,Jump Shot,3PT Field Goal,Right Corner 3,Right Side(R),23,228,52,0
Juan Toscano-Anderson,20211220,Jump Shot,3PT Field Goal,Above the Break 3,Right Side Center(RC),24,218,115,0
Juan Toscano-Anderson,20211223,Driving Layup Shot,2PT Field Goal,In The Paint (Non-RA),Right Side(R),8,55,66,0
Juan Toscano-Anderson,20211223,Cutting Dunk Shot,2PT Field Goal,Restricted Area,Center(C),1,18,8,1
Juan Toscano-Anderson,20211223,Running Layup Shot,2PT Field Goal,In The Paint (Non-RA),Center(C),5,55,10,0
Juan Toscano-Anderson,20211223,Jump Shot,3PT Field Goal,Above the Break 3,Left Side Center(LC),27,-169,220,0
Juan Toscano-Anderson,20211223,Reverse Layup Shot,2PT Field Goal,Restricted Area,Center(C),3,-29,15,0
Juan Toscano-Anderson,20211223,Jump Shot,3PT Field Goal,Above the Break 3,Left Side Center(LC),27,-164,217,0
Juan Toscano-Anderson,20211223,Driving Reverse Layup Shot,2PT Field Goal,Restricted Area,Center(C),3,-21,33,1
Juan Toscano-Anderson,20211225,Driving Layup Shot,2PT Field Goal,Restricted Area,Center(C),1,-5,10,1
Juan Toscano-Anderson,20211225,Layup Shot,2PT Field Goal,Restricted Area,Center(C),1,4,11,1
Juan Toscano-Anderson,20211225,Driving Floating Jump Shot,2PT Field Goal,In The Paint (Non-RA),Right Side(R),12,76,96,0
Juan Toscano-Anderson,20211228,Jump Shot,3PT Field Goal,Above the Break 3,Left Side Center(LC),27,-183,200,0
Juan Toscano-Anderson,20211228,Driving Layup Shot,2PT Field Goal,In The Paint (Non-RA),Center(C),5,37,36,0
Juan Toscano-Anderson,20211228,Cutting Layup Shot,2PT Field Goal,Restricted Area,Center(C),2,17,17,1
Juan Toscano-Anderson,20211228,Running Dunk Shot,2PT Field Goal,Restricted Area,Center(C),1,11,16,1
Juan Toscano-Anderson,20211228,Jump Shot,3PT Field Goal,Above the Break 3,Center(C),27,-13,278,1
Juan Toscano-Anderson,20211228,Fadeaway Jump Shot,2PT Field Goal,In The Paint (Non-RA),Center(C),9,-25,87,1
Juan Toscano-Anderson,20220307,Jump Shot,3PT Field Goal,Above the Break 3,Left Side Center(LC),25,-194,166,1
Juan Toscano-Anderson,20220307,Cutting Layup Shot,2PT Field Goal,Restricted Area,Center(C),3,32,5,1
Juan Toscano-Anderson,20220307,Jump Shot,3PT Field Goal,Above the Break 3,Right Side Center(RC),24,197,143,0
Juan Toscano-Anderson,20220307,Driving Layup Shot,2PT Field Goal,In The Paint (Non-RA),Center(C),4,-39,25,0
Juan Toscano-Anderson,20220307,Jump Shot,3PT Field Goal,Right Corner 3,Right Side(R),23,230,28,1
Juan Toscano-Anderson,20220101,Running Finger Roll Layup Shot,2PT Field Goal,Restricted Area,Center(C),2,6,22,0
Juan Toscano-Anderson,20220101,Cutting Layup Shot,2PT Field Goal,Restricted Area,Center(C),2,-20,16,1
Juan Toscano-Anderson,20220103,Cutting Layup Shot,2PT Field Goal,In The Paint (Non-RA),Center(C),4,22,41,0
Juan Toscano-Anderson,20220105,Cutting Layup Shot,2PT Field Goal,Restricted Area,Center(C),1,16,9,1
Juan Toscano-Anderson,20220105,Jump Shot,3PT Field Goal,Left Corner 3,Left Side(L),22,-228,26,0
Juan Toscano-Anderson,20220105,Cutting Layup Shot,2PT Field Goal,Restricted Area,Center(C),1,10,6,0
Juan Toscano-Anderson,20220105,Reverse Layup Shot,2PT Field Goal,Restricted Area,Center(C),0,-6,3,1
Juan Toscano-Anderson,20220105,Jump Shot,3PT Field Goal,Above the Break 3,Center(C),25,0,257,0
Juan Toscano-Anderson,20220105,Driving Layup Shot,2PT Field Goal,Restricted Area,Center(C),1,-13,5,1
Juan Toscano-Anderson,20220105,Driving Dunk Shot,2PT Field Goal,Restricted Area,Center(C),0,0,7,1
Juan Toscano-Anderson,20220109,Cutting Finger Roll Layup Shot,2PT Field Goal,Restricted Area,Center(C),3,34,16,1
Juan Toscano-Anderson,20220109,Jump Shot,3PT Field Goal,Above the Break 3,Right Side Center(RC),26,115,238,0
Juan Toscano-Anderson,20220109,Driving Layup Shot,2PT Field Goal,Restricted Area,Center(C),3,-33,21,0
Juan Toscano-Anderson,20220113,Jump Shot,2PT Field Goal,Mid-Range,Left Side(L),22,-188,115,0
Juan Toscano-Anderson,20220113,Jump Shot,3PT Field Goal,Above the Break 3,Right Side Center(RC),26,172,206,0
Juan Toscano-Anderson,20220113,Jump Shot,3PT Field Goal,Above the Break 3,Right Side Center(RC),25,225,126,1
Juan Toscano-Anderson,20220113,Jump Shot,3PT Field Goal,Left Corner 3,Left Side(L),23,-230,-1,0
Juan Toscano-Anderson,20220113,Step Back Jump shot,3PT Field Goal,Above the Break 3,Left Side Center(LC),25,-115,226,1
Juan Toscano-Anderson,20220113,Jump Shot,3PT Field Goal,Above the Break 3,Left Side Center(LC),25,-141,218,1
Juan Toscano-Anderson,20220114,Jump Shot,3PT Field Goal,Left Corner 3,Left Side(L),22,-228,22,0
Juan Toscano-Anderson,20220114,Jump Shot,2PT Field Goal,Restricted Area,Center(C),2,-9,20,1
Juan Toscano-Anderson,20220114,Reverse Layup Shot,2PT Field Goal,Restricted Area,Center(C),0,5,6,1
Juan Toscano-Anderson,20220114,Jump Shot,3PT Field Goal,Above the Break 3,Right Side Center(RC),27,165,214,0
Juan Toscano-Anderson,20220114,Driving Layup Shot,2PT Field Goal,Restricted Area,Center(C),2,-20,6,0
Juan Toscano-Anderson,20220114,Pullup Jump shot,3PT Field Goal,Above the Break 3,Left Side Center(LC),25,-123,218,1
Juan Toscano-Anderson,20220116,Driving Floating Bank Jump Shot,2PT Field Goal,Mid-Range,Right Side(R),13,127,47,0
Juan Toscano-Anderson,20220116,Jump Shot,3PT Field Goal,Right Corner 3,Right Side(R),23,230,50,0
Juan Toscano-Anderson,20220116,Jump Shot,3PT Field Goal,Above the Break 3,Center(C),24,28,248,1
Juan Toscano-Anderson,20220118,Cutting Finger Roll Layup Shot,2PT Field Goal,In The Paint (Non-RA),Center(C),6,11,64,1
Juan Toscano-Anderson,20220118,Dunk Shot,2PT Field Goal,In The Paint (Non-RA),Center(C),4,18,37,0
Juan Toscano-Anderson,20220118,Jump Shot,3PT Field Goal,Above the Break 3,Right Side Center(RC),26,190,179,0
Juan Toscano-Anderson,20220118,Pullup Jump shot,3PT Field Goal,Above the Break 3,Left Side Center(LC),26,-89,245,0
Juan Toscano-Anderson,20220120,Jump Shot,3PT Field Goal,Above the Break 3,Left Side Center(LC),25,-167,197,1
Juan Toscano-Anderson,20220120,Driving Layup Shot,2PT Field Goal,In The Paint (Non-RA),Center(C),7,65,43,0
Juan Toscano-Anderson,20220120,Jump Shot,3PT Field Goal,Above the Break 3,Center(C),26,-51,255,0
Juan Toscano-Anderson,20220120,Cutting Dunk Shot,2PT Field Goal,Restricted Area,Center(C),1,6,16,1
Juan Toscano-Anderson,20220120,Jump Shot,3PT Field Goal,Above the Break 3,Right Side Center(RC),26,183,197,0
Juan Toscano-Anderson,20220125,Driving Layup Shot,2PT Field Goal,In The Paint (Non-RA),Center(C),7,55,58,0
Juan Toscano-Anderson,20220125,Jump Shot,3PT Field Goal,Above the Break 3,Left Side Center(LC),25,-156,203,0
Juan Toscano-Anderson,20220125,Cutting Layup Shot,2PT Field Goal,In The Paint (Non-RA),Center(C),4,39,22,0
Juan Toscano-Anderson,20220125,Putback Layup Shot,2PT Field Goal,Restricted Area,Center(C),0,0,0,1
Juan Toscano-Anderson,20220129,Driving Layup Shot,2PT Field Goal,In The Paint (Non-RA),Center(C),5,34,41,0
Juan Toscano-Anderson,20220129,Driving Reverse Layup Shot,2PT Field Goal,Restricted Area,Center(C),3,-29,25,1
Juan Toscano-Anderson,20220129,Reverse Layup Shot,2PT Field Goal,Restricted Area,Center(C),3,31,13,1
Juan Toscano-Anderson,20220131,Jump Shot,3PT Field Goal,Above the Break 3,Left Side Center(LC),27,-156,222,0
Juan Toscano-Anderson,20220131,Cutting Dunk Shot,2PT Field Goal,Restricted Area,Center(C),2,-6,20,1
Juan Toscano-Anderson,20220131,Running Layup Shot,2PT Field Goal,Restricted Area,Center(C),1,7,9,1
Juan Toscano-Anderson,20220131,Cutting Layup Shot,2PT Field Goal,Restricted Area,Center(C),2,21,10,1
Juan Toscano-Anderson,20220131,Cutting Layup Shot,2PT Field Goal,Restricted Area,Center(C),2,23,12,1
Juan Toscano-Anderson,20220201,Driving Layup Shot,2PT Field Goal,Restricted Area,Center(C),2,23,15,0
Juan Toscano-Anderson,20220201,Running Reverse Layup Shot,2PT Field Goal,Restricted Area,Center(C),1,-17,5,1
Juan Toscano-Anderson,20220201,Turnaround Jump Shot,2PT Field Goal,Restricted Area,Center(C),2,-9,27,1
Juan Toscano-Anderson,20220201,Layup Shot,2PT Field Goal,Restricted Area,Center(C),0,9,4,0
Juan Toscano-Anderson,20220201,Putback Layup Shot,2PT Field Goal,Restricted Area,Center(C),1,-12,-1,1
Juan Toscano-Anderson,20220201,Driving Finger Roll Layup Shot,2PT Field Goal,Restricted Area,Center(C),0,6,6,0
Juan Toscano-Anderson,20220201,Jump Shot,3PT Field Goal,Above the Break 3,Left Side Center(LC),25,-186,174,0
Juan Toscano-Anderson,20220201,Cutting Layup Shot,2PT Field Goal,Restricted Area,Center(C),1,16,-1,0
Juan Toscano-Anderson,20220201,Cutting Layup Shot,2PT Field Goal,Restricted Area,Center(C),2,-22,12,0
Juan Toscano-Anderson,20220203,Jump Shot,3PT Field Goal,Above the Break 3,Center(C),27,-69,270,1
Juan Toscano-Anderson,20220203,Driving Dunk Shot,2PT Field Goal,Restricted Area,Center(C),3,33,17,0
Juan Toscano-Anderson,20220203,Running Dunk Shot,2PT Field Goal,Restricted Area,Center(C),2,2,24,1
Juan Toscano-Anderson,20220203,Pullup Jump shot,3PT Field Goal,Above the Break 3,Center(C),25,-11,258,1
Juan Toscano-Anderson,20220203,Driving Layup Shot,2PT Field Goal,In The Paint (Non-RA),Center(C),5,36,42,0
Juan Toscano-Anderson,20220209,Reverse Layup Shot,2PT Field Goal,Restricted Area,Center(C),2,-22,-4,1
Juan Toscano-Anderson,20220209,Driving Reverse Layup Shot,2PT Field Goal,Restricted Area,Center(C),0,-6,-1,0
Juan Toscano-Anderson,20220209,Jump Shot,3PT Field Goal,Above the Break 3,Left Side Center(LC),24,-185,164,0
Juan Toscano-Anderson,20220209,Turnaround Fadeaway shot,2PT Field Goal,Restricted Area,Center(C),3,-26,25,0
Juan Toscano-Anderson,20220209,Jump Shot,3PT Field Goal,Above the Break 3,Left Side Center(LC),25,-135,221,0
Juan Toscano-Anderson,20220209,Jump Shot,3PT Field Goal,Right Corner 3,Right Side(R),22,225,44,1
Juan Toscano-Anderson,20220209,Jump Shot,3PT Field Goal,Above the Break 3,Center(C),25,-18,258,1
Juan Toscano-Anderson,20220209,Jump Shot,3PT Field Goal,Above the Break 3,Center(C),25,-4,254,1
Juan Toscano-Anderson,20220209,Jump Shot,3PT Field Goal,Above the Break 3,Left Side Center(LC),26,-165,205,0
Juan Toscano-Anderson,20220210,Layup Shot,2PT Field Goal,In The Paint (Non-RA),Center(C),4,39,21,1
Juan Toscano-Anderson,20220212,Jump Shot,3PT Field Goal,Backcourt,Back Court(BC),52,-70,518,0
Juan Toscano-Anderson,20220224,Pullup Jump shot,3PT Field Goal,Above the Break 3,Left Side Center(LC),25,-197,155,0
Juan Toscano-Anderson,20220224,Reverse Layup Shot,2PT Field Goal,Restricted Area,Center(C),3,-26,18,1
Juan Toscano-Anderson,20220224,Jump Shot,3PT Field Goal,Above the Break 3,Right Side Center(RC),25,211,136,1
Juan Toscano-Anderson,20220224,Jump Shot,3PT Field Goal,Above the Break 3,Left Side Center(LC),25,-232,111,0
Juan Toscano-Anderson,20220301,Driving Layup Shot,2PT Field Goal,Restricted Area,Center(C),2,20,15,1
Juan Toscano-Anderson,20220301,Jump Shot,3PT Field Goal,Left Corner 3,Left Side(L),23,-230,5,0
Juan Toscano-Anderson,20220301,Jump Shot,3PT Field Goal,Above the Break 3,Right Side Center(RC),24,225,106,0
Juan Toscano-Anderson,20220305,Layup Shot,2PT Field Goal,In The Paint (Non-RA),Center(C),5,-32,44,0
Juan Toscano-Anderson,20220305,Driving Layup Shot,2PT Field Goal,In The Paint (Non-RA),Center(C),4,28,29,1
Juan Toscano-Anderson,20220305,Layup Shot,2PT Field Goal,In The Paint (Non-RA),Center(C),4,-22,35,0
Juan Toscano-Anderson,20220310,Running Layup Shot,2PT Field Goal,In The Paint (Non-RA),Center(C),5,-45,27,0
Juan Toscano-Anderson,20220310,Driving Finger Roll Layup Shot,2PT Field Goal,Restricted Area,Center(C),3,-6,37,0
Juan Toscano-Anderson,20220312,Jump Shot,3PT Field Goal,Left Corner 3,Left Side(L),22,-229,-6,0
Juan Toscano-Anderson,20220316,Jump Shot,3PT Field Goal,Above the Break 3,Center(C),27,-26,269,0
Juan Toscano-Anderson,20220316,Cutting Finger Roll Layup Shot,2PT Field Goal,In The Paint (Non-RA),Center(C),4,5,48,1
Juan Toscano-Anderson,20220316,Jump Shot,3PT Field Goal,Left Corner 3,Left Side(L),23,-238,2,1
Juan Toscano-Anderson,20220316,Driving Layup Shot,2PT Field Goal,In The Paint (Non-RA),Center(C),4,42,22,1
Juan Toscano-Anderson,20220328,Step Back Jump shot,2PT Field Goal,Mid-Range,Center(C),18,26,188,0
Juan Toscano-Anderson,20220328,Driving Reverse Layup Shot,2PT Field Goal,Restricted Area,Center(C),1,-11,16,0
Juan Toscano-Anderson,20220328,Running Finger Roll Layup Shot,2PT Field Goal,Restricted Area,Center(C),0,4,3,1
Juan Toscano-Anderson,20220403,Running Layup Shot,2PT Field Goal,Restricted Area,Center(C),2,20,22,0
Juan Toscano-Anderson,20220403,Cutting Layup Shot,2PT Field Goal,Restricted Area,Center(C),2,-27,11,1
Juan Toscano-Anderson,20220403,Jump Shot,3PT Field Goal,Right Corner 3,Right Side(R),23,234,16,0
Juan Toscano-Anderson,20220403,Running Layup Shot,2PT Field Goal,Restricted Area,Center(C),1,12,-4,1
Juan Toscano-Anderson,20220410,Driving Layup Shot,2PT Field Goal,Restricted Area,Center(C),1,15,1,1
Juan Toscano-Anderson,20220410,Jump Shot,3PT Field Goal,Above the Break 3,Right Side Center(RC),24,134,211,1
Juan Toscano-Anderson,20220410,Reverse Layup Shot,2PT Field Goal,Restricted Area,Center(C),1,12,7,0
Juan Toscano-Anderson,20220410,Pullup Jump shot,3PT Field Goal,Above the Break 3,Center(C),27,-13,274,1
